{
"type": "FeatureCollection",
"name": "fuelBoston",
"crs": { "type": "name", "properties": { "name": "urn:ogc:def:crs:EPSG::26986" } },
"features": [
{ "type": "Feature", "properties": { "newname": "0_Unknown", "element": "node" }, "geometry": { "type": "Polygon", "coordinates": [ [ [ 231659.142590137664229, 892220.926289276219904 ], [ 231657.938771805725992, 892196.422004193882458 ], [ 231654.338910238468088, 892172.153708772151731 ], [ 231648.377674070710782, 892148.355119962594472 ], [ 231640.112473265471635, 892125.255431184894405 ], [ 231629.622906224743929, 892103.077105069765821 ], [ 231617.009993213287089, 892082.03373102133628 ], [ 231602.395203478343319, 892062.327968235360458 ], [ 231585.919285434298217, 892044.149593979585916 ], [ 231567.740911178581882, 892027.673675935482606 ], [ 231548.035148392576957, 892013.058886200538836 ], [ 231526.99177434417652, 892000.445973189081997 ], [ 231504.81344822893152, 891989.956406148383394 ], [ 231481.713759451289661, 891981.691205343115143 ], [ 231457.915170641703298, 891975.729969175416045 ], [ 231433.646875220059883, 891972.130107608158141 ], [ 231409.142590137664229, 891970.926289276219904 ], [ 231384.638305055268575, 891972.130107608158141 ], [ 231360.370009633625159, 891975.729969175416045 ], [ 231336.571420824038796, 891981.691205343115143 ], [ 231313.471732046396937, 891989.956406148383394 ], [ 231291.293405931151938, 892000.445973189081997 ], [ 231270.2500318827515, 892013.058886200538836 ], [ 231250.544269096746575, 892027.673675935482606 ], [ 231232.36589484103024, 892044.149593979585916 ], [ 231215.889976796985138, 892062.327968235360458 ], [ 231201.275187062041368, 892082.03373102133628 ], [ 231188.662274050584529, 892103.077105069765821 ], [ 231178.172707009856822, 892125.255431184894405 ], [ 231169.907506204617675, 892148.355119962594472 ], [ 231163.946270036860369, 892172.153708772151731 ], [ 231160.346408469602466, 892196.422004193882458 ], [ 231159.142590137664229, 892220.926289276219904 ], [ 231160.346408469602466, 892245.430574358557351 ], [ 231163.946270036860369, 892269.698869780288078 ], [ 231169.907506204617675, 892293.497458589845337 ], [ 231178.172707009856822, 892316.597147367545404 ], [ 231188.662274050584529, 892338.775473482673988 ], [ 231201.275187062041368, 892359.818847531103529 ], [ 231215.889976796985138, 892379.52461031707935 ], [ 231232.36589484103024, 892397.702984572853893 ], [ 231250.544269096746575, 892414.178902616957203 ], [ 231270.2500318827515, 892428.793692351900972 ], [ 231291.293405931151938, 892441.406605363357812 ], [ 231313.471732046396937, 892451.896172404056415 ], [ 231336.571420824038796, 892460.161373209324665 ], [ 231360.370009633625159, 892466.122609377023764 ], [ 231384.638305055268575, 892469.722470944281667 ], [ 231409.142590137664229, 892470.926289276219904 ], [ 231433.646875220059883, 892469.722470944281667 ], [ 231457.915170641703298, 892466.122609377023764 ], [ 231481.713759451289661, 892460.161373209324665 ], [ 231504.81344822893152, 892451.896172404056415 ], [ 231526.99177434417652, 892441.406605363357812 ], [ 231548.035148392576957, 892428.793692351900972 ], [ 231567.740911178581882, 892414.178902616957203 ], [ 231585.919285434298217, 892397.702984572853893 ], [ 231602.395203478343319, 892379.52461031707935 ], [ 231617.009993213287089, 892359.818847531103529 ], [ 231629.622906224743929, 892338.775473482673988 ], [ 231640.112473265471635, 892316.597147367545404 ], [ 231648.377674070710782, 892293.497458589845337 ], [ 231654.338910238468088, 892269.698869780288078 ], [ 231657.938771805725992, 892245.430574358557351 ], [ 231659.142590137664229, 892220.926289276219904 ] ] ] } },
{ "type": "Feature", "properties": { "newname": "1_Shell", "element": "node" }, "geometry": { "type": "Polygon", "coordinates": [ [ [ 231041.480912755883764, 900926.665771020227112 ], [ 231040.277094423945528, 900902.161485937889665 ], [ 231036.677232856687624, 900877.893190516158938 ], [ 231030.715996688930318, 900854.094601706601679 ], [ 231022.450795883691171, 900830.994912928901613 ], [ 231011.961228842963465, 900808.816586813773029 ], [ 230999.348315831506625, 900787.773212765343487 ], [ 230984.733526096562855, 900768.067449979367666 ], [ 230968.257608052517753, 900749.889075723593123 ], [ 230950.079233796801418, 900733.413157679489814 ], [ 230930.373471010796493, 900718.798367944546044 ], [ 230909.330096962396055, 900706.185454933089204 ], [ 230887.151770847151056, 900695.695887892390601 ], [ 230864.052082069509197, 900687.430687087122351 ], [ 230840.253493259922834, 900681.469450919423252 ], [ 230815.985197838279419, 900677.869589352165349 ], [ 230791.480912755883764, 900676.665771020227112 ], [ 230766.97662767348811, 900677.869589352165349 ], [ 230742.708332251844695, 900681.469450919423252 ], [ 230718.909743442258332, 900687.430687087122351 ], [ 230695.810054664616473, 900695.695887892390601 ], [ 230673.631728549371473, 900706.185454933089204 ], [ 230652.588354500971036, 900718.798367944546044 ], [ 230632.882591714966111, 900733.413157679489814 ], [ 230614.704217459249776, 900749.889075723593123 ], [ 230598.228299415204674, 900768.067449979367666 ], [ 230583.613509680260904, 900787.773212765343487 ], [ 230571.000596668804064, 900808.816586813773029 ], [ 230560.511029628076358, 900830.994912928901613 ], [ 230552.245828822837211, 900854.094601706601679 ], [ 230546.284592655079905, 900877.893190516158938 ], [ 230542.684731087822001, 900902.161485937889665 ], [ 230541.480912755883764, 900926.665771020227112 ], [ 230542.684731087822001, 900951.170056102564558 ], [ 230546.284592655079905, 900975.438351524295285 ], [ 230552.245828822837211, 900999.236940333852544 ], [ 230560.511029628076358, 901022.336629111552611 ], [ 230571.000596668804064, 901044.514955226681195 ], [ 230583.613509680260904, 901065.558329275110736 ], [ 230598.228299415204674, 901085.264092061086558 ], [ 230614.704217459249776, 901103.4424663168611 ], [ 230632.882591714966111, 901119.91838436096441 ], [ 230652.588354500971036, 901134.53317409590818 ], [ 230673.631728549371473, 901147.14608710736502 ], [ 230695.810054664616473, 901157.635654148063622 ], [ 230718.909743442258332, 901165.900854953331873 ], [ 230742.708332251844695, 901171.862091121030971 ], [ 230766.97662767348811, 901175.461952688288875 ], [ 230791.480912755883764, 901176.665771020227112 ], [ 230815.985197838279419, 901175.461952688288875 ], [ 230840.253493259922834, 901171.862091121030971 ], [ 230864.052082069509197, 901165.900854953331873 ], [ 230887.151770847151056, 901157.635654148063622 ], [ 230909.330096962396055, 901147.14608710736502 ], [ 230930.373471010796493, 901134.53317409590818 ], [ 230950.079233796801418, 901119.91838436096441 ], [ 230968.257608052517753, 901103.4424663168611 ], [ 230984.733526096562855, 901085.264092061086558 ], [ 230999.348315831506625, 901065.558329275110736 ], [ 231011.961228842963465, 901044.514955226681195 ], [ 231022.450795883691171, 901022.336629111552611 ], [ 231030.715996688930318, 900999.236940333852544 ], [ 231036.677232856687624, 900975.438351524295285 ], [ 231040.277094423945528, 900951.170056102564558 ], [ 231041.480912755883764, 900926.665771020227112 ] ] ] } },
{ "type": "Feature", "properties": { "newname": "2_Columbia Road Gulf", "element": "node" }, "geometry": { "type": "Polygon", "coordinates": [ [ [ 236806.789214756659931, 896773.460711810737848 ], [ 236805.585396424721694, 896748.956426728400402 ], [ 236801.98553485746379, 896724.688131306669675 ], [ 236796.024298689706484, 896700.889542497112416 ], [ 236787.759097884467337, 896677.789853719412349 ], [ 236777.269530843739631, 896655.611527604283765 ], [ 236764.656617832282791, 896634.568153555854224 ], [ 236750.041828097339021, 896614.862390769878402 ], [ 236733.565910053293919, 896596.68401651410386 ], [ 236715.387535797577584, 896580.20809847000055 ], [ 236695.681773011572659, 896565.59330873505678 ], [ 236674.638398963172222, 896552.980395723599941 ], [ 236652.460072847927222, 896542.490828682901338 ], [ 236629.360384070285363, 896534.225627877633087 ], [ 236605.561795260699, 896528.264391709933989 ], [ 236581.293499839055585, 896524.664530142676085 ], [ 236556.789214756659931, 896523.460711810737848 ], [ 236532.284929674264276, 896524.664530142676085 ], [ 236508.016634252620861, 896528.264391709933989 ], [ 236484.218045443034498, 896534.225627877633087 ], [ 236461.118356665392639, 896542.490828682901338 ], [ 236438.94003055014764, 896552.980395723599941 ], [ 236417.896656501747202, 896565.59330873505678 ], [ 236398.190893715742277, 896580.20809847000055 ], [ 236380.012519460025942, 896596.68401651410386 ], [ 236363.53660141598084, 896614.862390769878402 ], [ 236348.92181168103707, 896634.568153555854224 ], [ 236336.30889866958023, 896655.611527604283765 ], [ 236325.819331628852524, 896677.789853719412349 ], [ 236317.554130823613377, 896700.889542497112416 ], [ 236311.592894655856071, 896724.688131306669675 ], [ 236307.993033088598168, 896748.956426728400402 ], [ 236306.789214756659931, 896773.460711810737848 ], [ 236307.993033088598168, 896797.964996893075295 ], [ 236311.592894655856071, 896822.233292314806022 ], [ 236317.554130823613377, 896846.031881124363281 ], [ 236325.819331628852524, 896869.131569902063347 ], [ 236336.30889866958023, 896891.309896017191932 ], [ 236348.92181168103707, 896912.353270065621473 ], [ 236363.53660141598084, 896932.059032851597294 ], [ 236380.012519460025942, 896950.237407107371837 ], [ 236398.190893715742277, 896966.713325151475146 ], [ 236417.896656501747202, 896981.328114886418916 ], [ 236438.94003055014764, 896993.941027897875756 ], [ 236461.118356665392639, 897004.430594938574359 ], [ 236484.218045443034498, 897012.695795743842609 ], [ 236508.016634252620861, 897018.657031911541708 ], [ 236532.284929674264276, 897022.256893478799611 ], [ 236556.789214756659931, 897023.460711810737848 ], [ 236581.293499839055585, 897022.256893478799611 ], [ 236605.561795260699, 897018.657031911541708 ], [ 236629.360384070285363, 897012.695795743842609 ], [ 236652.460072847927222, 897004.430594938574359 ], [ 236674.638398963172222, 896993.941027897875756 ], [ 236695.681773011572659, 896981.328114886418916 ], [ 236715.387535797577584, 896966.713325151475146 ], [ 236733.565910053293919, 896950.237407107371837 ], [ 236750.041828097339021, 896932.059032851597294 ], [ 236764.656617832282791, 896912.353270065621473 ], [ 236777.269530843739631, 896891.309896017191932 ], [ 236787.759097884467337, 896869.131569902063347 ], [ 236796.024298689706484, 896846.031881124363281 ], [ 236801.98553485746379, 896822.233292314806022 ], [ 236805.585396424721694, 896797.964996893075295 ], [ 236806.789214756659931, 896773.460711810737848 ] ] ] } },
{ "type": "Feature", "properties": { "newname": "3_Shell", "element": "node" }, "geometry": { "type": "Polygon", "coordinates": [ [ [ 228714.80624983436428, 893936.817592529812828 ], [ 228713.602431502426043, 893912.313307447475381 ], [ 228710.00256993516814, 893888.045012025744654 ], [ 228704.041333767410833, 893864.246423216187395 ], [ 228695.776132962171687, 893841.146734438487329 ], [ 228685.28656592144398, 893818.968408323358744 ], [ 228672.67365290998714, 893797.925034274929203 ], [ 228658.058863175043371, 893778.219271488953382 ], [ 228641.582945130998269, 893760.040897233178839 ], [ 228623.404570875281934, 893743.56497918907553 ], [ 228603.698808089277009, 893728.95018945413176 ], [ 228582.655434040876571, 893716.33727644267492 ], [ 228560.477107925631572, 893705.847709401976317 ], [ 228537.377419147989713, 893697.582508596708067 ], [ 228513.57883033840335, 893691.621272429008968 ], [ 228489.310534916759934, 893688.021410861751065 ], [ 228464.80624983436428, 893686.817592529812828 ], [ 228440.301964751968626, 893688.021410861751065 ], [ 228416.03366933032521, 893691.621272429008968 ], [ 228392.235080520738848, 893697.582508596708067 ], [ 228369.135391743096989, 893705.847709401976317 ], [ 228346.957065627851989, 893716.33727644267492 ], [ 228325.913691579451552, 893728.95018945413176 ], [ 228306.207928793446627, 893743.56497918907553 ], [ 228288.029554537730291, 893760.040897233178839 ], [ 228271.55363649368519, 893778.219271488953382 ], [ 228256.93884675874142, 893797.925034274929203 ], [ 228244.32593374728458, 893818.968408323358744 ], [ 228233.836366706556873, 893841.146734438487329 ], [ 228225.571165901317727, 893864.246423216187395 ], [ 228219.609929733560421, 893888.045012025744654 ], [ 228216.010068166302517, 893912.313307447475381 ], [ 228214.80624983436428, 893936.817592529812828 ], [ 228216.010068166302517, 893961.321877612150274 ], [ 228219.609929733560421, 893985.590173033881001 ], [ 228225.571165901317727, 894009.38876184343826 ], [ 228233.836366706556873, 894032.488450621138327 ], [ 228244.32593374728458, 894054.666776736266911 ], [ 228256.93884675874142, 894075.710150784696452 ], [ 228271.55363649368519, 894095.415913570672274 ], [ 228288.029554537730291, 894113.594287826446816 ], [ 228306.207928793446627, 894130.070205870550126 ], [ 228325.913691579451552, 894144.684995605493896 ], [ 228346.957065627851989, 894157.297908616950735 ], [ 228369.135391743096989, 894167.787475657649338 ], [ 228392.235080520738848, 894176.052676462917589 ], [ 228416.03366933032521, 894182.013912630616687 ], [ 228440.301964751968626, 894185.613774197874591 ], [ 228464.80624983436428, 894186.817592529812828 ], [ 228489.310534916759934, 894185.613774197874591 ], [ 228513.57883033840335, 894182.013912630616687 ], [ 228537.377419147989713, 894176.052676462917589 ], [ 228560.477107925631572, 894167.787475657649338 ], [ 228582.655434040876571, 894157.297908616950735 ], [ 228603.698808089277009, 894144.684995605493896 ], [ 228623.404570875281934, 894130.070205870550126 ], [ 228641.582945130998269, 894113.594287826446816 ], [ 228658.058863175043371, 894095.415913570672274 ], [ 228672.67365290998714, 894075.710150784696452 ], [ 228685.28656592144398, 894054.666776736266911 ], [ 228695.776132962171687, 894032.488450621138327 ], [ 228704.041333767410833, 894009.38876184343826 ], [ 228710.00256993516814, 893985.590173033881001 ], [ 228713.602431502426043, 893961.321877612150274 ], [ 228714.80624983436428, 893936.817592529812828 ] ] ] } },
{ "type": "Feature", "properties": { "newname": "4_Unknown", "element": "node" }, "geometry": { "type": "Polygon", "coordinates": [ [ [ 228579.564300391997676, 890218.832329315715469 ], [ 228578.360482060059439, 890194.328044233378023 ], [ 228574.760620492801536, 890170.059748811647296 ], [ 228568.79938432504423, 890146.261160002090037 ], [ 228560.534183519805083, 890123.16147122438997 ], [ 228550.044616479077376, 890100.983145109261386 ], [ 228537.431703467620537, 890079.939771060831845 ], [ 228522.816913732676767, 890060.234008274856023 ], [ 228506.340995688631665, 890042.055634019081481 ], [ 228488.16262143291533, 890025.579715974978171 ], [ 228468.456858646910405, 890010.964926240034401 ], [ 228447.413484598509967, 889998.352013228577562 ], [ 228425.235158483264968, 889987.862446187878959 ], [ 228402.135469705623109, 889979.597245382610708 ], [ 228378.336880896036746, 889973.63600921491161 ], [ 228354.068585474393331, 889970.036147647653706 ], [ 228329.564300391997676, 889968.832329315715469 ], [ 228305.060015309602022, 889970.036147647653706 ], [ 228280.791719887958607, 889973.63600921491161 ], [ 228256.993131078372244, 889979.597245382610708 ], [ 228233.893442300730385, 889987.862446187878959 ], [ 228211.715116185485385, 889998.352013228577562 ], [ 228190.671742137084948, 890010.964926240034401 ], [ 228170.965979351080023, 890025.579715974978171 ], [ 228152.787605095363688, 890042.055634019081481 ], [ 228136.311687051318586, 890060.234008274856023 ], [ 228121.696897316374816, 890079.939771060831845 ], [ 228109.083984304917976, 890100.983145109261386 ], [ 228098.59441726419027, 890123.16147122438997 ], [ 228090.329216458951123, 890146.261160002090037 ], [ 228084.367980291193817, 890170.059748811647296 ], [ 228080.768118723935913, 890194.328044233378023 ], [ 228079.564300391997676, 890218.832329315715469 ], [ 228080.768118723935913, 890243.336614398052916 ], [ 228084.367980291193817, 890267.604909819783643 ], [ 228090.329216458951123, 890291.403498629340902 ], [ 228098.59441726419027, 890314.503187407040969 ], [ 228109.083984304917976, 890336.681513522169553 ], [ 228121.696897316374816, 890357.724887570599094 ], [ 228136.311687051318586, 890377.430650356574915 ], [ 228152.787605095363688, 890395.609024612349458 ], [ 228170.965979351080023, 890412.084942656452768 ], [ 228190.671742137084948, 890426.699732391396537 ], [ 228211.715116185485385, 890439.312645402853377 ], [ 228233.893442300730385, 890449.80221244355198 ], [ 228256.993131078372244, 890458.06741324882023 ], [ 228280.791719887958607, 890464.028649416519329 ], [ 228305.060015309602022, 890467.628510983777232 ], [ 228329.564300391997676, 890468.832329315715469 ], [ 228354.068585474393331, 890467.628510983777232 ], [ 228378.336880896036746, 890464.028649416519329 ], [ 228402.135469705623109, 890458.06741324882023 ], [ 228425.235158483264968, 890449.80221244355198 ], [ 228447.413484598509967, 890439.312645402853377 ], [ 228468.456858646910405, 890426.699732391396537 ], [ 228488.16262143291533, 890412.084942656452768 ], [ 228506.340995688631665, 890395.609024612349458 ], [ 228522.816913732676767, 890377.430650356574915 ], [ 228537.431703467620537, 890357.724887570599094 ], [ 228550.044616479077376, 890336.681513522169553 ], [ 228560.534183519805083, 890314.503187407040969 ], [ 228568.79938432504423, 890291.403498629340902 ], [ 228574.760620492801536, 890267.604909819783643 ], [ 228578.360482060059439, 890243.336614398052916 ], [ 228579.564300391997676, 890218.832329315715469 ] ] ] } },
{ "type": "Feature", "properties": { "newname": "5_Speedway", "element": "node" }, "geometry": { "type": "Polygon", "coordinates": [ [ [ 228206.460631008405471, 889812.459577561705373 ], [ 228205.256812676467234, 889787.955292479367927 ], [ 228201.656951109209331, 889763.6869970576372 ], [ 228195.695714941452025, 889739.888408248079941 ], [ 228187.430514136212878, 889716.788719470379874 ], [ 228176.940947095485171, 889694.61039335525129 ], [ 228164.328034084028332, 889673.567019306821749 ], [ 228149.713244349084562, 889653.861256520845927 ], [ 228133.23732630503946, 889635.682882265071385 ], [ 228115.058952049323125, 889619.206964220968075 ], [ 228095.3531892633182, 889604.592174486024305 ], [ 228074.309815214917762, 889591.979261474567465 ], [ 228052.131489099672763, 889581.489694433868863 ], [ 228029.031800322030904, 889573.224493628600612 ], [ 228005.233211512444541, 889567.263257460901514 ], [ 227980.964916090801125, 889563.66339589364361 ], [ 227956.460631008405471, 889562.459577561705373 ], [ 227931.956345926009817, 889563.66339589364361 ], [ 227907.688050504366402, 889567.263257460901514 ], [ 227883.889461694780039, 889573.224493628600612 ], [ 227860.78977291713818, 889581.489694433868863 ], [ 227838.61144680189318, 889591.979261474567465 ], [ 227817.568072753492743, 889604.592174486024305 ], [ 227797.862309967487818, 889619.206964220968075 ], [ 227779.683935711771483, 889635.682882265071385 ], [ 227763.208017667726381, 889653.861256520845927 ], [ 227748.593227932782611, 889673.567019306821749 ], [ 227735.980314921325771, 889694.61039335525129 ], [ 227725.490747880598065, 889716.788719470379874 ], [ 227717.225547075358918, 889739.888408248079941 ], [ 227711.264310907601612, 889763.6869970576372 ], [ 227707.664449340343708, 889787.955292479367927 ], [ 227706.460631008405471, 889812.459577561705373 ], [ 227707.664449340343708, 889836.96386264404282 ], [ 227711.264310907601612, 889861.232158065773547 ], [ 227717.225547075358918, 889885.030746875330806 ], [ 227725.490747880598065, 889908.130435653030872 ], [ 227735.980314921325771, 889930.308761768159457 ], [ 227748.593227932782611, 889951.352135816588998 ], [ 227763.208017667726381, 889971.057898602564819 ], [ 227779.683935711771483, 889989.236272858339362 ], [ 227797.862309967487818, 890005.712190902442671 ], [ 227817.568072753492743, 890020.326980637386441 ], [ 227838.61144680189318, 890032.939893648843281 ], [ 227860.78977291713818, 890043.429460689541884 ], [ 227883.889461694780039, 890051.694661494810134 ], [ 227907.688050504366402, 890057.655897662509233 ], [ 227931.956345926009817, 890061.255759229767136 ], [ 227956.460631008405471, 890062.459577561705373 ], [ 227980.964916090801125, 890061.255759229767136 ], [ 228005.233211512444541, 890057.655897662509233 ], [ 228029.031800322030904, 890051.694661494810134 ], [ 228052.131489099672763, 890043.429460689541884 ], [ 228074.309815214917762, 890032.939893648843281 ], [ 228095.3531892633182, 890020.326980637386441 ], [ 228115.058952049323125, 890005.712190902442671 ], [ 228133.23732630503946, 889989.236272858339362 ], [ 228149.713244349084562, 889971.057898602564819 ], [ 228164.328034084028332, 889951.352135816588998 ], [ 228176.940947095485171, 889930.308761768159457 ], [ 228187.430514136212878, 889908.130435653030872 ], [ 228195.695714941452025, 889885.030746875330806 ], [ 228201.656951109209331, 889861.232158065773547 ], [ 228205.256812676467234, 889836.96386264404282 ], [ 228206.460631008405471, 889812.459577561705373 ] ] ] } },
{ "type": "Feature", "properties": { "newname": "6_Speedway", "element": "node" }, "geometry": { "type": "Polygon", "coordinates": [ [ [ 228979.055327685287921, 893078.574096450582147 ], [ 228977.851509353349684, 893054.0698113682447 ], [ 228974.25164778609178, 893029.801515946513973 ], [ 228968.290411618334474, 893006.002927136956714 ], [ 228960.025210813095327, 892982.903238359256648 ], [ 228949.535643772367621, 892960.724912244128063 ], [ 228936.922730760910781, 892939.681538195698522 ], [ 228922.307941025967011, 892919.975775409722701 ], [ 228905.832022981921909, 892901.797401153948158 ], [ 228887.653648726205574, 892885.321483109844849 ], [ 228867.947885940200649, 892870.706693374901079 ], [ 228846.904511891800212, 892858.093780363444239 ], [ 228824.726185776555212, 892847.604213322745636 ], [ 228801.626496998913353, 892839.339012517477386 ], [ 228777.82790818932699, 892833.377776349778287 ], [ 228753.559612767683575, 892829.777914782520384 ], [ 228729.055327685287921, 892828.574096450582147 ], [ 228704.551042602892267, 892829.777914782520384 ], [ 228680.282747181248851, 892833.377776349778287 ], [ 228656.484158371662488, 892839.339012517477386 ], [ 228633.384469594020629, 892847.604213322745636 ], [ 228611.20614347877563, 892858.093780363444239 ], [ 228590.162769430375192, 892870.706693374901079 ], [ 228570.457006644370267, 892885.321483109844849 ], [ 228552.278632388653932, 892901.797401153948158 ], [ 228535.80271434460883, 892919.975775409722701 ], [ 228521.18792460966506, 892939.681538195698522 ], [ 228508.575011598208221, 892960.724912244128063 ], [ 228498.085444557480514, 892982.903238359256648 ], [ 228489.820243752241367, 893006.002927136956714 ], [ 228483.859007584484061, 893029.801515946513973 ], [ 228480.259146017226158, 893054.0698113682447 ], [ 228479.055327685287921, 893078.574096450582147 ], [ 228480.259146017226158, 893103.078381532919593 ], [ 228483.859007584484061, 893127.34667695465032 ], [ 228489.820243752241367, 893151.145265764207579 ], [ 228498.085444557480514, 893174.244954541907646 ], [ 228508.575011598208221, 893196.42328065703623 ], [ 228521.18792460966506, 893217.466654705465771 ], [ 228535.80271434460883, 893237.172417491441593 ], [ 228552.278632388653932, 893255.350791747216135 ], [ 228570.457006644370267, 893271.826709791319445 ], [ 228590.162769430375192, 893286.441499526263215 ], [ 228611.20614347877563, 893299.054412537720054 ], [ 228633.384469594020629, 893309.543979578418657 ], [ 228656.484158371662488, 893317.809180383686908 ], [ 228680.282747181248851, 893323.770416551386006 ], [ 228704.551042602892267, 893327.37027811864391 ], [ 228729.055327685287921, 893328.574096450582147 ], [ 228753.559612767683575, 893327.37027811864391 ], [ 228777.82790818932699, 893323.770416551386006 ], [ 228801.626496998913353, 893317.809180383686908 ], [ 228824.726185776555212, 893309.543979578418657 ], [ 228846.904511891800212, 893299.054412537720054 ], [ 228867.947885940200649, 893286.441499526263215 ], [ 228887.653648726205574, 893271.826709791319445 ], [ 228905.832022981921909, 893255.350791747216135 ], [ 228922.307941025967011, 893237.172417491441593 ], [ 228936.922730760910781, 893217.466654705465771 ], [ 228949.535643772367621, 893196.42328065703623 ], [ 228960.025210813095327, 893174.244954541907646 ], [ 228968.290411618334474, 893151.145265764207579 ], [ 228974.25164778609178, 893127.34667695465032 ], [ 228977.851509353349684, 893103.078381532919593 ], [ 228979.055327685287921, 893078.574096450582147 ] ] ] } },
{ "type": "Feature", "properties": { "newname": "7_Emporium Gas", "element": "node" }, "geometry": { "type": "Polygon", "coordinates": [ [ [ 231723.772340551397065, 894010.16363719291985 ], [ 231722.568522219458828, 893985.659352110582404 ], [ 231718.968660652200924, 893961.391056688851677 ], [ 231713.007424484443618, 893937.592467879294418 ], [ 231704.742223679204471, 893914.492779101594351 ], [ 231694.252656638476765, 893892.314452986465767 ], [ 231681.639743627019925, 893871.271078938036226 ], [ 231667.024953892076155, 893851.565316152060404 ], [ 231650.549035848031053, 893833.386941896285862 ], [ 231632.370661592314718, 893816.911023852182552 ], [ 231612.664898806309793, 893802.296234117238782 ], [ 231591.621524757909356, 893789.683321105781943 ], [ 231569.443198642664356, 893779.19375406508334 ], [ 231546.343509865022497, 893770.928553259815089 ], [ 231522.544921055436134, 893764.967317092115991 ], [ 231498.276625633792719, 893761.367455524858087 ], [ 231473.772340551397065, 893760.16363719291985 ], [ 231449.268055469001411, 893761.367455524858087 ], [ 231424.999760047357995, 893764.967317092115991 ], [ 231401.201171237771632, 893770.928553259815089 ], [ 231378.101482460129773, 893779.19375406508334 ], [ 231355.923156344884774, 893789.683321105781943 ], [ 231334.879782296484336, 893802.296234117238782 ], [ 231315.174019510479411, 893816.911023852182552 ], [ 231296.995645254763076, 893833.386941896285862 ], [ 231280.519727210717974, 893851.565316152060404 ], [ 231265.904937475774204, 893871.271078938036226 ], [ 231253.292024464317365, 893892.314452986465767 ], [ 231242.802457423589658, 893914.492779101594351 ], [ 231234.537256618350511, 893937.592467879294418 ], [ 231228.576020450593205, 893961.391056688851677 ], [ 231224.976158883335302, 893985.659352110582404 ], [ 231223.772340551397065, 894010.16363719291985 ], [ 231224.976158883335302, 894034.667922275257297 ], [ 231228.576020450593205, 894058.936217696988024 ], [ 231234.537256618350511, 894082.734806506545283 ], [ 231242.802457423589658, 894105.834495284245349 ], [ 231253.292024464317365, 894128.012821399373934 ], [ 231265.904937475774204, 894149.056195447803475 ], [ 231280.519727210717974, 894168.761958233779296 ], [ 231296.995645254763076, 894186.940332489553839 ], [ 231315.174019510479411, 894203.416250533657148 ], [ 231334.879782296484336, 894218.031040268600918 ], [ 231355.923156344884774, 894230.643953280057758 ], [ 231378.101482460129773, 894241.133520320756361 ], [ 231401.201171237771632, 894249.398721126024611 ], [ 231424.999760047357995, 894255.35995729372371 ], [ 231449.268055469001411, 894258.959818860981613 ], [ 231473.772340551397065, 894260.16363719291985 ], [ 231498.276625633792719, 894258.959818860981613 ], [ 231522.544921055436134, 894255.35995729372371 ], [ 231546.343509865022497, 894249.398721126024611 ], [ 231569.443198642664356, 894241.133520320756361 ], [ 231591.621524757909356, 894230.643953280057758 ], [ 231612.664898806309793, 894218.031040268600918 ], [ 231632.370661592314718, 894203.416250533657148 ], [ 231650.549035848031053, 894186.940332489553839 ], [ 231667.024953892076155, 894168.761958233779296 ], [ 231681.639743627019925, 894149.056195447803475 ], [ 231694.252656638476765, 894128.012821399373934 ], [ 231704.742223679204471, 894105.834495284245349 ], [ 231713.007424484443618, 894082.734806506545283 ], [ 231718.968660652200924, 894058.936217696988024 ], [ 231722.568522219458828, 894034.667922275257297 ], [ 231723.772340551397065, 894010.16363719291985 ] ] ] } },
{ "type": "Feature", "properties": { "newname": "8_Shell", "element": "node" }, "geometry": { "type": "Polygon", "coordinates": [ [ [ 238204.444565109937685, 902464.030823658802547 ], [ 238203.240746777999448, 902439.5265385764651 ], [ 238199.640885210741544, 902415.258243154734373 ], [ 238193.679649042984238, 902391.459654345177114 ], [ 238185.414448237745091, 902368.359965567477047 ], [ 238174.924881197017385, 902346.181639452348463 ], [ 238162.311968185560545, 902325.138265403918922 ], [ 238147.697178450616775, 902305.432502617943101 ], [ 238131.221260406571673, 902287.254128362168558 ], [ 238113.042886150855338, 902270.778210318065248 ], [ 238093.337123364850413, 902256.163420583121479 ], [ 238072.293749316449976, 902243.550507571664639 ], [ 238050.115423201204976, 902233.060940530966036 ], [ 238027.015734423563117, 902224.795739725697786 ], [ 238003.217145613976754, 902218.834503557998687 ], [ 237978.948850192333339, 902215.234641990740784 ], [ 237954.444565109937685, 902214.030823658802547 ], [ 237929.94028002754203, 902215.234641990740784 ], [ 237905.671984605898615, 902218.834503557998687 ], [ 237881.873395796312252, 902224.795739725697786 ], [ 237858.773707018670393, 902233.060940530966036 ], [ 237836.595380903425394, 902243.550507571664639 ], [ 237815.552006855024956, 902256.163420583121479 ], [ 237795.846244069020031, 902270.778210318065248 ], [ 237777.667869813303696, 902287.254128362168558 ], [ 237761.191951769258594, 902305.432502617943101 ], [ 237746.577162034314824, 902325.138265403918922 ], [ 237733.964249022857985, 902346.181639452348463 ], [ 237723.474681982130278, 902368.359965567477047 ], [ 237715.209481176891131, 902391.459654345177114 ], [ 237709.248245009133825, 902415.258243154734373 ], [ 237705.648383441875922, 902439.5265385764651 ], [ 237704.444565109937685, 902464.030823658802547 ], [ 237705.648383441875922, 902488.535108741139993 ], [ 237709.248245009133825, 902512.80340416287072 ], [ 237715.209481176891131, 902536.601992972427979 ], [ 237723.474681982130278, 902559.701681750128046 ], [ 237733.964249022857985, 902581.88000786525663 ], [ 237746.577162034314824, 902602.923381913686171 ], [ 237761.191951769258594, 902622.629144699661992 ], [ 237777.667869813303696, 902640.807518955436535 ], [ 237795.846244069020031, 902657.283436999539845 ], [ 237815.552006855024956, 902671.898226734483615 ], [ 237836.595380903425394, 902684.511139745940454 ], [ 237858.773707018670393, 902695.000706786639057 ], [ 237881.873395796312252, 902703.265907591907308 ], [ 237905.671984605898615, 902709.227143759606406 ], [ 237929.94028002754203, 902712.82700532686431 ], [ 237954.444565109937685, 902714.030823658802547 ], [ 237978.948850192333339, 902712.82700532686431 ], [ 238003.217145613976754, 902709.227143759606406 ], [ 238027.015734423563117, 902703.265907591907308 ], [ 238050.115423201204976, 902695.000706786639057 ], [ 238072.293749316449976, 902684.511139745940454 ], [ 238093.337123364850413, 902671.898226734483615 ], [ 238113.042886150855338, 902657.283436999539845 ], [ 238131.221260406571673, 902640.807518955436535 ], [ 238147.697178450616775, 902622.629144699661992 ], [ 238162.311968185560545, 902602.923381913686171 ], [ 238174.924881197017385, 902581.88000786525663 ], [ 238185.414448237745091, 902559.701681750128046 ], [ 238193.679649042984238, 902536.601992972427979 ], [ 238199.640885210741544, 902512.80340416287072 ], [ 238203.240746777999448, 902488.535108741139993 ], [ 238204.444565109937685, 902464.030823658802547 ] ] ] } },
{ "type": "Feature", "properties": { "newname": "9_Mobil", "element": "node" }, "geometry": { "type": "Polygon", "coordinates": [ [ [ 239140.192115915706381, 903345.960736849694513 ], [ 239138.988297583768144, 903321.456451767357066 ], [ 239135.388436016510241, 903297.188156345626339 ], [ 239129.427199848752934, 903273.38956753606908 ], [ 239121.161999043513788, 903250.289878758369014 ], [ 239110.672432002786081, 903228.111552643240429 ], [ 239098.059518991329242, 903207.068178594810888 ], [ 239083.444729256385472, 903187.362415808835067 ], [ 239066.96881121234037, 903169.184041553060524 ], [ 239048.790436956624035, 903152.708123508957215 ], [ 239029.08467417061911, 903138.093333774013445 ], [ 239008.041300122218672, 903125.480420762556605 ], [ 238985.862974006973673, 903114.990853721858002 ], [ 238962.763285229331814, 903106.725652916589752 ], [ 238938.964696419745451, 903100.764416748890653 ], [ 238914.696400998102035, 903097.16455518163275 ], [ 238890.192115915706381, 903095.960736849694513 ], [ 238865.687830833310727, 903097.16455518163275 ], [ 238841.419535411667312, 903100.764416748890653 ], [ 238817.620946602080949, 903106.725652916589752 ], [ 238794.52125782443909, 903114.990853721858002 ], [ 238772.34293170919409, 903125.480420762556605 ], [ 238751.299557660793653, 903138.093333774013445 ], [ 238731.593794874788728, 903152.708123508957215 ], [ 238713.415420619072393, 903169.184041553060524 ], [ 238696.939502575027291, 903187.362415808835067 ], [ 238682.324712840083521, 903207.068178594810888 ], [ 238669.711799828626681, 903228.111552643240429 ], [ 238659.222232787898974, 903250.289878758369014 ], [ 238650.957031982659828, 903273.38956753606908 ], [ 238644.995795814902522, 903297.188156345626339 ], [ 238641.395934247644618, 903321.456451767357066 ], [ 238640.192115915706381, 903345.960736849694513 ], [ 238641.395934247644618, 903370.465021932031959 ], [ 238644.995795814902522, 903394.733317353762686 ], [ 238650.957031982659828, 903418.531906163319945 ], [ 238659.222232787898974, 903441.631594941020012 ], [ 238669.711799828626681, 903463.809921056148596 ], [ 238682.324712840083521, 903484.853295104578137 ], [ 238696.939502575027291, 903504.559057890553959 ], [ 238713.415420619072393, 903522.737432146328501 ], [ 238731.593794874788728, 903539.213350190431811 ], [ 238751.299557660793653, 903553.828139925375581 ], [ 238772.34293170919409, 903566.441052936832421 ], [ 238794.52125782443909, 903576.930619977531023 ], [ 238817.620946602080949, 903585.195820782799274 ], [ 238841.419535411667312, 903591.157056950498372 ], [ 238865.687830833310727, 903594.756918517756276 ], [ 238890.192115915706381, 903595.960736849694513 ], [ 238914.696400998102035, 903594.756918517756276 ], [ 238938.964696419745451, 903591.157056950498372 ], [ 238962.763285229331814, 903585.195820782799274 ], [ 238985.862974006973673, 903576.930619977531023 ], [ 239008.041300122218672, 903566.441052936832421 ], [ 239029.08467417061911, 903553.828139925375581 ], [ 239048.790436956624035, 903539.213350190431811 ], [ 239066.96881121234037, 903522.737432146328501 ], [ 239083.444729256385472, 903504.559057890553959 ], [ 239098.059518991329242, 903484.853295104578137 ], [ 239110.672432002786081, 903463.809921056148596 ], [ 239121.161999043513788, 903441.631594941020012 ], [ 239129.427199848752934, 903418.531906163319945 ], [ 239135.388436016510241, 903394.733317353762686 ], [ 239138.988297583768144, 903370.465021932031959 ], [ 239140.192115915706381, 903345.960736849694513 ] ] ] } },
{ "type": "Feature", "properties": { "newname": "10_Unknown", "element": "node" }, "geometry": { "type": "Polygon", "coordinates": [ [ [ 240661.742975428438513, 904012.349351490149274 ], [ 240660.539157096500276, 903987.845066407811828 ], [ 240656.939295529242372, 903963.576770986081101 ], [ 240650.978059361485066, 903939.778182176523842 ], [ 240642.712858556245919, 903916.678493398823775 ], [ 240632.223291515518213, 903894.500167283695191 ], [ 240619.610378504061373, 903873.45679323526565 ], [ 240604.995588769117603, 903853.751030449289829 ], [ 240588.519670725072501, 903835.572656193515286 ], [ 240570.341296469356166, 903819.096738149411976 ], [ 240550.635533683351241, 903804.481948414468206 ], [ 240529.592159634950804, 903791.869035403011367 ], [ 240507.413833519705804, 903781.379468362312764 ], [ 240484.314144742063945, 903773.114267557044514 ], [ 240460.515555932477582, 903767.153031389345415 ], [ 240436.247260510834167, 903763.553169822087511 ], [ 240411.742975428438513, 903762.349351490149274 ], [ 240387.238690346042858, 903763.553169822087511 ], [ 240362.970394924399443, 903767.153031389345415 ], [ 240339.17180611481308, 903773.114267557044514 ], [ 240316.072117337171221, 903781.379468362312764 ], [ 240293.893791221926222, 903791.869035403011367 ], [ 240272.850417173525784, 903804.481948414468206 ], [ 240253.144654387520859, 903819.096738149411976 ], [ 240234.966280131804524, 903835.572656193515286 ], [ 240218.490362087759422, 903853.751030449289829 ], [ 240203.875572352815652, 903873.45679323526565 ], [ 240191.262659341358813, 903894.500167283695191 ], [ 240180.773092300631106, 903916.678493398823775 ], [ 240172.507891495391959, 903939.778182176523842 ], [ 240166.546655327634653, 903963.576770986081101 ], [ 240162.94679376037675, 903987.845066407811828 ], [ 240161.742975428438513, 904012.349351490149274 ], [ 240162.94679376037675, 904036.853636572486721 ], [ 240166.546655327634653, 904061.121931994217448 ], [ 240172.507891495391959, 904084.920520803774707 ], [ 240180.773092300631106, 904108.020209581474774 ], [ 240191.262659341358813, 904130.198535696603358 ], [ 240203.875572352815652, 904151.241909745032899 ], [ 240218.490362087759422, 904170.94767253100872 ], [ 240234.966280131804524, 904189.126046786783263 ], [ 240253.144654387520859, 904205.601964830886573 ], [ 240272.850417173525784, 904220.216754565830342 ], [ 240293.893791221926222, 904232.829667577287182 ], [ 240316.072117337171221, 904243.319234617985785 ], [ 240339.17180611481308, 904251.584435423254035 ], [ 240362.970394924399443, 904257.545671590953134 ], [ 240387.238690346042858, 904261.145533158211038 ], [ 240411.742975428438513, 904262.349351490149274 ], [ 240436.247260510834167, 904261.145533158211038 ], [ 240460.515555932477582, 904257.545671590953134 ], [ 240484.314144742063945, 904251.584435423254035 ], [ 240507.413833519705804, 904243.319234617985785 ], [ 240529.592159634950804, 904232.829667577287182 ], [ 240550.635533683351241, 904220.216754565830342 ], [ 240570.341296469356166, 904205.601964830886573 ], [ 240588.519670725072501, 904189.126046786783263 ], [ 240604.995588769117603, 904170.94767253100872 ], [ 240619.610378504061373, 904151.241909745032899 ], [ 240632.223291515518213, 904130.198535696603358 ], [ 240642.712858556245919, 904108.020209581474774 ], [ 240650.978059361485066, 904084.920520803774707 ], [ 240656.939295529242372, 904061.121931994217448 ], [ 240660.539157096500276, 904036.853636572486721 ], [ 240661.742975428438513, 904012.349351490149274 ] ] ] } },
{ "type": "Feature", "properties": { "newname": "11_Gulf", "element": "node" }, "geometry": { "type": "Polygon", "coordinates": [ [ [ 237665.48125591938151, 892696.054877772461623 ], [ 237664.277437587443274, 892671.550592690124176 ], [ 237660.67757602018537, 892647.282297268393449 ], [ 237654.716339852428064, 892623.48370845883619 ], [ 237646.451139047188917, 892600.384019681136124 ], [ 237635.961572006461211, 892578.20569356600754 ], [ 237623.348658995004371, 892557.162319517577998 ], [ 237608.733869260060601, 892537.456556731602177 ], [ 237592.257951216015499, 892519.278182475827634 ], [ 237574.079576960299164, 892502.802264431724325 ], [ 237554.373814174294239, 892488.187474696780555 ], [ 237533.330440125893801, 892475.574561685323715 ], [ 237511.152114010648802, 892465.084994644625112 ], [ 237488.052425233006943, 892456.819793839356862 ], [ 237464.25383642342058, 892450.858557671657763 ], [ 237439.985541001777165, 892447.25869610439986 ], [ 237415.48125591938151, 892446.054877772461623 ], [ 237390.976970836985856, 892447.25869610439986 ], [ 237366.708675415342441, 892450.858557671657763 ], [ 237342.910086605756078, 892456.819793839356862 ], [ 237319.810397828114219, 892465.084994644625112 ], [ 237297.632071712869219, 892475.574561685323715 ], [ 237276.588697664468782, 892488.187474696780555 ], [ 237256.882934878463857, 892502.802264431724325 ], [ 237238.704560622747522, 892519.278182475827634 ], [ 237222.22864257870242, 892537.456556731602177 ], [ 237207.61385284375865, 892557.162319517577998 ], [ 237195.00093983230181, 892578.20569356600754 ], [ 237184.511372791574104, 892600.384019681136124 ], [ 237176.246171986334957, 892623.48370845883619 ], [ 237170.284935818577651, 892647.282297268393449 ], [ 237166.685074251319747, 892671.550592690124176 ], [ 237165.48125591938151, 892696.054877772461623 ], [ 237166.685074251319747, 892720.559162854799069 ], [ 237170.284935818577651, 892744.827458276529796 ], [ 237176.246171986334957, 892768.626047086087056 ], [ 237184.511372791574104, 892791.725735863787122 ], [ 237195.00093983230181, 892813.904061978915706 ], [ 237207.61385284375865, 892834.947436027345248 ], [ 237222.22864257870242, 892854.653198813321069 ], [ 237238.704560622747522, 892872.831573069095612 ], [ 237256.882934878463857, 892889.307491113198921 ], [ 237276.588697664468782, 892903.922280848142691 ], [ 237297.632071712869219, 892916.535193859599531 ], [ 237319.810397828114219, 892927.024760900298133 ], [ 237342.910086605756078, 892935.289961705566384 ], [ 237366.708675415342441, 892941.251197873265482 ], [ 237390.976970836985856, 892944.851059440523386 ], [ 237415.48125591938151, 892946.054877772461623 ], [ 237439.985541001777165, 892944.851059440523386 ], [ 237464.25383642342058, 892941.251197873265482 ], [ 237488.052425233006943, 892935.289961705566384 ], [ 237511.152114010648802, 892927.024760900298133 ], [ 237533.330440125893801, 892916.535193859599531 ], [ 237554.373814174294239, 892903.922280848142691 ], [ 237574.079576960299164, 892889.307491113198921 ], [ 237592.257951216015499, 892872.831573069095612 ], [ 237608.733869260060601, 892854.653198813321069 ], [ 237623.348658995004371, 892834.947436027345248 ], [ 237635.961572006461211, 892813.904061978915706 ], [ 237646.451139047188917, 892791.725735863787122 ], [ 237654.716339852428064, 892768.626047086087056 ], [ 237660.67757602018537, 892744.827458276529796 ], [ 237664.277437587443274, 892720.559162854799069 ], [ 237665.48125591938151, 892696.054877772461623 ] ] ] } },
{ "type": "Feature", "properties": { "newname": "12_Unknown", "element": "node" }, "geometry": { "type": "Polygon", "coordinates": [ [ [ 230674.176025577588007, 892619.603785712504759 ], [ 230672.97220724564977, 892595.099500630167313 ], [ 230669.372345678391866, 892570.831205208436586 ], [ 230663.41110951063456, 892547.032616398879327 ], [ 230655.145908705395414, 892523.93292762117926 ], [ 230644.656341664667707, 892501.754601506050676 ], [ 230632.043428653210867, 892480.711227457621135 ], [ 230617.428638918267097, 892461.005464671645314 ], [ 230600.952720874221995, 892442.827090415870771 ], [ 230582.77434661850566, 892426.351172371767461 ], [ 230563.068583832500735, 892411.736382636823691 ], [ 230542.025209784100298, 892399.123469625366852 ], [ 230519.846883668855298, 892388.633902584668249 ], [ 230496.747194891213439, 892380.368701779399998 ], [ 230472.948606081627076, 892374.4074656117009 ], [ 230448.680310659983661, 892370.807604044442996 ], [ 230424.176025577588007, 892369.603785712504759 ], [ 230399.671740495192353, 892370.807604044442996 ], [ 230375.403445073548937, 892374.4074656117009 ], [ 230351.604856263962574, 892380.368701779399998 ], [ 230328.505167486320715, 892388.633902584668249 ], [ 230306.326841371075716, 892399.123469625366852 ], [ 230285.283467322675278, 892411.736382636823691 ], [ 230265.577704536670353, 892426.351172371767461 ], [ 230247.399330280954018, 892442.827090415870771 ], [ 230230.923412236908916, 892461.005464671645314 ], [ 230216.308622501965147, 892480.711227457621135 ], [ 230203.695709490508307, 892501.754601506050676 ], [ 230193.2061424497806, 892523.93292762117926 ], [ 230184.940941644541454, 892547.032616398879327 ], [ 230178.979705476784147, 892570.831205208436586 ], [ 230175.379843909526244, 892595.099500630167313 ], [ 230174.176025577588007, 892619.603785712504759 ], [ 230175.379843909526244, 892644.108070794842206 ], [ 230178.979705476784147, 892668.376366216572933 ], [ 230184.940941644541454, 892692.174955026130192 ], [ 230193.2061424497806, 892715.274643803830259 ], [ 230203.695709490508307, 892737.452969918958843 ], [ 230216.308622501965147, 892758.496343967388384 ], [ 230230.923412236908916, 892778.202106753364205 ], [ 230247.399330280954018, 892796.380481009138748 ], [ 230265.577704536670353, 892812.856399053242058 ], [ 230285.283467322675278, 892827.471188788185827 ], [ 230306.326841371075716, 892840.084101799642667 ], [ 230328.505167486320715, 892850.57366884034127 ], [ 230351.604856263962574, 892858.83886964560952 ], [ 230375.403445073548937, 892864.800105813308619 ], [ 230399.671740495192353, 892868.399967380566522 ], [ 230424.176025577588007, 892869.603785712504759 ], [ 230448.680310659983661, 892868.399967380566522 ], [ 230472.948606081627076, 892864.800105813308619 ], [ 230496.747194891213439, 892858.83886964560952 ], [ 230519.846883668855298, 892850.57366884034127 ], [ 230542.025209784100298, 892840.084101799642667 ], [ 230563.068583832500735, 892827.471188788185827 ], [ 230582.77434661850566, 892812.856399053242058 ], [ 230600.952720874221995, 892796.380481009138748 ], [ 230617.428638918267097, 892778.202106753364205 ], [ 230632.043428653210867, 892758.496343967388384 ], [ 230644.656341664667707, 892737.452969918958843 ], [ 230655.145908705395414, 892715.274643803830259 ], [ 230663.41110951063456, 892692.174955026130192 ], [ 230669.372345678391866, 892668.376366216572933 ], [ 230672.97220724564977, 892644.108070794842206 ], [ 230674.176025577588007, 892619.603785712504759 ] ] ] } },
{ "type": "Feature", "properties": { "newname": "13_Sunoco", "element": "node" }, "geometry": { "type": "Polygon", "coordinates": [ [ [ 233591.790625566471135, 899467.31173068122007 ], [ 233590.586807234532898, 899442.807445598882623 ], [ 233586.986945667274995, 899418.539150177151896 ], [ 233581.025709499517689, 899394.740561367594637 ], [ 233572.760508694278542, 899371.64087258989457 ], [ 233562.270941653550835, 899349.462546474765986 ], [ 233549.658028642093996, 899328.419172426336445 ], [ 233535.043238907150226, 899308.713409640360624 ], [ 233518.567320863105124, 899290.535035384586081 ], [ 233500.388946607388789, 899274.059117340482771 ], [ 233480.683183821383864, 899259.444327605539002 ], [ 233459.639809772983426, 899246.831414594082162 ], [ 233437.461483657738427, 899236.341847553383559 ], [ 233414.361794880096568, 899228.076646748115309 ], [ 233390.563206070510205, 899222.11541058041621 ], [ 233366.294910648866789, 899218.515549013158306 ], [ 233341.790625566471135, 899217.31173068122007 ], [ 233317.286340484075481, 899218.515549013158306 ], [ 233293.018045062432066, 899222.11541058041621 ], [ 233269.219456252845703, 899228.076646748115309 ], [ 233246.119767475203844, 899236.341847553383559 ], [ 233223.941441359958844, 899246.831414594082162 ], [ 233202.898067311558407, 899259.444327605539002 ], [ 233183.192304525553482, 899274.059117340482771 ], [ 233165.013930269837147, 899290.535035384586081 ], [ 233148.538012225792045, 899308.713409640360624 ], [ 233133.923222490848275, 899328.419172426336445 ], [ 233121.310309479391435, 899349.462546474765986 ], [ 233110.820742438663729, 899371.64087258989457 ], [ 233102.555541633424582, 899394.740561367594637 ], [ 233096.594305465667276, 899418.539150177151896 ], [ 233092.994443898409372, 899442.807445598882623 ], [ 233091.790625566471135, 899467.31173068122007 ], [ 233092.994443898409372, 899491.816015763557516 ], [ 233096.594305465667276, 899516.084311185288243 ], [ 233102.555541633424582, 899539.882899994845502 ], [ 233110.820742438663729, 899562.982588772545569 ], [ 233121.310309479391435, 899585.160914887674153 ], [ 233133.923222490848275, 899606.204288936103694 ], [ 233148.538012225792045, 899625.910051722079515 ], [ 233165.013930269837147, 899644.088425977854058 ], [ 233183.192304525553482, 899660.564344021957368 ], [ 233202.898067311558407, 899675.179133756901138 ], [ 233223.941441359958844, 899687.792046768357977 ], [ 233246.119767475203844, 899698.28161380905658 ], [ 233269.219456252845703, 899706.54681461432483 ], [ 233293.018045062432066, 899712.508050782023929 ], [ 233317.286340484075481, 899716.107912349281833 ], [ 233341.790625566471135, 899717.31173068122007 ], [ 233366.294910648866789, 899716.107912349281833 ], [ 233390.563206070510205, 899712.508050782023929 ], [ 233414.361794880096568, 899706.54681461432483 ], [ 233437.461483657738427, 899698.28161380905658 ], [ 233459.639809772983426, 899687.792046768357977 ], [ 233480.683183821383864, 899675.179133756901138 ], [ 233500.388946607388789, 899660.564344021957368 ], [ 233518.567320863105124, 899644.088425977854058 ], [ 233535.043238907150226, 899625.910051722079515 ], [ 233549.658028642093996, 899606.204288936103694 ], [ 233562.270941653550835, 899585.160914887674153 ], [ 233572.760508694278542, 899562.982588772545569 ], [ 233581.025709499517689, 899539.882899994845502 ], [ 233586.986945667274995, 899516.084311185288243 ], [ 233590.586807234532898, 899491.816015763557516 ], [ 233591.790625566471135, 899467.31173068122007 ] ] ] } },
{ "type": "Feature", "properties": { "newname": "14_Mobil", "element": "node" }, "geometry": { "type": "Polygon", "coordinates": [ [ [ 238157.515918373508612, 903698.118637683102861 ], [ 238156.312100041570375, 903673.614352600765415 ], [ 238152.712238474312471, 903649.346057179034688 ], [ 238146.751002306555165, 903625.547468369477428 ], [ 238138.485801501316018, 903602.447779591777362 ], [ 238127.996234460588312, 903580.269453476648778 ], [ 238115.383321449131472, 903559.226079428219236 ], [ 238100.768531714187702, 903539.520316642243415 ], [ 238084.2926136701426, 903521.341942386468872 ], [ 238066.114239414426265, 903504.866024342365563 ], [ 238046.40847662842134, 903490.251234607421793 ], [ 238025.365102580020903, 903477.638321595964953 ], [ 238003.186776464775903, 903467.148754555266351 ], [ 237980.087087687134044, 903458.8835537499981 ], [ 237956.288498877547681, 903452.922317582299002 ], [ 237932.020203455904266, 903449.322456015041098 ], [ 237907.515918373508612, 903448.118637683102861 ], [ 237883.011633291112958, 903449.322456015041098 ], [ 237858.743337869469542, 903452.922317582299002 ], [ 237834.944749059883179, 903458.8835537499981 ], [ 237811.84506028224132, 903467.148754555266351 ], [ 237789.666734166996321, 903477.638321595964953 ], [ 237768.623360118595883, 903490.251234607421793 ], [ 237748.917597332590958, 903504.866024342365563 ], [ 237730.739223076874623, 903521.341942386468872 ], [ 237714.263305032829521, 903539.520316642243415 ], [ 237699.648515297885751, 903559.226079428219236 ], [ 237687.035602286428912, 903580.269453476648778 ], [ 237676.546035245701205, 903602.447779591777362 ], [ 237668.280834440462058, 903625.547468369477428 ], [ 237662.319598272704752, 903649.346057179034688 ], [ 237658.719736705446849, 903673.614352600765415 ], [ 237657.515918373508612, 903698.118637683102861 ], [ 237658.719736705446849, 903722.622922765440308 ], [ 237662.319598272704752, 903746.891218187171035 ], [ 237668.280834440462058, 903770.689806996728294 ], [ 237676.546035245701205, 903793.78949577442836 ], [ 237687.035602286428912, 903815.967821889556944 ], [ 237699.648515297885751, 903837.011195937986486 ], [ 237714.263305032829521, 903856.716958723962307 ], [ 237730.739223076874623, 903874.89533297973685 ], [ 237748.917597332590958, 903891.371251023840159 ], [ 237768.623360118595883, 903905.986040758783929 ], [ 237789.666734166996321, 903918.598953770240769 ], [ 237811.84506028224132, 903929.088520810939372 ], [ 237834.944749059883179, 903937.353721616207622 ], [ 237858.743337869469542, 903943.314957783906721 ], [ 237883.011633291112958, 903946.914819351164624 ], [ 237907.515918373508612, 903948.118637683102861 ], [ 237932.020203455904266, 903946.914819351164624 ], [ 237956.288498877547681, 903943.314957783906721 ], [ 237980.087087687134044, 903937.353721616207622 ], [ 238003.186776464775903, 903929.088520810939372 ], [ 238025.365102580020903, 903918.598953770240769 ], [ 238046.40847662842134, 903905.986040758783929 ], [ 238066.114239414426265, 903891.371251023840159 ], [ 238084.2926136701426, 903874.89533297973685 ], [ 238100.768531714187702, 903856.716958723962307 ], [ 238115.383321449131472, 903837.011195937986486 ], [ 238127.996234460588312, 903815.967821889556944 ], [ 238138.485801501316018, 903793.78949577442836 ], [ 238146.751002306555165, 903770.689806996728294 ], [ 238152.712238474312471, 903746.891218187171035 ], [ 238156.312100041570375, 903722.622922765440308 ], [ 238157.515918373508612, 903698.118637683102861 ] ] ] } },
{ "type": "Feature", "properties": { "newname": "15_Shell", "element": "node" }, "geometry": { "type": "Polygon", "coordinates": [ [ [ 236228.197872804157669, 902465.306308816187084 ], [ 236226.994054472219432, 902440.802023733849637 ], [ 236223.394192904961528, 902416.53372831211891 ], [ 236217.432956737204222, 902392.735139502561651 ], [ 236209.167755931965075, 902369.635450724861585 ], [ 236198.678188891237369, 902347.457124609733 ], [ 236186.065275879780529, 902326.413750561303459 ], [ 236171.450486144836759, 902306.707987775327638 ], [ 236154.974568100791657, 902288.529613519553095 ], [ 236136.796193845075322, 902272.053695475449786 ], [ 236117.090431059070397, 902257.438905740506016 ], [ 236096.04705701066996, 902244.825992729049176 ], [ 236073.86873089542496, 902234.336425688350573 ], [ 236050.769042117783101, 902226.071224883082323 ], [ 236026.970453308196738, 902220.109988715383224 ], [ 236002.702157886553323, 902216.510127148125321 ], [ 235978.197872804157669, 902215.306308816187084 ], [ 235953.693587721762015, 902216.510127148125321 ], [ 235929.425292300118599, 902220.109988715383224 ], [ 235905.626703490532236, 902226.071224883082323 ], [ 235882.527014712890377, 902234.336425688350573 ], [ 235860.348688597645378, 902244.825992729049176 ], [ 235839.30531454924494, 902257.438905740506016 ], [ 235819.599551763240015, 902272.053695475449786 ], [ 235801.42117750752368, 902288.529613519553095 ], [ 235784.945259463478578, 902306.707987775327638 ], [ 235770.330469728534808, 902326.413750561303459 ], [ 235757.717556717077969, 902347.457124609733 ], [ 235747.227989676350262, 902369.635450724861585 ], [ 235738.962788871111115, 902392.735139502561651 ], [ 235733.001552703353809, 902416.53372831211891 ], [ 235729.401691136095906, 902440.802023733849637 ], [ 235728.197872804157669, 902465.306308816187084 ], [ 235729.401691136095906, 902489.81059389852453 ], [ 235733.001552703353809, 902514.078889320255257 ], [ 235738.962788871111115, 902537.877478129812516 ], [ 235747.227989676350262, 902560.977166907512583 ], [ 235757.717556717077969, 902583.155493022641167 ], [ 235770.330469728534808, 902604.198867071070708 ], [ 235784.945259463478578, 902623.90462985704653 ], [ 235801.42117750752368, 902642.083004112821072 ], [ 235819.599551763240015, 902658.558922156924382 ], [ 235839.30531454924494, 902673.173711891868152 ], [ 235860.348688597645378, 902685.786624903324991 ], [ 235882.527014712890377, 902696.276191944023594 ], [ 235905.626703490532236, 902704.541392749291845 ], [ 235929.425292300118599, 902710.502628916990943 ], [ 235953.693587721762015, 902714.102490484248847 ], [ 235978.197872804157669, 902715.306308816187084 ], [ 236002.702157886553323, 902714.102490484248847 ], [ 236026.970453308196738, 902710.502628916990943 ], [ 236050.769042117783101, 902704.541392749291845 ], [ 236073.86873089542496, 902696.276191944023594 ], [ 236096.04705701066996, 902685.786624903324991 ], [ 236117.090431059070397, 902673.173711891868152 ], [ 236136.796193845075322, 902658.558922156924382 ], [ 236154.974568100791657, 902642.083004112821072 ], [ 236171.450486144836759, 902623.90462985704653 ], [ 236186.065275879780529, 902604.198867071070708 ], [ 236198.678188891237369, 902583.155493022641167 ], [ 236209.167755931965075, 902560.977166907512583 ], [ 236217.432956737204222, 902537.877478129812516 ], [ 236223.394192904961528, 902514.078889320255257 ], [ 236226.994054472219432, 902489.81059389852453 ], [ 236228.197872804157669, 902465.306308816187084 ] ] ] } },
{ "type": "Feature", "properties": { "newname": "16_BP", "element": "node" }, "geometry": { "type": "Polygon", "coordinates": [ [ [ 231395.502840832108632, 888867.791092464816757 ], [ 231394.299022500170395, 888843.28680738247931 ], [ 231390.699160932912491, 888819.018511960748583 ], [ 231384.737924765155185, 888795.219923151191324 ], [ 231376.472723959916038, 888772.120234373491257 ], [ 231365.983156919188332, 888749.941908258362673 ], [ 231353.370243907731492, 888728.898534209933132 ], [ 231338.755454172787722, 888709.192771423957311 ], [ 231322.27953612874262, 888691.014397168182768 ], [ 231304.101161873026285, 888674.538479124079458 ], [ 231284.39539908702136, 888659.923689389135689 ], [ 231263.352025038620923, 888647.310776377678849 ], [ 231241.173698923375923, 888636.821209336980246 ], [ 231218.074010145734064, 888628.556008531711996 ], [ 231194.275421336147701, 888622.594772364012897 ], [ 231170.007125914504286, 888618.994910796754993 ], [ 231145.502840832108632, 888617.791092464816757 ], [ 231120.998555749712978, 888618.994910796754993 ], [ 231096.730260328069562, 888622.594772364012897 ], [ 231072.931671518483199, 888628.556008531711996 ], [ 231049.83198274084134, 888636.821209336980246 ], [ 231027.653656625596341, 888647.310776377678849 ], [ 231006.610282577195903, 888659.923689389135689 ], [ 230986.904519791190978, 888674.538479124079458 ], [ 230968.726145535474643, 888691.014397168182768 ], [ 230952.250227491429541, 888709.192771423957311 ], [ 230937.635437756485771, 888728.898534209933132 ], [ 230925.022524745028932, 888749.941908258362673 ], [ 230914.532957704301225, 888772.120234373491257 ], [ 230906.267756899062078, 888795.219923151191324 ], [ 230900.306520731304772, 888819.018511960748583 ], [ 230896.706659164046869, 888843.28680738247931 ], [ 230895.502840832108632, 888867.791092464816757 ], [ 230896.706659164046869, 888892.295377547154203 ], [ 230900.306520731304772, 888916.56367296888493 ], [ 230906.267756899062078, 888940.362261778442189 ], [ 230914.532957704301225, 888963.461950556142256 ], [ 230925.022524745028932, 888985.64027667127084 ], [ 230937.635437756485771, 889006.683650719700381 ], [ 230952.250227491429541, 889026.389413505676202 ], [ 230968.726145535474643, 889044.567787761450745 ], [ 230986.904519791190978, 889061.043705805554055 ], [ 231006.610282577195903, 889075.658495540497825 ], [ 231027.653656625596341, 889088.271408551954664 ], [ 231049.83198274084134, 889098.760975592653267 ], [ 231072.931671518483199, 889107.026176397921517 ], [ 231096.730260328069562, 889112.987412565620616 ], [ 231120.998555749712978, 889116.58727413287852 ], [ 231145.502840832108632, 889117.791092464816757 ], [ 231170.007125914504286, 889116.58727413287852 ], [ 231194.275421336147701, 889112.987412565620616 ], [ 231218.074010145734064, 889107.026176397921517 ], [ 231241.173698923375923, 889098.760975592653267 ], [ 231263.352025038620923, 889088.271408551954664 ], [ 231284.39539908702136, 889075.658495540497825 ], [ 231304.101161873026285, 889061.043705805554055 ], [ 231322.27953612874262, 889044.567787761450745 ], [ 231338.755454172787722, 889026.389413505676202 ], [ 231353.370243907731492, 889006.683650719700381 ], [ 231365.983156919188332, 888985.64027667127084 ], [ 231376.472723959916038, 888963.461950556142256 ], [ 231384.737924765155185, 888940.362261778442189 ], [ 231390.699160932912491, 888916.56367296888493 ], [ 231394.299022500170395, 888892.295377547154203 ], [ 231395.502840832108632, 888867.791092464816757 ] ] ] } },
{ "type": "Feature", "properties": { "newname": "17_Citgo", "element": "node" }, "geometry": { "type": "Polygon", "coordinates": [ [ [ 232198.849715980468318, 897988.522016333881766 ], [ 232197.645897648530081, 897964.017731251544319 ], [ 232194.046036081272177, 897939.749435829813592 ], [ 232188.084799913514871, 897915.950847020256333 ], [ 232179.819599108275725, 897892.851158242556266 ], [ 232169.330032067548018, 897870.672832127427682 ], [ 232156.717119056091178, 897849.629458078998141 ], [ 232142.102329321147408, 897829.92369529302232 ], [ 232125.626411277102306, 897811.745321037247777 ], [ 232107.448037021385971, 897795.269402993144467 ], [ 232087.742274235381046, 897780.654613258200698 ], [ 232066.698900186980609, 897768.041700246743858 ], [ 232044.520574071735609, 897757.552133206045255 ], [ 232021.42088529409375, 897749.286932400777005 ], [ 231997.622296484507388, 897743.325696233077906 ], [ 231973.354001062863972, 897739.725834665820003 ], [ 231948.849715980468318, 897738.522016333881766 ], [ 231924.345430898072664, 897739.725834665820003 ], [ 231900.077135476429248, 897743.325696233077906 ], [ 231876.278546666842885, 897749.286932400777005 ], [ 231853.178857889201026, 897757.552133206045255 ], [ 231831.000531773956027, 897768.041700246743858 ], [ 231809.957157725555589, 897780.654613258200698 ], [ 231790.251394939550664, 897795.269402993144467 ], [ 231772.073020683834329, 897811.745321037247777 ], [ 231755.597102639789227, 897829.92369529302232 ], [ 231740.982312904845458, 897849.629458078998141 ], [ 231728.369399893388618, 897870.672832127427682 ], [ 231717.879832852660911, 897892.851158242556266 ], [ 231709.614632047421765, 897915.950847020256333 ], [ 231703.653395879664458, 897939.749435829813592 ], [ 231700.053534312406555, 897964.017731251544319 ], [ 231698.849715980468318, 897988.522016333881766 ], [ 231700.053534312406555, 898013.026301416219212 ], [ 231703.653395879664458, 898037.294596837949939 ], [ 231709.614632047421765, 898061.093185647507198 ], [ 231717.879832852660911, 898084.192874425207265 ], [ 231728.369399893388618, 898106.371200540335849 ], [ 231740.982312904845458, 898127.41457458876539 ], [ 231755.597102639789227, 898147.120337374741212 ], [ 231772.073020683834329, 898165.298711630515754 ], [ 231790.251394939550664, 898181.774629674619064 ], [ 231809.957157725555589, 898196.389419409562834 ], [ 231831.000531773956027, 898209.002332421019673 ], [ 231853.178857889201026, 898219.491899461718276 ], [ 231876.278546666842885, 898227.757100266986527 ], [ 231900.077135476429248, 898233.718336434685625 ], [ 231924.345430898072664, 898237.318198001943529 ], [ 231948.849715980468318, 898238.522016333881766 ], [ 231973.354001062863972, 898237.318198001943529 ], [ 231997.622296484507388, 898233.718336434685625 ], [ 232021.42088529409375, 898227.757100266986527 ], [ 232044.520574071735609, 898219.491899461718276 ], [ 232066.698900186980609, 898209.002332421019673 ], [ 232087.742274235381046, 898196.389419409562834 ], [ 232107.448037021385971, 898181.774629674619064 ], [ 232125.626411277102306, 898165.298711630515754 ], [ 232142.102329321147408, 898147.120337374741212 ], [ 232156.717119056091178, 898127.41457458876539 ], [ 232169.330032067548018, 898106.371200540335849 ], [ 232179.819599108275725, 898084.192874425207265 ], [ 232188.084799913514871, 898061.093185647507198 ], [ 232194.046036081272177, 898037.294596837949939 ], [ 232197.645897648530081, 898013.026301416219212 ], [ 232198.849715980468318, 897988.522016333881766 ] ] ] } },
{ "type": "Feature", "properties": { "newname": "18_Speedway", "element": "node" }, "geometry": { "type": "Polygon", "coordinates": [ [ [ 230744.191940515913302, 900293.270565840764903 ], [ 230742.988122183975065, 900268.766280758427456 ], [ 230739.388260616717162, 900244.497985336696729 ], [ 230733.427024448959855, 900220.69939652713947 ], [ 230725.161823643720709, 900197.599707749439403 ], [ 230714.672256602993002, 900175.421381634310819 ], [ 230702.059343591536162, 900154.378007585881278 ], [ 230687.444553856592393, 900134.672244799905457 ], [ 230670.968635812547291, 900116.493870544130914 ], [ 230652.790261556830956, 900100.017952500027604 ], [ 230633.084498770826031, 900085.403162765083835 ], [ 230612.041124722425593, 900072.790249753626995 ], [ 230589.862798607180594, 900062.300682712928392 ], [ 230566.763109829538735, 900054.035481907660142 ], [ 230542.964521019952372, 900048.074245739961043 ], [ 230518.696225598308956, 900044.474384172703139 ], [ 230494.191940515913302, 900043.270565840764903 ], [ 230469.687655433517648, 900044.474384172703139 ], [ 230445.419360011874232, 900048.074245739961043 ], [ 230421.62077120228787, 900054.035481907660142 ], [ 230398.521082424646011, 900062.300682712928392 ], [ 230376.342756309401011, 900072.790249753626995 ], [ 230355.299382261000574, 900085.403162765083835 ], [ 230335.593619474995648, 900100.017952500027604 ], [ 230317.415245219279313, 900116.493870544130914 ], [ 230300.939327175234212, 900134.672244799905457 ], [ 230286.324537440290442, 900154.378007585881278 ], [ 230273.711624428833602, 900175.421381634310819 ], [ 230263.222057388105895, 900197.599707749439403 ], [ 230254.956856582866749, 900220.69939652713947 ], [ 230248.995620415109443, 900244.497985336696729 ], [ 230245.395758847851539, 900268.766280758427456 ], [ 230244.191940515913302, 900293.270565840764903 ], [ 230245.395758847851539, 900317.774850923102349 ], [ 230248.995620415109443, 900342.043146344833076 ], [ 230254.956856582866749, 900365.841735154390335 ], [ 230263.222057388105895, 900388.941423932090402 ], [ 230273.711624428833602, 900411.119750047218986 ], [ 230286.324537440290442, 900432.163124095648527 ], [ 230300.939327175234212, 900451.868886881624348 ], [ 230317.415245219279313, 900470.047261137398891 ], [ 230335.593619474995648, 900486.523179181502201 ], [ 230355.299382261000574, 900501.137968916445971 ], [ 230376.342756309401011, 900513.75088192790281 ], [ 230398.521082424646011, 900524.240448968601413 ], [ 230421.62077120228787, 900532.505649773869663 ], [ 230445.419360011874232, 900538.466885941568762 ], [ 230469.687655433517648, 900542.066747508826666 ], [ 230494.191940515913302, 900543.270565840764903 ], [ 230518.696225598308956, 900542.066747508826666 ], [ 230542.964521019952372, 900538.466885941568762 ], [ 230566.763109829538735, 900532.505649773869663 ], [ 230589.862798607180594, 900524.240448968601413 ], [ 230612.041124722425593, 900513.75088192790281 ], [ 230633.084498770826031, 900501.137968916445971 ], [ 230652.790261556830956, 900486.523179181502201 ], [ 230670.968635812547291, 900470.047261137398891 ], [ 230687.444553856592393, 900451.868886881624348 ], [ 230702.059343591536162, 900432.163124095648527 ], [ 230714.672256602993002, 900411.119750047218986 ], [ 230725.161823643720709, 900388.941423932090402 ], [ 230733.427024448959855, 900365.841735154390335 ], [ 230739.388260616717162, 900342.043146344833076 ], [ 230742.988122183975065, 900317.774850923102349 ], [ 230744.191940515913302, 900293.270565840764903 ] ] ] } },
{ "type": "Feature", "properties": { "newname": "19_Speedway", "element": "node" }, "geometry": { "type": "Polygon", "coordinates": [ [ [ 234837.387066417519236, 903636.631375445052981 ], [ 234836.183248085580999, 903612.127090362715535 ], [ 234832.583386518323096, 903587.858794940984808 ], [ 234826.622150350565789, 903564.060206131427549 ], [ 234818.356949545326643, 903540.960517353727482 ], [ 234807.867382504598936, 903518.782191238598898 ], [ 234795.254469493142096, 903497.738817190169357 ], [ 234780.639679758198326, 903478.033054404193535 ], [ 234764.163761714153225, 903459.854680148418993 ], [ 234745.98538745843689, 903443.378762104315683 ], [ 234726.279624672431964, 903428.763972369371913 ], [ 234705.236250624031527, 903416.151059357915074 ], [ 234683.057924508786527, 903405.661492317216471 ], [ 234659.958235731144669, 903397.39629151194822 ], [ 234636.159646921558306, 903391.435055344249122 ], [ 234611.89135149991489, 903387.835193776991218 ], [ 234587.387066417519236, 903386.631375445052981 ], [ 234562.882781335123582, 903387.835193776991218 ], [ 234538.614485913480166, 903391.435055344249122 ], [ 234514.815897103893803, 903397.39629151194822 ], [ 234491.716208326251945, 903405.661492317216471 ], [ 234469.537882211006945, 903416.151059357915074 ], [ 234448.494508162606508, 903428.763972369371913 ], [ 234428.788745376601582, 903443.378762104315683 ], [ 234410.610371120885247, 903459.854680148418993 ], [ 234394.134453076840146, 903478.033054404193535 ], [ 234379.519663341896376, 903497.738817190169357 ], [ 234366.906750330439536, 903518.782191238598898 ], [ 234356.417183289711829, 903540.960517353727482 ], [ 234348.151982484472683, 903564.060206131427549 ], [ 234342.190746316715376, 903587.858794940984808 ], [ 234338.590884749457473, 903612.127090362715535 ], [ 234337.387066417519236, 903636.631375445052981 ], [ 234338.590884749457473, 903661.135660527390428 ], [ 234342.190746316715376, 903685.403955949121155 ], [ 234348.151982484472683, 903709.202544758678414 ], [ 234356.417183289711829, 903732.30223353637848 ], [ 234366.906750330439536, 903754.480559651507065 ], [ 234379.519663341896376, 903775.523933699936606 ], [ 234394.134453076840146, 903795.229696485912427 ], [ 234410.610371120885247, 903813.40807074168697 ], [ 234428.788745376601582, 903829.88398878579028 ], [ 234448.494508162606508, 903844.498778520734049 ], [ 234469.537882211006945, 903857.111691532190889 ], [ 234491.716208326251945, 903867.601258572889492 ], [ 234514.815897103893803, 903875.866459378157742 ], [ 234538.614485913480166, 903881.827695545856841 ], [ 234562.882781335123582, 903885.427557113114744 ], [ 234587.387066417519236, 903886.631375445052981 ], [ 234611.89135149991489, 903885.427557113114744 ], [ 234636.159646921558306, 903881.827695545856841 ], [ 234659.958235731144669, 903875.866459378157742 ], [ 234683.057924508786527, 903867.601258572889492 ], [ 234705.236250624031527, 903857.111691532190889 ], [ 234726.279624672431964, 903844.498778520734049 ], [ 234745.98538745843689, 903829.88398878579028 ], [ 234764.163761714153225, 903813.40807074168697 ], [ 234780.639679758198326, 903795.229696485912427 ], [ 234795.254469493142096, 903775.523933699936606 ], [ 234807.867382504598936, 903754.480559651507065 ], [ 234818.356949545326643, 903732.30223353637848 ], [ 234826.622150350565789, 903709.202544758678414 ], [ 234832.583386518323096, 903685.403955949121155 ], [ 234836.183248085580999, 903661.135660527390428 ], [ 234837.387066417519236, 903636.631375445052981 ] ] ] } },
{ "type": "Feature", "properties": { "newname": "20_Irving", "element": "node" }, "geometry": { "type": "Polygon", "coordinates": [ [ [ 230331.546846684825141, 900482.59002580633387 ], [ 230330.343028352886904, 900458.085740723996423 ], [ 230326.743166785629001, 900433.817445302265696 ], [ 230320.781930617871694, 900410.018856492708437 ], [ 230312.516729812632548, 900386.919167715008371 ], [ 230302.027162771904841, 900364.740841599879786 ], [ 230289.414249760448001, 900343.697467551450245 ], [ 230274.799460025504231, 900323.991704765474424 ], [ 230258.32354198145913, 900305.813330509699881 ], [ 230240.145167725742795, 900289.337412465596572 ], [ 230220.439404939737869, 900274.722622730652802 ], [ 230199.396030891337432, 900262.109709719195962 ], [ 230177.217704776092432, 900251.620142678497359 ], [ 230154.118015998450574, 900243.354941873229109 ], [ 230130.319427188864211, 900237.39370570553001 ], [ 230106.051131767220795, 900233.793844138272107 ], [ 230081.546846684825141, 900232.59002580633387 ], [ 230057.042561602429487, 900233.793844138272107 ], [ 230032.774266180786071, 900237.39370570553001 ], [ 230008.975677371199708, 900243.354941873229109 ], [ 229985.87598859355785, 900251.620142678497359 ], [ 229963.69766247831285, 900262.109709719195962 ], [ 229942.654288429912413, 900274.722622730652802 ], [ 229922.948525643907487, 900289.337412465596572 ], [ 229904.770151388191152, 900305.813330509699881 ], [ 229888.294233344146051, 900323.991704765474424 ], [ 229873.679443609202281, 900343.697467551450245 ], [ 229861.066530597745441, 900364.740841599879786 ], [ 229850.576963557017734, 900386.919167715008371 ], [ 229842.311762751778588, 900410.018856492708437 ], [ 229836.350526584021281, 900433.817445302265696 ], [ 229832.750665016763378, 900458.085740723996423 ], [ 229831.546846684825141, 900482.59002580633387 ], [ 229832.750665016763378, 900507.094310888671316 ], [ 229836.350526584021281, 900531.362606310402043 ], [ 229842.311762751778588, 900555.161195119959302 ], [ 229850.576963557017734, 900578.260883897659369 ], [ 229861.066530597745441, 900600.439210012787953 ], [ 229873.679443609202281, 900621.482584061217494 ], [ 229888.294233344146051, 900641.188346847193316 ], [ 229904.770151388191152, 900659.366721102967858 ], [ 229922.948525643907487, 900675.842639147071168 ], [ 229942.654288429912413, 900690.457428882014938 ], [ 229963.69766247831285, 900703.070341893471777 ], [ 229985.87598859355785, 900713.55990893417038 ], [ 230008.975677371199708, 900721.825109739438631 ], [ 230032.774266180786071, 900727.786345907137729 ], [ 230057.042561602429487, 900731.386207474395633 ], [ 230081.546846684825141, 900732.59002580633387 ], [ 230106.051131767220795, 900731.386207474395633 ], [ 230130.319427188864211, 900727.786345907137729 ], [ 230154.118015998450574, 900721.825109739438631 ], [ 230177.217704776092432, 900713.55990893417038 ], [ 230199.396030891337432, 900703.070341893471777 ], [ 230220.439404939737869, 900690.457428882014938 ], [ 230240.145167725742795, 900675.842639147071168 ], [ 230258.32354198145913, 900659.366721102967858 ], [ 230274.799460025504231, 900641.188346847193316 ], [ 230289.414249760448001, 900621.482584061217494 ], [ 230302.027162771904841, 900600.439210012787953 ], [ 230312.516729812632548, 900578.260883897659369 ], [ 230320.781930617871694, 900555.161195119959302 ], [ 230326.743166785629001, 900531.362606310402043 ], [ 230330.343028352886904, 900507.094310888671316 ], [ 230331.546846684825141, 900482.59002580633387 ] ] ] } },
{ "type": "Feature", "properties": { "newname": "21_Stop & Shop", "element": "node" }, "geometry": { "type": "Polygon", "coordinates": [ [ [ 232026.101189158915076, 891881.148736606468447 ], [ 232024.897370826976839, 891856.644451524131 ], [ 232021.297509259718936, 891832.376156102400273 ], [ 232015.33627309196163, 891808.577567292843014 ], [ 232007.071072286722483, 891785.477878515142947 ], [ 231996.581505245994776, 891763.299552400014363 ], [ 231983.968592234537937, 891742.256178351584822 ], [ 231969.353802499594167, 891722.550415565609001 ], [ 231952.877884455549065, 891704.372041309834458 ], [ 231934.69951019983273, 891687.896123265731148 ], [ 231914.993747413827805, 891673.281333530787379 ], [ 231893.950373365427367, 891660.668420519330539 ], [ 231871.772047250182368, 891650.178853478631936 ], [ 231848.672358472540509, 891641.913652673363686 ], [ 231824.873769662954146, 891635.952416505664587 ], [ 231800.605474241310731, 891632.352554938406684 ], [ 231776.101189158915076, 891631.148736606468447 ], [ 231751.596904076519422, 891632.352554938406684 ], [ 231727.328608654876007, 891635.952416505664587 ], [ 231703.530019845289644, 891641.913652673363686 ], [ 231680.430331067647785, 891650.178853478631936 ], [ 231658.252004952402785, 891660.668420519330539 ], [ 231637.208630904002348, 891673.281333530787379 ], [ 231617.502868117997423, 891687.896123265731148 ], [ 231599.324493862281088, 891704.372041309834458 ], [ 231582.848575818235986, 891722.550415565609001 ], [ 231568.233786083292216, 891742.256178351584822 ], [ 231555.620873071835376, 891763.299552400014363 ], [ 231545.13130603110767, 891785.477878515142947 ], [ 231536.866105225868523, 891808.577567292843014 ], [ 231530.904869058111217, 891832.376156102400273 ], [ 231527.305007490853313, 891856.644451524131 ], [ 231526.101189158915076, 891881.148736606468447 ], [ 231527.305007490853313, 891905.653021688805893 ], [ 231530.904869058111217, 891929.92131711053662 ], [ 231536.866105225868523, 891953.719905920093879 ], [ 231545.13130603110767, 891976.819594697793946 ], [ 231555.620873071835376, 891998.99792081292253 ], [ 231568.233786083292216, 892020.041294861352071 ], [ 231582.848575818235986, 892039.747057647327892 ], [ 231599.324493862281088, 892057.925431903102435 ], [ 231617.502868117997423, 892074.401349947205745 ], [ 231637.208630904002348, 892089.016139682149515 ], [ 231658.252004952402785, 892101.629052693606354 ], [ 231680.430331067647785, 892112.118619734304957 ], [ 231703.530019845289644, 892120.383820539573207 ], [ 231727.328608654876007, 892126.345056707272306 ], [ 231751.596904076519422, 892129.94491827453021 ], [ 231776.101189158915076, 892131.148736606468447 ], [ 231800.605474241310731, 892129.94491827453021 ], [ 231824.873769662954146, 892126.345056707272306 ], [ 231848.672358472540509, 892120.383820539573207 ], [ 231871.772047250182368, 892112.118619734304957 ], [ 231893.950373365427367, 892101.629052693606354 ], [ 231914.993747413827805, 892089.016139682149515 ], [ 231934.69951019983273, 892074.401349947205745 ], [ 231952.877884455549065, 892057.925431903102435 ], [ 231969.353802499594167, 892039.747057647327892 ], [ 231983.968592234537937, 892020.041294861352071 ], [ 231996.581505245994776, 891998.99792081292253 ], [ 232007.071072286722483, 891976.819594697793946 ], [ 232015.33627309196163, 891953.719905920093879 ], [ 232021.297509259718936, 891929.92131711053662 ], [ 232024.897370826976839, 891905.653021688805893 ], [ 232026.101189158915076, 891881.148736606468447 ] ] ] } },
{ "type": "Feature", "properties": { "newname": "22_Cumberland Farms", "element": "node" }, "geometry": { "type": "Polygon", "coordinates": [ [ [ 228762.06809495689231, 899110.050363592337817 ], [ 228760.864276624954073, 899085.54607851000037 ], [ 228757.264415057696169, 899061.277783088269643 ], [ 228751.303178889938863, 899037.479194278712384 ], [ 228743.037978084699716, 899014.379505501012318 ], [ 228732.54841104397201, 898992.201179385883734 ], [ 228719.93549803251517, 898971.157805337454192 ], [ 228705.3207082975714, 898951.452042551478371 ], [ 228688.844790253526298, 898933.273668295703828 ], [ 228670.666415997809963, 898916.797750251600519 ], [ 228650.960653211805038, 898902.182960516656749 ], [ 228629.917279163404601, 898889.570047505199909 ], [ 228607.738953048159601, 898879.080480464501306 ], [ 228584.639264270517742, 898870.815279659233056 ], [ 228560.840675460931379, 898864.854043491533957 ], [ 228536.572380039287964, 898861.254181924276054 ], [ 228512.06809495689231, 898860.050363592337817 ], [ 228487.563809874496656, 898861.254181924276054 ], [ 228463.29551445285324, 898864.854043491533957 ], [ 228439.496925643266877, 898870.815279659233056 ], [ 228416.397236865625018, 898879.080480464501306 ], [ 228394.218910750380019, 898889.570047505199909 ], [ 228373.175536701979581, 898902.182960516656749 ], [ 228353.469773915974656, 898916.797750251600519 ], [ 228335.291399660258321, 898933.273668295703828 ], [ 228318.815481616213219, 898951.452042551478371 ], [ 228304.200691881269449, 898971.157805337454192 ], [ 228291.58777886981261, 898992.201179385883734 ], [ 228281.098211829084903, 899014.379505501012318 ], [ 228272.833011023845756, 899037.479194278712384 ], [ 228266.87177485608845, 899061.277783088269643 ], [ 228263.271913288830547, 899085.54607851000037 ], [ 228262.06809495689231, 899110.050363592337817 ], [ 228263.271913288830547, 899134.554648674675263 ], [ 228266.87177485608845, 899158.82294409640599 ], [ 228272.833011023845756, 899182.62153290596325 ], [ 228281.098211829084903, 899205.721221683663316 ], [ 228291.58777886981261, 899227.8995477987919 ], [ 228304.200691881269449, 899248.942921847221442 ], [ 228318.815481616213219, 899268.648684633197263 ], [ 228335.291399660258321, 899286.827058888971806 ], [ 228353.469773915974656, 899303.302976933075115 ], [ 228373.175536701979581, 899317.917766668018885 ], [ 228394.218910750380019, 899330.530679679475725 ], [ 228416.397236865625018, 899341.020246720174327 ], [ 228439.496925643266877, 899349.285447525442578 ], [ 228463.29551445285324, 899355.246683693141676 ], [ 228487.563809874496656, 899358.84654526039958 ], [ 228512.06809495689231, 899360.050363592337817 ], [ 228536.572380039287964, 899358.84654526039958 ], [ 228560.840675460931379, 899355.246683693141676 ], [ 228584.639264270517742, 899349.285447525442578 ], [ 228607.738953048159601, 899341.020246720174327 ], [ 228629.917279163404601, 899330.530679679475725 ], [ 228650.960653211805038, 899317.917766668018885 ], [ 228670.666415997809963, 899303.302976933075115 ], [ 228688.844790253526298, 899286.827058888971806 ], [ 228705.3207082975714, 899268.648684633197263 ], [ 228719.93549803251517, 899248.942921847221442 ], [ 228732.54841104397201, 899227.8995477987919 ], [ 228743.037978084699716, 899205.721221683663316 ], [ 228751.303178889938863, 899182.62153290596325 ], [ 228757.264415057696169, 899158.82294409640599 ], [ 228760.864276624954073, 899134.554648674675263 ], [ 228762.06809495689231, 899110.050363592337817 ] ] ] } },
{ "type": "Feature", "properties": { "newname": "23_Mobil", "element": "node" }, "geometry": { "type": "Polygon", "coordinates": [ [ [ 229763.259571762813721, 899399.907325335894711 ], [ 229762.055753430875484, 899375.403040253557265 ], [ 229758.45589186361758, 899351.134744831826538 ], [ 229752.494655695860274, 899327.336156022269279 ], [ 229744.229454890621128, 899304.236467244569212 ], [ 229733.739887849893421, 899282.058141129440628 ], [ 229721.126974838436581, 899261.014767081011087 ], [ 229706.512185103492811, 899241.309004295035265 ], [ 229690.036267059447709, 899223.130630039260723 ], [ 229671.857892803731374, 899206.654711995157413 ], [ 229652.152130017726449, 899192.039922260213643 ], [ 229631.108755969326012, 899179.427009248756804 ], [ 229608.930429854081012, 899168.937442208058201 ], [ 229585.830741076439153, 899160.67224140278995 ], [ 229562.03215226685279, 899154.711005235090852 ], [ 229537.763856845209375, 899151.111143667832948 ], [ 229513.259571762813721, 899149.907325335894711 ], [ 229488.755286680418067, 899151.111143667832948 ], [ 229464.486991258774651, 899154.711005235090852 ], [ 229440.688402449188288, 899160.67224140278995 ], [ 229417.588713671546429, 899168.937442208058201 ], [ 229395.41038755630143, 899179.427009248756804 ], [ 229374.367013507900992, 899192.039922260213643 ], [ 229354.661250721896067, 899206.654711995157413 ], [ 229336.482876466179732, 899223.130630039260723 ], [ 229320.00695842213463, 899241.309004295035265 ], [ 229305.392168687190861, 899261.014767081011087 ], [ 229292.779255675734021, 899282.058141129440628 ], [ 229282.289688635006314, 899304.236467244569212 ], [ 229274.024487829767168, 899327.336156022269279 ], [ 229268.063251662009861, 899351.134744831826538 ], [ 229264.463390094751958, 899375.403040253557265 ], [ 229263.259571762813721, 899399.907325335894711 ], [ 229264.463390094751958, 899424.411610418232158 ], [ 229268.063251662009861, 899448.679905839962885 ], [ 229274.024487829767168, 899472.478494649520144 ], [ 229282.289688635006314, 899495.57818342722021 ], [ 229292.779255675734021, 899517.756509542348795 ], [ 229305.392168687190861, 899538.799883590778336 ], [ 229320.00695842213463, 899558.505646376754157 ], [ 229336.482876466179732, 899576.6840206325287 ], [ 229354.661250721896067, 899593.159938676632009 ], [ 229374.367013507900992, 899607.774728411575779 ], [ 229395.41038755630143, 899620.387641423032619 ], [ 229417.588713671546429, 899630.877208463731222 ], [ 229440.688402449188288, 899639.142409268999472 ], [ 229464.486991258774651, 899645.103645436698571 ], [ 229488.755286680418067, 899648.703507003956474 ], [ 229513.259571762813721, 899649.907325335894711 ], [ 229537.763856845209375, 899648.703507003956474 ], [ 229562.03215226685279, 899645.103645436698571 ], [ 229585.830741076439153, 899639.142409268999472 ], [ 229608.930429854081012, 899630.877208463731222 ], [ 229631.108755969326012, 899620.387641423032619 ], [ 229652.152130017726449, 899607.774728411575779 ], [ 229671.857892803731374, 899593.159938676632009 ], [ 229690.036267059447709, 899576.6840206325287 ], [ 229706.512185103492811, 899558.505646376754157 ], [ 229721.126974838436581, 899538.799883590778336 ], [ 229733.739887849893421, 899517.756509542348795 ], [ 229744.229454890621128, 899495.57818342722021 ], [ 229752.494655695860274, 899472.478494649520144 ], [ 229758.45589186361758, 899448.679905839962885 ], [ 229762.055753430875484, 899424.411610418232158 ], [ 229763.259571762813721, 899399.907325335894711 ] ] ] } },
{ "type": "Feature", "properties": { "newname": "24_Sunoco", "element": "node" }, "geometry": { "type": "Polygon", "coordinates": [ [ [ 235457.505408902536146, 891301.80368288862519 ], [ 235456.301590570597909, 891277.299397806287743 ], [ 235452.701729003340006, 891253.031102384557016 ], [ 235446.7404928355827, 891229.232513574999757 ], [ 235438.475292030343553, 891206.132824797299691 ], [ 235427.985724989615846, 891183.954498682171106 ], [ 235415.372811978159007, 891162.911124633741565 ], [ 235400.758022243215237, 891143.205361847765744 ], [ 235384.282104199170135, 891125.026987591991201 ], [ 235366.1037299434538, 891108.551069547887892 ], [ 235346.397967157448875, 891093.936279812944122 ], [ 235325.354593109048437, 891081.323366801487282 ], [ 235303.176266993803438, 891070.833799760788679 ], [ 235280.076578216161579, 891062.568598955520429 ], [ 235256.277989406575216, 891056.60736278782133 ], [ 235232.009693984931801, 891053.007501220563427 ], [ 235207.505408902536146, 891051.80368288862519 ], [ 235183.001123820140492, 891053.007501220563427 ], [ 235158.732828398497077, 891056.60736278782133 ], [ 235134.934239588910714, 891062.568598955520429 ], [ 235111.834550811268855, 891070.833799760788679 ], [ 235089.656224696023855, 891081.323366801487282 ], [ 235068.612850647623418, 891093.936279812944122 ], [ 235048.907087861618493, 891108.551069547887892 ], [ 235030.728713605902158, 891125.026987591991201 ], [ 235014.252795561857056, 891143.205361847765744 ], [ 234999.638005826913286, 891162.911124633741565 ], [ 234987.025092815456446, 891183.954498682171106 ], [ 234976.53552577472874, 891206.132824797299691 ], [ 234968.270324969489593, 891229.232513574999757 ], [ 234962.309088801732287, 891253.031102384557016 ], [ 234958.709227234474383, 891277.299397806287743 ], [ 234957.505408902536146, 891301.80368288862519 ], [ 234958.709227234474383, 891326.307967970962636 ], [ 234962.309088801732287, 891350.576263392693363 ], [ 234968.270324969489593, 891374.374852202250622 ], [ 234976.53552577472874, 891397.474540979950689 ], [ 234987.025092815456446, 891419.652867095079273 ], [ 234999.638005826913286, 891440.696241143508814 ], [ 235014.252795561857056, 891460.402003929484636 ], [ 235030.728713605902158, 891478.580378185259178 ], [ 235048.907087861618493, 891495.056296229362488 ], [ 235068.612850647623418, 891509.671085964306258 ], [ 235089.656224696023855, 891522.283998975763097 ], [ 235111.834550811268855, 891532.7735660164617 ], [ 235134.934239588910714, 891541.038766821729951 ], [ 235158.732828398497077, 891547.000002989429049 ], [ 235183.001123820140492, 891550.599864556686953 ], [ 235207.505408902536146, 891551.80368288862519 ], [ 235232.009693984931801, 891550.599864556686953 ], [ 235256.277989406575216, 891547.000002989429049 ], [ 235280.076578216161579, 891541.038766821729951 ], [ 235303.176266993803438, 891532.7735660164617 ], [ 235325.354593109048437, 891522.283998975763097 ], [ 235346.397967157448875, 891509.671085964306258 ], [ 235366.1037299434538, 891495.056296229362488 ], [ 235384.282104199170135, 891478.580378185259178 ], [ 235400.758022243215237, 891460.402003929484636 ], [ 235415.372811978159007, 891440.696241143508814 ], [ 235427.985724989615846, 891419.652867095079273 ], [ 235438.475292030343553, 891397.474540979950689 ], [ 235446.7404928355827, 891374.374852202250622 ], [ 235452.701729003340006, 891350.576263392693363 ], [ 235456.301590570597909, 891326.307967970962636 ], [ 235457.505408902536146, 891301.80368288862519 ] ] ] } },
{ "type": "Feature", "properties": { "newname": "25_Sunoco", "element": "node" }, "geometry": { "type": "Polygon", "coordinates": [ [ [ 232744.770701580011519, 891294.795635228743777 ], [ 232743.566883248073282, 891270.29135014640633 ], [ 232739.967021680815378, 891246.023054724675603 ], [ 232734.005785513058072, 891222.224465915118344 ], [ 232725.740584707818925, 891199.124777137418278 ], [ 232715.251017667091219, 891176.946451022289693 ], [ 232702.638104655634379, 891155.903076973860152 ], [ 232688.023314920690609, 891136.197314187884331 ], [ 232671.547396876645507, 891118.018939932109788 ], [ 232653.369022620929172, 891101.543021888006479 ], [ 232633.663259834924247, 891086.928232153062709 ], [ 232612.61988578652381, 891074.315319141605869 ], [ 232590.44155967127881, 891063.825752100907266 ], [ 232567.341870893636951, 891055.560551295639016 ], [ 232543.543282084050588, 891049.599315127939917 ], [ 232519.274986662407173, 891045.999453560682014 ], [ 232494.770701580011519, 891044.795635228743777 ], [ 232470.266416497615865, 891045.999453560682014 ], [ 232445.998121075972449, 891049.599315127939917 ], [ 232422.199532266386086, 891055.560551295639016 ], [ 232399.099843488744227, 891063.825752100907266 ], [ 232376.921517373499228, 891074.315319141605869 ], [ 232355.87814332509879, 891086.928232153062709 ], [ 232336.172380539093865, 891101.543021888006479 ], [ 232317.99400628337753, 891118.018939932109788 ], [ 232301.518088239332428, 891136.197314187884331 ], [ 232286.903298504388658, 891155.903076973860152 ], [ 232274.290385492931819, 891176.946451022289693 ], [ 232263.800818452204112, 891199.124777137418278 ], [ 232255.535617646964965, 891222.224465915118344 ], [ 232249.574381479207659, 891246.023054724675603 ], [ 232245.974519911949756, 891270.29135014640633 ], [ 232244.770701580011519, 891294.795635228743777 ], [ 232245.974519911949756, 891319.299920311081223 ], [ 232249.574381479207659, 891343.56821573281195 ], [ 232255.535617646964965, 891367.366804542369209 ], [ 232263.800818452204112, 891390.466493320069276 ], [ 232274.290385492931819, 891412.64481943519786 ], [ 232286.903298504388658, 891433.688193483627401 ], [ 232301.518088239332428, 891453.393956269603223 ], [ 232317.99400628337753, 891471.572330525377765 ], [ 232336.172380539093865, 891488.048248569481075 ], [ 232355.87814332509879, 891502.663038304424845 ], [ 232376.921517373499228, 891515.275951315881684 ], [ 232399.099843488744227, 891525.765518356580287 ], [ 232422.199532266386086, 891534.030719161848538 ], [ 232445.998121075972449, 891539.991955329547636 ], [ 232470.266416497615865, 891543.59181689680554 ], [ 232494.770701580011519, 891544.795635228743777 ], [ 232519.274986662407173, 891543.59181689680554 ], [ 232543.543282084050588, 891539.991955329547636 ], [ 232567.341870893636951, 891534.030719161848538 ], [ 232590.44155967127881, 891525.765518356580287 ], [ 232612.61988578652381, 891515.275951315881684 ], [ 232633.663259834924247, 891502.663038304424845 ], [ 232653.369022620929172, 891488.048248569481075 ], [ 232671.547396876645507, 891471.572330525377765 ], [ 232688.023314920690609, 891453.393956269603223 ], [ 232702.638104655634379, 891433.688193483627401 ], [ 232715.251017667091219, 891412.64481943519786 ], [ 232725.740584707818925, 891390.466493320069276 ], [ 232734.005785513058072, 891367.366804542369209 ], [ 232739.967021680815378, 891343.56821573281195 ], [ 232743.566883248073282, 891319.299920311081223 ], [ 232744.770701580011519, 891294.795635228743777 ] ] ] } },
{ "type": "Feature", "properties": { "newname": "26_Sunoco", "element": "node" }, "geometry": { "type": "Polygon", "coordinates": [ [ [ 235791.229368134547258, 892117.736621392308734 ], [ 235790.025549802609021, 892093.232336309971288 ], [ 235786.425688235351117, 892068.964040888240561 ], [ 235780.464452067593811, 892045.165452078683302 ], [ 235772.199251262354665, 892022.065763300983235 ], [ 235761.709684221626958, 891999.887437185854651 ], [ 235749.096771210170118, 891978.84406313742511 ], [ 235734.481981475226348, 891959.138300351449288 ], [ 235718.006063431181246, 891940.959926095674746 ], [ 235699.827689175464911, 891924.484008051571436 ], [ 235680.121926389459986, 891909.869218316627666 ], [ 235659.078552341059549, 891897.256305305170827 ], [ 235636.900226225814549, 891886.766738264472224 ], [ 235613.80053744817269, 891878.501537459203973 ], [ 235590.001948638586327, 891872.540301291504875 ], [ 235565.733653216942912, 891868.940439724246971 ], [ 235541.229368134547258, 891867.736621392308734 ], [ 235516.725083052151604, 891868.940439724246971 ], [ 235492.456787630508188, 891872.540301291504875 ], [ 235468.658198820921825, 891878.501537459203973 ], [ 235445.558510043279966, 891886.766738264472224 ], [ 235423.380183928034967, 891897.256305305170827 ], [ 235402.336809879634529, 891909.869218316627666 ], [ 235382.631047093629604, 891924.484008051571436 ], [ 235364.452672837913269, 891940.959926095674746 ], [ 235347.976754793868167, 891959.138300351449288 ], [ 235333.361965058924397, 891978.84406313742511 ], [ 235320.749052047467558, 891999.887437185854651 ], [ 235310.259485006739851, 892022.065763300983235 ], [ 235301.994284201500705, 892045.165452078683302 ], [ 235296.033048033743398, 892068.964040888240561 ], [ 235292.433186466485495, 892093.232336309971288 ], [ 235291.229368134547258, 892117.736621392308734 ], [ 235292.433186466485495, 892142.240906474646181 ], [ 235296.033048033743398, 892166.509201896376908 ], [ 235301.994284201500705, 892190.307790705934167 ], [ 235310.259485006739851, 892213.407479483634233 ], [ 235320.749052047467558, 892235.585805598762818 ], [ 235333.361965058924397, 892256.629179647192359 ], [ 235347.976754793868167, 892276.33494243316818 ], [ 235364.452672837913269, 892294.513316688942723 ], [ 235382.631047093629604, 892310.989234733046032 ], [ 235402.336809879634529, 892325.604024467989802 ], [ 235423.380183928034967, 892338.216937479446642 ], [ 235445.558510043279966, 892348.706504520145245 ], [ 235468.658198820921825, 892356.971705325413495 ], [ 235492.456787630508188, 892362.932941493112594 ], [ 235516.725083052151604, 892366.532803060370497 ], [ 235541.229368134547258, 892367.736621392308734 ], [ 235565.733653216942912, 892366.532803060370497 ], [ 235590.001948638586327, 892362.932941493112594 ], [ 235613.80053744817269, 892356.971705325413495 ], [ 235636.900226225814549, 892348.706504520145245 ], [ 235659.078552341059549, 892338.216937479446642 ], [ 235680.121926389459986, 892325.604024467989802 ], [ 235699.827689175464911, 892310.989234733046032 ], [ 235718.006063431181246, 892294.513316688942723 ], [ 235734.481981475226348, 892276.33494243316818 ], [ 235749.096771210170118, 892256.629179647192359 ], [ 235761.709684221626958, 892235.585805598762818 ], [ 235772.199251262354665, 892213.407479483634233 ], [ 235780.464452067593811, 892190.307790705934167 ], [ 235786.425688235351117, 892166.509201896376908 ], [ 235790.025549802609021, 892142.240906474646181 ], [ 235791.229368134547258, 892117.736621392308734 ] ] ] } },
{ "type": "Feature", "properties": { "newname": "27_Shell - Nouria", "element": "relation" }, "geometry": { "type": "Polygon", "coordinates": [ [ [ 238876.49024861556245, 901860.228218277916312 ], [ 238878.318804865033599, 901863.226351637393236 ], [ 238872.220472068351228, 901865.214239442837425 ], [ 238877.400016619241796, 901874.4513168213889 ], [ 238882.38382693787571, 901883.331863404600881 ], [ 238887.277878563152626, 901892.056406856281683 ], [ 238892.016952811070951, 901900.502399448305368 ], [ 238902.661578118888428, 901897.140109854517505 ], [ 238903.411757158231921, 901897.033185080857947 ], [ 238897.170926750608487, 901886.07960115687456 ], [ 238892.284259298496181, 901877.510601834859699 ], [ 238887.52808076061774, 901869.175593496533111 ], [ 238881.213804961997084, 901858.088323770440184 ], [ 238882.423109438241227, 901853.90735199523624 ], [ 238875.982120385422604, 901841.897433612146415 ], [ 238873.872643035225337, 901843.518617368303239 ], [ 238868.815419541002484, 901846.412005485151894 ], [ 238871.820713609398808, 901852.604603657848202 ], [ 238876.49024861556245, 901860.228218277916312 ] ] ] } },
{ "type": "Feature", "properties": { "newname": "28_BP", "element": "way" }, "geometry": { "type": "Polygon", "coordinates": [ [ [ 238911.693545566289686, 903270.412824723054655 ], [ 238908.215543613710906, 903276.825030542095192 ], [ 238915.080358185485238, 903280.462016109842807 ], [ 238927.594644889904885, 903287.096122283255681 ], [ 238931.043452159734443, 903288.925822571269237 ], [ 238934.341584491630783, 903282.279365038732067 ], [ 238931.073336773959454, 903280.561742829158902 ], [ 238918.52573095401749, 903273.994093360612169 ], [ 238911.693545566289686, 903270.412824723054655 ] ] ] } },
{ "type": "Feature", "properties": { "newname": "29_Speedway", "element": "way" }, "geometry": { "type": "Polygon", "coordinates": [ [ [ 236557.323704724462004, 896829.202092590043321 ], [ 236547.564505177724641, 896829.073601854150183 ], [ 236547.533527089166455, 896831.861481819069013 ], [ 236547.40864696452627, 896841.613422403577715 ], [ 236547.351945087080821, 896846.178406055434607 ], [ 236547.337062334496295, 896847.455718033132143 ], [ 236557.096294119692175, 896847.573101023444906 ], [ 236557.167367079266114, 896841.830772388144396 ], [ 236557.292549505567877, 896832.023294809856452 ], [ 236557.323704724462004, 896829.202092590043321 ] ] ] } },
{ "type": "Feature", "properties": { "newname": "30_Speedway", "element": "way" }, "geometry": { "type": "Polygon", "coordinates": [ [ [ 236651.044570924015716, 898317.573101187357679 ], [ 236640.948435744736344, 898339.791538013960235 ], [ 236651.324658724683104, 898344.466463085031137 ], [ 236661.420820218016161, 898322.248040963197127 ], [ 236651.044570924015716, 898317.573101187357679 ] ] ] } },
{ "type": "Feature", "properties": { "newname": "31_Sunoco", "element": "way" }, "geometry": { "type": "Polygon", "coordinates": [ [ [ 235364.5000202372903, 897950.458537425263785 ], [ 235363.420064297097269, 897948.875804438837804 ], [ 235346.168950860650511, 897960.552147853653878 ], [ 235333.201654369069729, 897969.339833922334947 ], [ 235340.098708454432199, 897979.438123195315711 ], [ 235352.917088266374776, 897970.760778291267343 ], [ 235370.375010136980563, 897958.929983364767395 ], [ 235368.771451404783875, 897956.578180419863202 ], [ 235364.5000202372903, 897950.458537425263785 ] ] ] } },
{ "type": "Feature", "properties": { "newname": "32_Gulf", "element": "way" }, "geometry": { "type": "Polygon", "coordinates": [ [ [ 234507.999030245497124, 898821.103874208289199 ], [ 234504.903812822070904, 898825.465136391692795 ], [ 234510.627801295719109, 898829.503139225882478 ], [ 234513.7229659887671, 898825.152987019973807 ], [ 234507.999030245497124, 898821.103874208289199 ] ] ] } },
{ "type": "Feature", "properties": { "newname": "33_Mobil", "element": "way" }, "geometry": { "type": "Polygon", "coordinates": [ [ [ 230737.165086381544825, 887374.678876644815318 ], [ 230729.45033019798575, 887375.911454402958043 ], [ 230730.809716680902056, 887384.059186594211496 ], [ 230732.193231543642469, 887392.351422021398321 ], [ 230739.999588400416542, 887390.930419734213501 ], [ 230738.582387561473297, 887382.793540701037273 ], [ 230737.165086381544825, 887374.678876644815318 ] ] ] } },
{ "type": "Feature", "properties": { "newname": "34_Gulf", "element": "way" }, "geometry": { "type": "Polygon", "coordinates": [ [ [ 228873.216368410707219, 900658.911088347900659 ], [ 228859.04214619891718, 900663.8735703403363 ], [ 228863.642966795392567, 900677.010732218739577 ], [ 228872.074885496811476, 900674.057383860577829 ], [ 228876.455840289534535, 900686.560508766677231 ], [ 228882.313631800527219, 900684.507431567762978 ], [ 228877.891950559220277, 900671.893058048561215 ], [ 228887.082910750497831, 900668.676260774955153 ], [ 228885.087969404237811, 900662.95867110346444 ], [ 228875.773289597593248, 900666.208285865839571 ], [ 228873.216368410707219, 900658.911088347900659 ] ] ] } },
{ "type": "Feature", "properties": { "newname": "35_Oak Square Sunoco", "element": "way" }, "geometry": { "type": "Polygon", "coordinates": [ [ [ 227419.495134238328319, 900018.080779398093 ], [ 227398.77944710245356, 900020.732488115201704 ], [ 227399.835229978169082, 900028.889683561399579 ], [ 227414.211729479138739, 900027.046326959505677 ], [ 227415.01961935320287, 900033.269811513833702 ], [ 227421.350538714323193, 900032.461431035771966 ], [ 227419.495134238328319, 900018.080779398093 ] ] ] } },
{ "type": "Feature", "properties": { "newname": "36_US Gas", "element": "way" }, "geometry": { "type": "Polygon", "coordinates": [ [ [ 236306.618079606385436, 896049.94031668570824 ], [ 236296.637086905771866, 896059.030437934678048 ], [ 236302.137890584941488, 896065.023677560617216 ], [ 236312.118824649660382, 896055.944671434117481 ], [ 236306.618079606385436, 896049.94031668570824 ] ] ] } },
{ "type": "Feature", "properties": { "newname": "37_Unknown", "element": "way" }, "geometry": { "type": "Polygon", "coordinates": [ [ [ 235411.865564251318574, 898015.921678232727572 ], [ 235400.807052123534959, 898018.820641256170347 ], [ 235405.570562895387411, 898036.86140117875766 ], [ 235416.629048720875289, 898033.962445545243099 ], [ 235411.865564251318574, 898015.921678232727572 ] ] ] } },
{ "type": "Feature", "properties": { "newname": "38_Shell", "element": "way" }, "geometry": { "type": "Polygon", "coordinates": [ [ [ 233351.136564900749363, 899534.658027291996405 ], [ 233347.554021193878725, 899544.693556633545086 ], [ 233368.168915056041442, 899551.922587898676284 ], [ 233372.424505234666867, 899542.445653002243489 ], [ 233351.136564900749363, 899534.658027291996405 ] ] ] } },
{ "type": "Feature", "properties": { "newname": "39_Gibbs Gas Station", "element": "way" }, "geometry": { "type": "Polygon", "coordinates": [ [ [ 231783.986480722116539, 896158.835975123103708 ], [ 231782.437218601524364, 896149.587380326120183 ], [ 231772.545336893759668, 896151.242151659564115 ], [ 231775.210569186485372, 896167.11596614215523 ], [ 231784.549600146594457, 896165.569776374381036 ], [ 231784.528182870330056, 896164.836572487838566 ], [ 231788.634242207568604, 896164.699626669287682 ], [ 231788.698542953730794, 896166.888130909414031 ], [ 231803.778704472031677, 896166.412046152167022 ], [ 231803.468888189090649, 896156.535914685809985 ], [ 231788.462898790632607, 896157.012335510458797 ], [ 231788.521265884774039, 896158.689859484322369 ], [ 231783.986480722116539, 896158.835975123103708 ] ] ] } },
{ "type": "Feature", "properties": { "newname": "40_Unknown", "element": "way" }, "geometry": { "type": "Polygon", "coordinates": [ [ [ 237772.169541021168698, 892947.239070549607277 ], [ 237767.411205832002452, 892954.811164329294115 ], [ 237769.088139777653851, 892955.853180134552531 ], [ 237774.381902615888976, 892959.158364600036293 ], [ 237779.140242443361785, 892951.586275474284776 ], [ 237773.73154844387318, 892948.180501392693259 ], [ 237772.169541021168698, 892947.239070549607277 ] ] ] } },
{ "type": "Feature", "properties": { "newname": "41_Citgo", "element": "way" }, "geometry": { "type": "Polygon", "coordinates": [ [ [ 237234.335799171938561, 894002.321741490042768 ], [ 237227.558428338787053, 894016.114928784314543 ], [ 237235.174952571018366, 894019.831887406064197 ], [ 237243.531744536245242, 894023.908219809061848 ], [ 237250.309080603648908, 894010.12615508120507 ], [ 237242.06748787430115, 894006.094855467556044 ], [ 237234.335799171938561, 894002.321741490042768 ] ] ] } },
{ "type": "Feature", "properties": { "newname": "42_Unknown", "element": "way" }, "geometry": { "type": "Polygon", "coordinates": [ [ [ 231416.300095628685085, 892215.87096624111291 ], [ 231400.41355837410083, 892217.710551435593516 ], [ 231401.263606693421025, 892225.000930637237616 ], [ 231417.150127733388217, 892223.161347340559587 ], [ 231416.300095628685085, 892215.87096624111291 ] ] ] } },
{ "type": "Feature", "properties": { "newname": "43_Stan Hatoff's", "element": "way" }, "geometry": { "type": "Polygon", "coordinates": [ [ [ 232479.902862140996149, 895273.046369220246561 ], [ 232455.607496796088526, 895290.395456907455809 ], [ 232464.487540594796883, 895302.832604507100768 ], [ 232488.782987935701385, 895285.461332228383981 ], [ 232479.902862140996149, 895273.046369220246561 ] ] ] } },
{ "type": "Feature", "properties": { "newname": "44_Shell", "element": "way" }, "geometry": { "type": "Polygon", "coordinates": [ [ [ 232690.035530607885448, 898180.061282068025321 ], [ 232662.21022630223888, 898192.905769808916375 ], [ 232668.101244078192394, 898205.673713799798861 ], [ 232695.926508938515326, 898192.829249059897847 ], [ 232690.035530607885448, 898180.061282068025321 ] ] ] } },
{ "type": "Feature", "properties": { "newname": "45_Southie Gas", "element": "way" }, "geometry": { "type": "Polygon", "coordinates": [ [ [ 236627.364125495805638, 899083.575048612314276 ], [ 236630.083743069961201, 899086.688292782520875 ], [ 236621.623767052224139, 899094.019775585271418 ], [ 236633.419623523397604, 899107.532770939636976 ], [ 236649.20551615243312, 899093.852522820467129 ], [ 236634.690049824974267, 899077.226254369365051 ], [ 236627.364125495805638, 899083.575048612314276 ] ] ] } },
{ "type": "Feature", "properties": { "newname": "46_Stop & Shop Gas", "element": "way" }, "geometry": { "type": "Polygon", "coordinates": [ [ [ 235875.248647674510721, 897298.789245175081305 ], [ 235903.084773588518146, 897317.970007473835722 ], [ 235907.992245422617998, 897310.89722617645748 ], [ 235880.156104596680962, 897291.716444706195034 ], [ 235875.248647674510721, 897298.789245175081305 ] ] ] } },
{ "type": "Feature", "properties": { "newname": "47_Unknown", "element": "way" }, "geometry": { "type": "Polygon", "coordinates": [ [ [ 232074.523829769692384, 896777.120874406769872 ], [ 232079.490704074967653, 896786.973847408778965 ], [ 232085.90214217218454, 896783.737440122757107 ], [ 232080.935223820299143, 896773.895570120308548 ], [ 232074.523829769692384, 896777.120874406769872 ] ] ] } },
{ "type": "Feature", "properties": { "newname": "48_Nouria", "element": "way" }, "geometry": { "type": "Polygon", "coordinates": [ [ [ 230434.770871026150417, 901459.562680931761861 ], [ 230448.438589428085834, 901461.121448615915142 ], [ 230449.516513263515662, 901451.895547450520098 ], [ 230450.861259334807983, 901440.027149327332154 ], [ 230437.185214755561901, 901438.479448891477659 ], [ 230435.716736701171612, 901450.391744678025134 ], [ 230434.770871026150417, 901459.562680931761861 ] ] ] } },
{ "type": "Feature", "properties": { "newname": "49_Shell", "element": "way" }, "geometry": { "type": "Polygon", "coordinates": [ [ [ 234466.393563645629911, 898945.017855770187452 ], [ 234456.875451982021332, 898956.823171187308617 ], [ 234464.763717445661314, 898963.137731869006529 ], [ 234474.290074384480249, 898951.332467405009083 ], [ 234466.393563645629911, 898945.017855770187452 ] ] ] } },
{ "type": "Feature", "properties": { "newname": "50_Speedway", "element": "way" }, "geometry": { "type": "Polygon", "coordinates": [ [ [ 237306.833526965900091, 892695.488984507974237 ], [ 237275.66185667575337, 892686.62645659095142 ], [ 237273.115645518817473, 892695.510196215473115 ], [ 237304.295586119056679, 892704.361649385187775 ], [ 237306.833526965900091, 892695.488984507974237 ] ] ] } },
{ "type": "Feature", "properties": { "newname": "51_Roger's Services", "element": "way" }, "geometry": { "type": "Polygon", "coordinates": [ [ [ 230400.462518865737366, 887458.633602873422205 ], [ 230395.097685097251087, 887460.476499167620204 ], [ 230390.956251890282147, 887461.902595519786701 ], [ 230393.263428177684546, 887468.554840916069224 ], [ 230402.76968728369684, 887465.285851350054145 ], [ 230400.462518865737366, 887458.633602873422205 ] ] ] } },
{ "type": "Feature", "properties": { "newname": "52_Unknown", "element": "way" }, "geometry": { "type": "Polygon", "coordinates": [ [ [ 227822.069625865522539, 893743.306089105084538 ], [ 227825.953079521626933, 893737.234482336090878 ], [ 227835.396539907553233, 893743.225523631670512 ], [ 227831.513081344950479, 893749.297125252662227 ], [ 227822.069625865522539, 893743.306089105084538 ] ] ] } }
]
}
