{
"type": "FeatureCollection",
"name": "schoolsBoston",
"crs": { "type": "name", "properties": { "name": "urn:ogc:def:crs:EPSG::26986" } },
"features": [
{ "type": "Feature", "properties": { "newname": "0_Boston Police Academy", "element": "node" }, "geometry": { "type": "Polygon", "coordinates": [ [ [ 231837.474811693857191, 888708.279281785245985 ], [ 231836.270993361918954, 888683.774996702908538 ], [ 231832.671131794661051, 888659.506701281177811 ], [ 231826.709895626903744, 888635.708112471620552 ], [ 231818.444694821664598, 888612.608423693920486 ], [ 231807.955127780936891, 888590.430097578791901 ], [ 231795.342214769480051, 888569.38672353036236 ], [ 231780.727425034536282, 888549.680960744386539 ], [ 231764.25150699049118, 888531.502586488611996 ], [ 231746.073132734774845, 888515.026668444508687 ], [ 231726.36736994876992, 888500.411878709564917 ], [ 231705.323995900369482, 888487.798965698108077 ], [ 231683.145669785124483, 888477.309398657409474 ], [ 231660.045981007482624, 888469.044197852141224 ], [ 231636.247392197896261, 888463.082961684442125 ], [ 231611.979096776252845, 888459.483100117184222 ], [ 231587.474811693857191, 888458.279281785245985 ], [ 231562.970526611461537, 888459.483100117184222 ], [ 231538.702231189818121, 888463.082961684442125 ], [ 231514.903642380231759, 888469.044197852141224 ], [ 231491.8039536025899, 888477.309398657409474 ], [ 231469.6256274873449, 888487.798965698108077 ], [ 231448.582253438944463, 888500.411878709564917 ], [ 231428.876490652939538, 888515.026668444508687 ], [ 231410.698116397223203, 888531.502586488611996 ], [ 231394.222198353178101, 888549.680960744386539 ], [ 231379.607408618234331, 888569.38672353036236 ], [ 231366.994495606777491, 888590.430097578791901 ], [ 231356.504928566049784, 888612.608423693920486 ], [ 231348.239727760810638, 888635.708112471620552 ], [ 231342.278491593053332, 888659.506701281177811 ], [ 231338.678630025795428, 888683.774996702908538 ], [ 231337.474811693857191, 888708.279281785245985 ], [ 231338.678630025795428, 888732.783566867583431 ], [ 231342.278491593053332, 888757.051862289314158 ], [ 231348.239727760810638, 888780.850451098871417 ], [ 231356.504928566049784, 888803.950139876571484 ], [ 231366.994495606777491, 888826.128465991700068 ], [ 231379.607408618234331, 888847.171840040129609 ], [ 231394.222198353178101, 888866.877602826105431 ], [ 231410.698116397223203, 888885.055977081879973 ], [ 231428.876490652939538, 888901.531895125983283 ], [ 231448.582253438944463, 888916.146684860927053 ], [ 231469.6256274873449, 888928.759597872383893 ], [ 231491.8039536025899, 888939.249164913082495 ], [ 231514.903642380231759, 888947.514365718350746 ], [ 231538.702231189818121, 888953.475601886049844 ], [ 231562.970526611461537, 888957.075463453307748 ], [ 231587.474811693857191, 888958.279281785245985 ], [ 231611.979096776252845, 888957.075463453307748 ], [ 231636.247392197896261, 888953.475601886049844 ], [ 231660.045981007482624, 888947.514365718350746 ], [ 231683.145669785124483, 888939.249164913082495 ], [ 231705.323995900369482, 888928.759597872383893 ], [ 231726.36736994876992, 888916.146684860927053 ], [ 231746.073132734774845, 888901.531895125983283 ], [ 231764.25150699049118, 888885.055977081879973 ], [ 231780.727425034536282, 888866.877602826105431 ], [ 231795.342214769480051, 888847.171840040129609 ], [ 231807.955127780936891, 888826.128465991700068 ], [ 231818.444694821664598, 888803.950139876571484 ], [ 231826.709895626903744, 888780.850451098871417 ], [ 231832.671131794661051, 888757.051862289314158 ], [ 231836.270993361918954, 888732.783566867583431 ], [ 231837.474811693857191, 888708.279281785245985 ] ] ] } },
{ "type": "Feature", "properties": { "newname": "1_Urban Science Academy", "element": "node" }, "geometry": { "type": "Polygon", "coordinates": [ [ [ 227126.248182741110213, 892442.873255134210922 ], [ 227125.044364409171976, 892418.368970051873475 ], [ 227121.444502841914073, 892394.100674630142748 ], [ 227115.483266674156766, 892370.302085820585489 ], [ 227107.21806586891762, 892347.202397042885423 ], [ 227096.728498828189913, 892325.024070927756839 ], [ 227084.115585816733073, 892303.980696879327297 ], [ 227069.500796081789304, 892284.274934093351476 ], [ 227053.024878037744202, 892266.096559837576933 ], [ 227034.846503782027867, 892249.620641793473624 ], [ 227015.140740996022942, 892235.005852058529854 ], [ 226994.097366947622504, 892222.392939047073014 ], [ 226971.919040832377505, 892211.903372006374411 ], [ 226948.819352054735646, 892203.638171201106161 ], [ 226925.020763245149283, 892197.676935033407062 ], [ 226900.752467823505867, 892194.077073466149159 ], [ 226876.248182741110213, 892192.873255134210922 ], [ 226851.743897658714559, 892194.077073466149159 ], [ 226827.475602237071143, 892197.676935033407062 ], [ 226803.677013427484781, 892203.638171201106161 ], [ 226780.577324649842922, 892211.903372006374411 ], [ 226758.398998534597922, 892222.392939047073014 ], [ 226737.355624486197485, 892235.005852058529854 ], [ 226717.64986170019256, 892249.620641793473624 ], [ 226699.471487444476224, 892266.096559837576933 ], [ 226682.995569400431123, 892284.274934093351476 ], [ 226668.380779665487353, 892303.980696879327297 ], [ 226655.767866654030513, 892325.024070927756839 ], [ 226645.278299613302806, 892347.202397042885423 ], [ 226637.01309880806366, 892370.302085820585489 ], [ 226631.051862640306354, 892394.100674630142748 ], [ 226627.45200107304845, 892418.368970051873475 ], [ 226626.248182741110213, 892442.873255134210922 ], [ 226627.45200107304845, 892467.377540216548368 ], [ 226631.051862640306354, 892491.645835638279095 ], [ 226637.01309880806366, 892515.444424447836354 ], [ 226645.278299613302806, 892538.544113225536421 ], [ 226655.767866654030513, 892560.722439340665005 ], [ 226668.380779665487353, 892581.765813389094546 ], [ 226682.995569400431123, 892601.471576175070368 ], [ 226699.471487444476224, 892619.64995043084491 ], [ 226717.64986170019256, 892636.12586847494822 ], [ 226737.355624486197485, 892650.74065820989199 ], [ 226758.398998534597922, 892663.35357122134883 ], [ 226780.577324649842922, 892673.843138262047432 ], [ 226803.677013427484781, 892682.108339067315683 ], [ 226827.475602237071143, 892688.069575235014781 ], [ 226851.743897658714559, 892691.669436802272685 ], [ 226876.248182741110213, 892692.873255134210922 ], [ 226900.752467823505867, 892691.669436802272685 ], [ 226925.020763245149283, 892688.069575235014781 ], [ 226948.819352054735646, 892682.108339067315683 ], [ 226971.919040832377505, 892673.843138262047432 ], [ 226994.097366947622504, 892663.35357122134883 ], [ 227015.140740996022942, 892650.74065820989199 ], [ 227034.846503782027867, 892636.12586847494822 ], [ 227053.024878037744202, 892619.64995043084491 ], [ 227069.500796081789304, 892601.471576175070368 ], [ 227084.115585816733073, 892581.765813389094546 ], [ 227096.728498828189913, 892560.722439340665005 ], [ 227107.21806586891762, 892538.544113225536421 ], [ 227115.483266674156766, 892515.444424447836354 ], [ 227121.444502841914073, 892491.645835638279095 ], [ 227125.044364409171976, 892467.377540216548368 ], [ 227126.248182741110213, 892442.873255134210922 ] ] ] } },
{ "type": "Feature", "properties": { "newname": "2_Boston Middle School Academy", "element": "node" }, "geometry": { "type": "Polygon", "coordinates": [ [ [ 234431.83518032199936, 894623.349644921370782 ], [ 234430.631361990061123, 894598.845359839033335 ], [ 234427.031500422803219, 894574.577064417302608 ], [ 234421.070264255045913, 894550.778475607745349 ], [ 234412.805063449806767, 894527.678786830045283 ], [ 234402.31549640907906, 894505.500460714916699 ], [ 234389.70258339762222, 894484.457086666487157 ], [ 234375.08779366267845, 894464.751323880511336 ], [ 234358.611875618633348, 894446.572949624736793 ], [ 234340.433501362917013, 894430.097031580633484 ], [ 234320.727738576912088, 894415.482241845689714 ], [ 234299.684364528511651, 894402.869328834232874 ], [ 234277.506038413266651, 894392.379761793534271 ], [ 234254.406349635624792, 894384.114560988266021 ], [ 234230.60776082603843, 894378.153324820566922 ], [ 234206.339465404395014, 894374.553463253309019 ], [ 234181.83518032199936, 894373.349644921370782 ], [ 234157.330895239603706, 894374.553463253309019 ], [ 234133.06259981796029, 894378.153324820566922 ], [ 234109.264011008373927, 894384.114560988266021 ], [ 234086.164322230732068, 894392.379761793534271 ], [ 234063.985996115487069, 894402.869328834232874 ], [ 234042.942622067086631, 894415.482241845689714 ], [ 234023.236859281081706, 894430.097031580633484 ], [ 234005.058485025365371, 894446.572949624736793 ], [ 233988.582566981320269, 894464.751323880511336 ], [ 233973.9677772463765, 894484.457086666487157 ], [ 233961.35486423491966, 894505.500460714916699 ], [ 233950.865297194191953, 894527.678786830045283 ], [ 233942.600096388952807, 894550.778475607745349 ], [ 233936.6388602211955, 894574.577064417302608 ], [ 233933.038998653937597, 894598.845359839033335 ], [ 233931.83518032199936, 894623.349644921370782 ], [ 233933.038998653937597, 894647.853930003708228 ], [ 233936.6388602211955, 894672.122225425438955 ], [ 233942.600096388952807, 894695.920814234996215 ], [ 233950.865297194191953, 894719.020503012696281 ], [ 233961.35486423491966, 894741.198829127824865 ], [ 233973.9677772463765, 894762.242203176254407 ], [ 233988.582566981320269, 894781.947965962230228 ], [ 234005.058485025365371, 894800.126340218004771 ], [ 234023.236859281081706, 894816.60225826210808 ], [ 234042.942622067086631, 894831.21704799705185 ], [ 234063.985996115487069, 894843.82996100850869 ], [ 234086.164322230732068, 894854.319528049207292 ], [ 234109.264011008373927, 894862.584728854475543 ], [ 234133.06259981796029, 894868.545965022174641 ], [ 234157.330895239603706, 894872.145826589432545 ], [ 234181.83518032199936, 894873.349644921370782 ], [ 234206.339465404395014, 894872.145826589432545 ], [ 234230.60776082603843, 894868.545965022174641 ], [ 234254.406349635624792, 894862.584728854475543 ], [ 234277.506038413266651, 894854.319528049207292 ], [ 234299.684364528511651, 894843.82996100850869 ], [ 234320.727738576912088, 894831.21704799705185 ], [ 234340.433501362917013, 894816.60225826210808 ], [ 234358.611875618633348, 894800.126340218004771 ], [ 234375.08779366267845, 894781.947965962230228 ], [ 234389.70258339762222, 894762.242203176254407 ], [ 234402.31549640907906, 894741.198829127824865 ], [ 234412.805063449806767, 894719.020503012696281 ], [ 234421.070264255045913, 894695.920814234996215 ], [ 234427.031500422803219, 894672.122225425438955 ], [ 234430.631361990061123, 894647.853930003708228 ], [ 234431.83518032199936, 894623.349644921370782 ] ] ] } },
{ "type": "Feature", "properties": { "newname": "3_Ralph Waldo Emerson School", "element": "node" }, "geometry": { "type": "Polygon", "coordinates": [ [ [ 235459.733122403122252, 897088.576555203879252 ], [ 235458.529304071184015, 897064.072270121541806 ], [ 235454.929442503926111, 897039.803974699811079 ], [ 235448.968206336168805, 897016.00538589025382 ], [ 235440.703005530929659, 896992.905697112553753 ], [ 235430.213438490201952, 896970.727370997425169 ], [ 235417.600525478745112, 896949.683996948995627 ], [ 235402.985735743801342, 896929.978234163019806 ], [ 235386.50981769975624, 896911.799859907245263 ], [ 235368.331443444039905, 896895.323941863141954 ], [ 235348.62568065803498, 896880.709152128198184 ], [ 235327.582306609634543, 896868.096239116741344 ], [ 235305.403980494389543, 896857.606672076042742 ], [ 235282.304291716747684, 896849.341471270774491 ], [ 235258.505702907161321, 896843.380235103075393 ], [ 235234.237407485517906, 896839.780373535817489 ], [ 235209.733122403122252, 896838.576555203879252 ], [ 235185.228837320726598, 896839.780373535817489 ], [ 235160.960541899083182, 896843.380235103075393 ], [ 235137.161953089496819, 896849.341471270774491 ], [ 235114.06226431185496, 896857.606672076042742 ], [ 235091.883938196609961, 896868.096239116741344 ], [ 235070.840564148209523, 896880.709152128198184 ], [ 235051.134801362204598, 896895.323941863141954 ], [ 235032.956427106488263, 896911.799859907245263 ], [ 235016.480509062443161, 896929.978234163019806 ], [ 235001.865719327499392, 896949.683996948995627 ], [ 234989.252806316042552, 896970.727370997425169 ], [ 234978.763239275314845, 896992.905697112553753 ], [ 234970.498038470075699, 897016.00538589025382 ], [ 234964.536802302318392, 897039.803974699811079 ], [ 234960.936940735060489, 897064.072270121541806 ], [ 234959.733122403122252, 897088.576555203879252 ], [ 234960.936940735060489, 897113.080840286216699 ], [ 234964.536802302318392, 897137.349135707947426 ], [ 234970.498038470075699, 897161.147724517504685 ], [ 234978.763239275314845, 897184.247413295204751 ], [ 234989.252806316042552, 897206.425739410333335 ], [ 235001.865719327499392, 897227.469113458762877 ], [ 235016.480509062443161, 897247.174876244738698 ], [ 235032.956427106488263, 897265.353250500513241 ], [ 235051.134801362204598, 897281.82916854461655 ], [ 235070.840564148209523, 897296.44395827956032 ], [ 235091.883938196609961, 897309.05687129101716 ], [ 235114.06226431185496, 897319.546438331715763 ], [ 235137.161953089496819, 897327.811639136984013 ], [ 235160.960541899083182, 897333.772875304683112 ], [ 235185.228837320726598, 897337.372736871941015 ], [ 235209.733122403122252, 897338.576555203879252 ], [ 235234.237407485517906, 897337.372736871941015 ], [ 235258.505702907161321, 897333.772875304683112 ], [ 235282.304291716747684, 897327.811639136984013 ], [ 235305.403980494389543, 897319.546438331715763 ], [ 235327.582306609634543, 897309.05687129101716 ], [ 235348.62568065803498, 897296.44395827956032 ], [ 235368.331443444039905, 897281.82916854461655 ], [ 235386.50981769975624, 897265.353250500513241 ], [ 235402.985735743801342, 897247.174876244738698 ], [ 235417.600525478745112, 897227.469113458762877 ], [ 235430.213438490201952, 897206.425739410333335 ], [ 235440.703005530929659, 897184.247413295204751 ], [ 235448.968206336168805, 897161.147724517504685 ], [ 235454.929442503926111, 897137.349135707947426 ], [ 235458.529304071184015, 897113.080840286216699 ], [ 235459.733122403122252, 897088.576555203879252 ] ] ] } },
{ "type": "Feature", "properties": { "newname": "4_John Paul II Polish School", "element": "node" }, "geometry": { "type": "Polygon", "coordinates": [ [ [ 236701.630942481395323, 897587.400857447180897 ], [ 236700.427124149457086, 897562.89657236484345 ], [ 236696.827262582199182, 897538.628276943112724 ], [ 236690.866026414441876, 897514.829688133555464 ], [ 236682.60082560920273, 897491.729999355855398 ], [ 236672.111258568475023, 897469.551673240726814 ], [ 236659.498345557018183, 897448.508299192297272 ], [ 236644.883555822074413, 897428.802536406321451 ], [ 236628.407637778029311, 897410.624162150546908 ], [ 236610.229263522312976, 897394.148244106443599 ], [ 236590.523500736308051, 897379.533454371499829 ], [ 236569.480126687907614, 897366.920541360042989 ], [ 236547.301800572662614, 897356.430974319344386 ], [ 236524.202111795020755, 897348.165773514076136 ], [ 236500.403522985434392, 897342.204537346377037 ], [ 236476.135227563790977, 897338.604675779119134 ], [ 236451.630942481395323, 897337.400857447180897 ], [ 236427.126657398999669, 897338.604675779119134 ], [ 236402.858361977356253, 897342.204537346377037 ], [ 236379.05977316776989, 897348.165773514076136 ], [ 236355.960084390128031, 897356.430974319344386 ], [ 236333.781758274883032, 897366.920541360042989 ], [ 236312.738384226482594, 897379.533454371499829 ], [ 236293.032621440477669, 897394.148244106443599 ], [ 236274.854247184761334, 897410.624162150546908 ], [ 236258.378329140716232, 897428.802536406321451 ], [ 236243.763539405772462, 897448.508299192297272 ], [ 236231.150626394315623, 897469.551673240726814 ], [ 236220.661059353587916, 897491.729999355855398 ], [ 236212.39585854834877, 897514.829688133555464 ], [ 236206.434622380591463, 897538.628276943112724 ], [ 236202.83476081333356, 897562.89657236484345 ], [ 236201.630942481395323, 897587.400857447180897 ], [ 236202.83476081333356, 897611.905142529518344 ], [ 236206.434622380591463, 897636.17343795124907 ], [ 236212.39585854834877, 897659.97202676080633 ], [ 236220.661059353587916, 897683.071715538506396 ], [ 236231.150626394315623, 897705.25004165363498 ], [ 236243.763539405772462, 897726.293415702064522 ], [ 236258.378329140716232, 897745.999178488040343 ], [ 236274.854247184761334, 897764.177552743814886 ], [ 236293.032621440477669, 897780.653470787918195 ], [ 236312.738384226482594, 897795.268260522861965 ], [ 236333.781758274883032, 897807.881173534318805 ], [ 236355.960084390128031, 897818.370740575017408 ], [ 236379.05977316776989, 897826.635941380285658 ], [ 236402.858361977356253, 897832.597177547984757 ], [ 236427.126657398999669, 897836.19703911524266 ], [ 236451.630942481395323, 897837.400857447180897 ], [ 236476.135227563790977, 897836.19703911524266 ], [ 236500.403522985434392, 897832.597177547984757 ], [ 236524.202111795020755, 897826.635941380285658 ], [ 236547.301800572662614, 897818.370740575017408 ], [ 236569.480126687907614, 897807.881173534318805 ], [ 236590.523500736308051, 897795.268260522861965 ], [ 236610.229263522312976, 897780.653470787918195 ], [ 236628.407637778029311, 897764.177552743814886 ], [ 236644.883555822074413, 897745.999178488040343 ], [ 236659.498345557018183, 897726.293415702064522 ], [ 236672.111258568475023, 897705.25004165363498 ], [ 236682.60082560920273, 897683.071715538506396 ], [ 236690.866026414441876, 897659.97202676080633 ], [ 236696.827262582199182, 897636.17343795124907 ], [ 236700.427124149457086, 897611.905142529518344 ], [ 236701.630942481395323, 897587.400857447180897 ] ] ] } },
{ "type": "Feature", "properties": { "newname": "5_Academy Of the Pacific Rim Charter Public School", "element": "node" }, "geometry": { "type": "Polygon", "coordinates": [ [ [ 230609.879587242292473, 888407.361898514325731 ], [ 230608.675768910354236, 888382.857613431988284 ], [ 230605.075907343096333, 888358.589318010257557 ], [ 230599.114671175339026, 888334.790729200700298 ], [ 230590.84947037009988, 888311.691040423000231 ], [ 230580.359903329372173, 888289.512714307871647 ], [ 230567.746990317915333, 888268.469340259442106 ], [ 230553.132200582971564, 888248.763577473466285 ], [ 230536.656282538926462, 888230.585203217691742 ], [ 230518.477908283210127, 888214.109285173588432 ], [ 230498.772145497205202, 888199.494495438644662 ], [ 230477.728771448804764, 888186.881582427187823 ], [ 230455.550445333559765, 888176.39201538648922 ], [ 230432.450756555917906, 888168.12681458122097 ], [ 230408.652167746331543, 888162.165578413521871 ], [ 230384.383872324688127, 888158.565716846263967 ], [ 230359.879587242292473, 888157.361898514325731 ], [ 230335.375302159896819, 888158.565716846263967 ], [ 230311.107006738253403, 888162.165578413521871 ], [ 230287.308417928667041, 888168.12681458122097 ], [ 230264.208729151025182, 888176.39201538648922 ], [ 230242.030403035780182, 888186.881582427187823 ], [ 230220.987028987379745, 888199.494495438644662 ], [ 230201.28126620137482, 888214.109285173588432 ], [ 230183.102891945658484, 888230.585203217691742 ], [ 230166.626973901613383, 888248.763577473466285 ], [ 230152.012184166669613, 888268.469340259442106 ], [ 230139.399271155212773, 888289.512714307871647 ], [ 230128.909704114485066, 888311.691040423000231 ], [ 230120.64450330924592, 888334.790729200700298 ], [ 230114.683267141488614, 888358.589318010257557 ], [ 230111.08340557423071, 888382.857613431988284 ], [ 230109.879587242292473, 888407.361898514325731 ], [ 230111.08340557423071, 888431.866183596663177 ], [ 230114.683267141488614, 888456.134479018393904 ], [ 230120.64450330924592, 888479.933067827951163 ], [ 230128.909704114485066, 888503.03275660565123 ], [ 230139.399271155212773, 888525.211082720779814 ], [ 230152.012184166669613, 888546.254456769209355 ], [ 230166.626973901613383, 888565.960219555185176 ], [ 230183.102891945658484, 888584.138593810959719 ], [ 230201.28126620137482, 888600.614511855063029 ], [ 230220.987028987379745, 888615.229301590006799 ], [ 230242.030403035780182, 888627.842214601463638 ], [ 230264.208729151025182, 888638.331781642162241 ], [ 230287.308417928667041, 888646.596982447430491 ], [ 230311.107006738253403, 888652.55821861512959 ], [ 230335.375302159896819, 888656.158080182387494 ], [ 230359.879587242292473, 888657.361898514325731 ], [ 230384.383872324688127, 888656.158080182387494 ], [ 230408.652167746331543, 888652.55821861512959 ], [ 230432.450756555917906, 888646.596982447430491 ], [ 230455.550445333559765, 888638.331781642162241 ], [ 230477.728771448804764, 888627.842214601463638 ], [ 230498.772145497205202, 888615.229301590006799 ], [ 230518.477908283210127, 888600.614511855063029 ], [ 230536.656282538926462, 888584.138593810959719 ], [ 230553.132200582971564, 888565.960219555185176 ], [ 230567.746990317915333, 888546.254456769209355 ], [ 230580.359903329372173, 888525.211082720779814 ], [ 230590.84947037009988, 888503.03275660565123 ], [ 230599.114671175339026, 888479.933067827951163 ], [ 230605.075907343096333, 888456.134479018393904 ], [ 230608.675768910354236, 888431.866183596663177 ], [ 230609.879587242292473, 888407.361898514325731 ] ] ] } },
{ "type": "Feature", "properties": { "newname": "6_Smith Leadership Academy Charter Public School", "element": "node" }, "geometry": { "type": "Polygon", "coordinates": [ [ [ 236639.920185325521743, 894627.863263717852533 ], [ 236638.716366993583506, 894603.358978635515086 ], [ 236635.116505426325602, 894579.090683213784359 ], [ 236629.155269258568296, 894555.2920944042271 ], [ 236620.89006845332915, 894532.192405626527034 ], [ 236610.400501412601443, 894510.01407951139845 ], [ 236597.787588401144603, 894488.970705462968908 ], [ 236583.172798666200833, 894469.264942676993087 ], [ 236566.696880622155732, 894451.086568421218544 ], [ 236548.518506366439397, 894434.610650377115235 ], [ 236528.812743580434471, 894419.995860642171465 ], [ 236507.769369532034034, 894407.382947630714625 ], [ 236485.591043416789034, 894396.893380590016022 ], [ 236462.491354639147175, 894388.628179784747772 ], [ 236438.692765829560813, 894382.666943617048673 ], [ 236414.424470407917397, 894379.06708204979077 ], [ 236389.920185325521743, 894377.863263717852533 ], [ 236365.415900243126089, 894379.06708204979077 ], [ 236341.147604821482673, 894382.666943617048673 ], [ 236317.34901601189631, 894388.628179784747772 ], [ 236294.249327234254451, 894396.893380590016022 ], [ 236272.071001119009452, 894407.382947630714625 ], [ 236251.027627070609014, 894419.995860642171465 ], [ 236231.321864284604089, 894434.610650377115235 ], [ 236213.143490028887754, 894451.086568421218544 ], [ 236196.667571984842652, 894469.264942676993087 ], [ 236182.052782249898883, 894488.970705462968908 ], [ 236169.439869238442043, 894510.01407951139845 ], [ 236158.950302197714336, 894532.192405626527034 ], [ 236150.68510139247519, 894555.2920944042271 ], [ 236144.723865224717883, 894579.090683213784359 ], [ 236141.12400365745998, 894603.358978635515086 ], [ 236139.920185325521743, 894627.863263717852533 ], [ 236141.12400365745998, 894652.367548800189979 ], [ 236144.723865224717883, 894676.635844221920706 ], [ 236150.68510139247519, 894700.434433031477965 ], [ 236158.950302197714336, 894723.534121809178032 ], [ 236169.439869238442043, 894745.712447924306616 ], [ 236182.052782249898883, 894766.755821972736157 ], [ 236196.667571984842652, 894786.461584758711979 ], [ 236213.143490028887754, 894804.639959014486521 ], [ 236231.321864284604089, 894821.115877058589831 ], [ 236251.027627070609014, 894835.730666793533601 ], [ 236272.071001119009452, 894848.343579804990441 ], [ 236294.249327234254451, 894858.833146845689043 ], [ 236317.34901601189631, 894867.098347650957294 ], [ 236341.147604821482673, 894873.059583818656392 ], [ 236365.415900243126089, 894876.659445385914296 ], [ 236389.920185325521743, 894877.863263717852533 ], [ 236414.424470407917397, 894876.659445385914296 ], [ 236438.692765829560813, 894873.059583818656392 ], [ 236462.491354639147175, 894867.098347650957294 ], [ 236485.591043416789034, 894858.833146845689043 ], [ 236507.769369532034034, 894848.343579804990441 ], [ 236528.812743580434471, 894835.730666793533601 ], [ 236548.518506366439397, 894821.115877058589831 ], [ 236566.696880622155732, 894804.639959014486521 ], [ 236583.172798666200833, 894786.461584758711979 ], [ 236597.787588401144603, 894766.755821972736157 ], [ 236610.400501412601443, 894745.712447924306616 ], [ 236620.89006845332915, 894723.534121809178032 ], [ 236629.155269258568296, 894700.434433031477965 ], [ 236635.116505426325602, 894676.635844221920706 ], [ 236638.716366993583506, 894652.367548800189979 ], [ 236639.920185325521743, 894627.863263717852533 ] ] ] } },
{ "type": "Feature", "properties": { "newname": "7_The Learning Project Elementary School", "element": "node" }, "geometry": { "type": "Polygon", "coordinates": [ [ [ 235092.570613926247461, 900424.09638015110977 ], [ 235091.366795594309224, 900399.592095068772323 ], [ 235087.76693402705132, 900375.323799647041596 ], [ 235081.805697859294014, 900351.525210837484337 ], [ 235073.540497054054867, 900328.425522059784271 ], [ 235063.050930013327161, 900306.247195944655687 ], [ 235050.438017001870321, 900285.203821896226145 ], [ 235035.823227266926551, 900265.498059110250324 ], [ 235019.347309222881449, 900247.319684854475781 ], [ 235001.168934967165114, 900230.843766810372472 ], [ 234981.463172181160189, 900216.228977075428702 ], [ 234960.419798132759752, 900203.616064063971862 ], [ 234938.241472017514752, 900193.126497023273259 ], [ 234915.141783239872893, 900184.861296218005009 ], [ 234891.34319443028653, 900178.90006005030591 ], [ 234867.074899008643115, 900175.300198483048007 ], [ 234842.570613926247461, 900174.09638015110977 ], [ 234818.066328843851807, 900175.300198483048007 ], [ 234793.798033422208391, 900178.90006005030591 ], [ 234769.999444612622028, 900184.861296218005009 ], [ 234746.899755834980169, 900193.126497023273259 ], [ 234724.72142971973517, 900203.616064063971862 ], [ 234703.678055671334732, 900216.228977075428702 ], [ 234683.972292885329807, 900230.843766810372472 ], [ 234665.793918629613472, 900247.319684854475781 ], [ 234649.31800058556837, 900265.498059110250324 ], [ 234634.7032108506246, 900285.203821896226145 ], [ 234622.090297839167761, 900306.247195944655687 ], [ 234611.600730798440054, 900328.425522059784271 ], [ 234603.335529993200907, 900351.525210837484337 ], [ 234597.374293825443601, 900375.323799647041596 ], [ 234593.774432258185698, 900399.592095068772323 ], [ 234592.570613926247461, 900424.09638015110977 ], [ 234593.774432258185698, 900448.600665233447216 ], [ 234597.374293825443601, 900472.868960655177943 ], [ 234603.335529993200907, 900496.667549464735202 ], [ 234611.600730798440054, 900519.767238242435269 ], [ 234622.090297839167761, 900541.945564357563853 ], [ 234634.7032108506246, 900562.988938405993395 ], [ 234649.31800058556837, 900582.694701191969216 ], [ 234665.793918629613472, 900600.873075447743759 ], [ 234683.972292885329807, 900617.348993491847068 ], [ 234703.678055671334732, 900631.963783226790838 ], [ 234724.72142971973517, 900644.576696238247678 ], [ 234746.899755834980169, 900655.06626327894628 ], [ 234769.999444612622028, 900663.331464084214531 ], [ 234793.798033422208391, 900669.292700251913629 ], [ 234818.066328843851807, 900672.892561819171533 ], [ 234842.570613926247461, 900674.09638015110977 ], [ 234867.074899008643115, 900672.892561819171533 ], [ 234891.34319443028653, 900669.292700251913629 ], [ 234915.141783239872893, 900663.331464084214531 ], [ 234938.241472017514752, 900655.06626327894628 ], [ 234960.419798132759752, 900644.576696238247678 ], [ 234981.463172181160189, 900631.963783226790838 ], [ 235001.168934967165114, 900617.348993491847068 ], [ 235019.347309222881449, 900600.873075447743759 ], [ 235035.823227266926551, 900582.694701191969216 ], [ 235050.438017001870321, 900562.988938405993395 ], [ 235063.050930013327161, 900541.945564357563853 ], [ 235073.540497054054867, 900519.767238242435269 ], [ 235081.805697859294014, 900496.667549464735202 ], [ 235087.76693402705132, 900472.868960655177943 ], [ 235091.366795594309224, 900448.600665233447216 ], [ 235092.570613926247461, 900424.09638015110977 ] ] ] } },
{ "type": "Feature", "properties": { "newname": "8_Lyndon", "element": "node" }, "geometry": { "type": "Polygon", "coordinates": [ [ [ 228924.576562243193621, 893633.998608090332709 ], [ 228923.372743911255384, 893609.494323007995263 ], [ 228919.77288234399748, 893585.226027586264536 ], [ 228913.811646176240174, 893561.427438776707277 ], [ 228905.546445371001028, 893538.32774999900721 ], [ 228895.056878330273321, 893516.149423883878626 ], [ 228882.443965318816481, 893495.106049835449085 ], [ 228867.829175583872711, 893475.400287049473263 ], [ 228851.353257539827609, 893457.221912793698721 ], [ 228833.174883284111274, 893440.745994749595411 ], [ 228813.469120498106349, 893426.131205014651641 ], [ 228792.425746449705912, 893413.518292003194802 ], [ 228770.247420334460912, 893403.028724962496199 ], [ 228747.147731556819053, 893394.763524157227948 ], [ 228723.34914274723269, 893388.80228798952885 ], [ 228699.080847325589275, 893385.202426422270946 ], [ 228674.576562243193621, 893383.998608090332709 ], [ 228650.072277160797967, 893385.202426422270946 ], [ 228625.803981739154551, 893388.80228798952885 ], [ 228602.005392929568188, 893394.763524157227948 ], [ 228578.905704151926329, 893403.028724962496199 ], [ 228556.72737803668133, 893413.518292003194802 ], [ 228535.684003988280892, 893426.131205014651641 ], [ 228515.978241202275967, 893440.745994749595411 ], [ 228497.799866946559632, 893457.221912793698721 ], [ 228481.32394890251453, 893475.400287049473263 ], [ 228466.70915916757076, 893495.106049835449085 ], [ 228454.096246156113921, 893516.149423883878626 ], [ 228443.606679115386214, 893538.32774999900721 ], [ 228435.341478310147068, 893561.427438776707277 ], [ 228429.380242142389761, 893585.226027586264536 ], [ 228425.780380575131858, 893609.494323007995263 ], [ 228424.576562243193621, 893633.998608090332709 ], [ 228425.780380575131858, 893658.502893172670156 ], [ 228429.380242142389761, 893682.771188594400883 ], [ 228435.341478310147068, 893706.569777403958142 ], [ 228443.606679115386214, 893729.669466181658208 ], [ 228454.096246156113921, 893751.847792296786793 ], [ 228466.70915916757076, 893772.891166345216334 ], [ 228481.32394890251453, 893792.596929131192155 ], [ 228497.799866946559632, 893810.775303386966698 ], [ 228515.978241202275967, 893827.251221431070007 ], [ 228535.684003988280892, 893841.866011166013777 ], [ 228556.72737803668133, 893854.478924177470617 ], [ 228578.905704151926329, 893864.96849121816922 ], [ 228602.005392929568188, 893873.23369202343747 ], [ 228625.803981739154551, 893879.194928191136569 ], [ 228650.072277160797967, 893882.794789758394472 ], [ 228674.576562243193621, 893883.998608090332709 ], [ 228699.080847325589275, 893882.794789758394472 ], [ 228723.34914274723269, 893879.194928191136569 ], [ 228747.147731556819053, 893873.23369202343747 ], [ 228770.247420334460912, 893864.96849121816922 ], [ 228792.425746449705912, 893854.478924177470617 ], [ 228813.469120498106349, 893841.866011166013777 ], [ 228833.174883284111274, 893827.251221431070007 ], [ 228851.353257539827609, 893810.775303386966698 ], [ 228867.829175583872711, 893792.596929131192155 ], [ 228882.443965318816481, 893772.891166345216334 ], [ 228895.056878330273321, 893751.847792296786793 ], [ 228905.546445371001028, 893729.669466181658208 ], [ 228913.811646176240174, 893706.569777403958142 ], [ 228919.77288234399748, 893682.771188594400883 ], [ 228923.372743911255384, 893658.502893172670156 ], [ 228924.576562243193621, 893633.998608090332709 ] ] ] } },
{ "type": "Feature", "properties": { "newname": "9_Eliot Elementary", "element": "node" }, "geometry": { "type": "Polygon", "coordinates": [ [ [ 237039.533083496324252, 901828.89621201553382 ], [ 237038.329265164386015, 901804.391926933196373 ], [ 237034.729403597128112, 901780.123631511465646 ], [ 237028.768167429370806, 901756.325042701908387 ], [ 237020.502966624131659, 901733.225353924208321 ], [ 237010.013399583403952, 901711.047027809079736 ], [ 236997.400486571947113, 901690.003653760650195 ], [ 236982.785696837003343, 901670.297890974674374 ], [ 236966.309778792958241, 901652.119516718899831 ], [ 236948.131404537241906, 901635.643598674796522 ], [ 236928.425641751236981, 901621.028808939852752 ], [ 236907.382267702836543, 901608.415895928395912 ], [ 236885.203941587591544, 901597.926328887697309 ], [ 236862.104252809949685, 901589.661128082429059 ], [ 236838.305664000363322, 901583.69989191472996 ], [ 236814.037368578719907, 901580.100030347472057 ], [ 236789.533083496324252, 901578.89621201553382 ], [ 236765.028798413928598, 901580.100030347472057 ], [ 236740.760502992285183, 901583.69989191472996 ], [ 236716.96191418269882, 901589.661128082429059 ], [ 236693.862225405056961, 901597.926328887697309 ], [ 236671.683899289811961, 901608.415895928395912 ], [ 236650.640525241411524, 901621.028808939852752 ], [ 236630.934762455406599, 901635.643598674796522 ], [ 236612.756388199690264, 901652.119516718899831 ], [ 236596.280470155645162, 901670.297890974674374 ], [ 236581.665680420701392, 901690.003653760650195 ], [ 236569.052767409244552, 901711.047027809079736 ], [ 236558.563200368516846, 901733.225353924208321 ], [ 236550.297999563277699, 901756.325042701908387 ], [ 236544.336763395520393, 901780.123631511465646 ], [ 236540.736901828262489, 901804.391926933196373 ], [ 236539.533083496324252, 901828.89621201553382 ], [ 236540.736901828262489, 901853.400497097871266 ], [ 236544.336763395520393, 901877.668792519601993 ], [ 236550.297999563277699, 901901.467381329159252 ], [ 236558.563200368516846, 901924.567070106859319 ], [ 236569.052767409244552, 901946.745396221987903 ], [ 236581.665680420701392, 901967.788770270417444 ], [ 236596.280470155645162, 901987.494533056393266 ], [ 236612.756388199690264, 902005.672907312167808 ], [ 236630.934762455406599, 902022.148825356271118 ], [ 236650.640525241411524, 902036.763615091214888 ], [ 236671.683899289811961, 902049.376528102671728 ], [ 236693.862225405056961, 902059.86609514337033 ], [ 236716.96191418269882, 902068.131295948638581 ], [ 236740.760502992285183, 902074.092532116337679 ], [ 236765.028798413928598, 902077.692393683595583 ], [ 236789.533083496324252, 902078.89621201553382 ], [ 236814.037368578719907, 902077.692393683595583 ], [ 236838.305664000363322, 902074.092532116337679 ], [ 236862.104252809949685, 902068.131295948638581 ], [ 236885.203941587591544, 902059.86609514337033 ], [ 236907.382267702836543, 902049.376528102671728 ], [ 236928.425641751236981, 902036.763615091214888 ], [ 236948.131404537241906, 902022.148825356271118 ], [ 236966.309778792958241, 902005.672907312167808 ], [ 236982.785696837003343, 901987.494533056393266 ], [ 236997.400486571947113, 901967.788770270417444 ], [ 237010.013399583403952, 901946.745396221987903 ], [ 237020.502966624131659, 901924.567070106859319 ], [ 237028.768167429370806, 901901.467381329159252 ], [ 237034.729403597128112, 901877.668792519601993 ], [ 237038.329265164386015, 901853.400497097871266 ], [ 237039.533083496324252, 901828.89621201553382 ] ] ] } },
{ "type": "Feature", "properties": { "newname": "10_Josiah Quincy Upper School", "element": "node" }, "geometry": { "type": "Polygon", "coordinates": [ [ [ 235772.642187189834658, 899855.271963534527458 ], [ 235771.438368857896421, 899830.767678452190012 ], [ 235767.838507290638518, 899806.499383030459285 ], [ 235761.877271122881211, 899782.700794220902026 ], [ 235753.612070317642065, 899759.601105443201959 ], [ 235743.122503276914358, 899737.422779328073375 ], [ 235730.509590265457518, 899716.379405279643834 ], [ 235715.894800530513749, 899696.673642493668012 ], [ 235699.418882486468647, 899678.49526823789347 ], [ 235681.240508230752312, 899662.01935019379016 ], [ 235661.534745444747387, 899647.40456045884639 ], [ 235640.491371396346949, 899634.791647447389551 ], [ 235618.31304528110195, 899624.302080406690948 ], [ 235595.213356503460091, 899616.036879601422697 ], [ 235571.414767693873728, 899610.075643433723599 ], [ 235547.146472272230312, 899606.475781866465695 ], [ 235522.642187189834658, 899605.271963534527458 ], [ 235498.137902107439004, 899606.475781866465695 ], [ 235473.869606685795588, 899610.075643433723599 ], [ 235450.071017876209226, 899616.036879601422697 ], [ 235426.971329098567367, 899624.302080406690948 ], [ 235404.793002983322367, 899634.791647447389551 ], [ 235383.74962893492193, 899647.40456045884639 ], [ 235364.043866148917004, 899662.01935019379016 ], [ 235345.865491893200669, 899678.49526823789347 ], [ 235329.389573849155568, 899696.673642493668012 ], [ 235314.774784114211798, 899716.379405279643834 ], [ 235302.161871102754958, 899737.422779328073375 ], [ 235291.672304062027251, 899759.601105443201959 ], [ 235283.407103256788105, 899782.700794220902026 ], [ 235277.445867089030799, 899806.499383030459285 ], [ 235273.846005521772895, 899830.767678452190012 ], [ 235272.642187189834658, 899855.271963534527458 ], [ 235273.846005521772895, 899879.776248616864905 ], [ 235277.445867089030799, 899904.044544038595632 ], [ 235283.407103256788105, 899927.843132848152891 ], [ 235291.672304062027251, 899950.942821625852957 ], [ 235302.161871102754958, 899973.121147740981542 ], [ 235314.774784114211798, 899994.164521789411083 ], [ 235329.389573849155568, 900013.870284575386904 ], [ 235345.865491893200669, 900032.048658831161447 ], [ 235364.043866148917004, 900048.524576875264756 ], [ 235383.74962893492193, 900063.139366610208526 ], [ 235404.793002983322367, 900075.752279621665366 ], [ 235426.971329098567367, 900086.241846662363969 ], [ 235450.071017876209226, 900094.507047467632219 ], [ 235473.869606685795588, 900100.468283635331318 ], [ 235498.137902107439004, 900104.068145202589221 ], [ 235522.642187189834658, 900105.271963534527458 ], [ 235547.146472272230312, 900104.068145202589221 ], [ 235571.414767693873728, 900100.468283635331318 ], [ 235595.213356503460091, 900094.507047467632219 ], [ 235618.31304528110195, 900086.241846662363969 ], [ 235640.491371396346949, 900075.752279621665366 ], [ 235661.534745444747387, 900063.139366610208526 ], [ 235681.240508230752312, 900048.524576875264756 ], [ 235699.418882486468647, 900032.048658831161447 ], [ 235715.894800530513749, 900013.870284575386904 ], [ 235730.509590265457518, 899994.164521789411083 ], [ 235743.122503276914358, 899973.121147740981542 ], [ 235753.612070317642065, 899950.942821625852957 ], [ 235761.877271122881211, 899927.843132848152891 ], [ 235767.838507290638518, 899904.044544038595632 ], [ 235771.438368857896421, 899879.776248616864905 ], [ 235772.642187189834658, 899855.271963534527458 ] ] ] } },
{ "type": "Feature", "properties": { "newname": "11_Boston Collegiate Charter School", "element": "node" }, "geometry": { "type": "Polygon", "coordinates": [ [ [ 236447.024602664227132, 896886.875370995490812 ], [ 236445.820784332288895, 896862.371085913153365 ], [ 236442.220922765030991, 896838.102790491422638 ], [ 236436.259686597273685, 896814.304201681865379 ], [ 236427.994485792034538, 896791.204512904165313 ], [ 236417.504918751306832, 896769.026186789036728 ], [ 236404.892005739849992, 896747.982812740607187 ], [ 236390.277216004906222, 896728.277049954631366 ], [ 236373.80129796086112, 896710.098675698856823 ], [ 236355.622923705144785, 896693.622757654753514 ], [ 236335.91716091913986, 896679.007967919809744 ], [ 236314.873786870739423, 896666.395054908352904 ], [ 236292.695460755494423, 896655.905487867654301 ], [ 236269.595771977852564, 896647.640287062386051 ], [ 236245.797183168266201, 896641.679050894686952 ], [ 236221.528887746622786, 896638.079189327429049 ], [ 236197.024602664227132, 896636.875370995490812 ], [ 236172.520317581831478, 896638.079189327429049 ], [ 236148.252022160188062, 896641.679050894686952 ], [ 236124.453433350601699, 896647.640287062386051 ], [ 236101.35374457295984, 896655.905487867654301 ], [ 236079.175418457714841, 896666.395054908352904 ], [ 236058.132044409314403, 896679.007967919809744 ], [ 236038.426281623309478, 896693.622757654753514 ], [ 236020.247907367593143, 896710.098675698856823 ], [ 236003.771989323548041, 896728.277049954631366 ], [ 235989.157199588604271, 896747.982812740607187 ], [ 235976.544286577147432, 896769.026186789036728 ], [ 235966.054719536419725, 896791.204512904165313 ], [ 235957.789518731180578, 896814.304201681865379 ], [ 235951.828282563423272, 896838.102790491422638 ], [ 235948.228420996165369, 896862.371085913153365 ], [ 235947.024602664227132, 896886.875370995490812 ], [ 235948.228420996165369, 896911.379656077828258 ], [ 235951.828282563423272, 896935.647951499558985 ], [ 235957.789518731180578, 896959.446540309116244 ], [ 235966.054719536419725, 896982.546229086816311 ], [ 235976.544286577147432, 897004.724555201944895 ], [ 235989.157199588604271, 897025.767929250374436 ], [ 236003.771989323548041, 897045.473692036350258 ], [ 236020.247907367593143, 897063.6520662921248 ], [ 236038.426281623309478, 897080.12798433622811 ], [ 236058.132044409314403, 897094.74277407117188 ], [ 236079.175418457714841, 897107.35568708262872 ], [ 236101.35374457295984, 897117.845254123327322 ], [ 236124.453433350601699, 897126.110454928595573 ], [ 236148.252022160188062, 897132.071691096294671 ], [ 236172.520317581831478, 897135.671552663552575 ], [ 236197.024602664227132, 897136.875370995490812 ], [ 236221.528887746622786, 897135.671552663552575 ], [ 236245.797183168266201, 897132.071691096294671 ], [ 236269.595771977852564, 897126.110454928595573 ], [ 236292.695460755494423, 897117.845254123327322 ], [ 236314.873786870739423, 897107.35568708262872 ], [ 236335.91716091913986, 897094.74277407117188 ], [ 236355.622923705144785, 897080.12798433622811 ], [ 236373.80129796086112, 897063.6520662921248 ], [ 236390.277216004906222, 897045.473692036350258 ], [ 236404.892005739849992, 897025.767929250374436 ], [ 236417.504918751306832, 897004.724555201944895 ], [ 236427.994485792034538, 896982.546229086816311 ], [ 236436.259686597273685, 896959.446540309116244 ], [ 236442.220922765030991, 896935.647951499558985 ], [ 236445.820784332288895, 896911.379656077828258 ], [ 236447.024602664227132, 896886.875370995490812 ] ] ] } },
{ "type": "Feature", "properties": { "newname": "12_Match Charter School", "element": "node" }, "geometry": { "type": "Polygon", "coordinates": [ [ [ 232934.43349824406323, 895044.37626654363703 ], [ 232933.229679912124993, 895019.871981461299583 ], [ 232929.62981834486709, 894995.603686039568856 ], [ 232923.668582177109784, 894971.805097230011597 ], [ 232915.403381371870637, 894948.705408452311531 ], [ 232904.91381433114293, 894926.527082337182947 ], [ 232892.300901319686091, 894905.483708288753405 ], [ 232877.686111584742321, 894885.777945502777584 ], [ 232861.210193540697219, 894867.599571247003041 ], [ 232843.031819284980884, 894851.123653202899732 ], [ 232823.326056498975959, 894836.508863467955962 ], [ 232802.282682450575521, 894823.895950456499122 ], [ 232780.104356335330522, 894813.406383415800519 ], [ 232757.004667557688663, 894805.141182610532269 ], [ 232733.2060787481023, 894799.17994644283317 ], [ 232708.937783326458884, 894795.580084875575267 ], [ 232684.43349824406323, 894794.37626654363703 ], [ 232659.929213161667576, 894795.580084875575267 ], [ 232635.660917740024161, 894799.17994644283317 ], [ 232611.862328930437798, 894805.141182610532269 ], [ 232588.762640152795939, 894813.406383415800519 ], [ 232566.584314037550939, 894823.895950456499122 ], [ 232545.540939989150502, 894836.508863467955962 ], [ 232525.835177203145577, 894851.123653202899732 ], [ 232507.656802947429242, 894867.599571247003041 ], [ 232491.18088490338414, 894885.777945502777584 ], [ 232476.56609516844037, 894905.483708288753405 ], [ 232463.95318215698353, 894926.527082337182947 ], [ 232453.463615116255824, 894948.705408452311531 ], [ 232445.198414311016677, 894971.805097230011597 ], [ 232439.237178143259371, 894995.603686039568856 ], [ 232435.637316576001467, 895019.871981461299583 ], [ 232434.43349824406323, 895044.37626654363703 ], [ 232435.637316576001467, 895068.880551625974476 ], [ 232439.237178143259371, 895093.148847047705203 ], [ 232445.198414311016677, 895116.947435857262462 ], [ 232453.463615116255824, 895140.047124634962529 ], [ 232463.95318215698353, 895162.225450750091113 ], [ 232476.56609516844037, 895183.268824798520654 ], [ 232491.18088490338414, 895202.974587584496476 ], [ 232507.656802947429242, 895221.152961840271018 ], [ 232525.835177203145577, 895237.628879884374328 ], [ 232545.540939989150502, 895252.243669619318098 ], [ 232566.584314037550939, 895264.856582630774938 ], [ 232588.762640152795939, 895275.34614967147354 ], [ 232611.862328930437798, 895283.611350476741791 ], [ 232635.660917740024161, 895289.572586644440889 ], [ 232659.929213161667576, 895293.172448211698793 ], [ 232684.43349824406323, 895294.37626654363703 ], [ 232708.937783326458884, 895293.172448211698793 ], [ 232733.2060787481023, 895289.572586644440889 ], [ 232757.004667557688663, 895283.611350476741791 ], [ 232780.104356335330522, 895275.34614967147354 ], [ 232802.282682450575521, 895264.856582630774938 ], [ 232823.326056498975959, 895252.243669619318098 ], [ 232843.031819284980884, 895237.628879884374328 ], [ 232861.210193540697219, 895221.152961840271018 ], [ 232877.686111584742321, 895202.974587584496476 ], [ 232892.300901319686091, 895183.268824798520654 ], [ 232904.91381433114293, 895162.225450750091113 ], [ 232915.403381371870637, 895140.047124634962529 ], [ 232923.668582177109784, 895116.947435857262462 ], [ 232929.62981834486709, 895093.148847047705203 ], [ 232933.229679912124993, 895068.880551625974476 ], [ 232934.43349824406323, 895044.37626654363703 ] ] ] } },
{ "type": "Feature", "properties": { "newname": "13_EDCO Youth Alternative", "element": "node" }, "geometry": { "type": "Polygon", "coordinates": [ [ [ 233548.68241338559892, 899950.039877091650851 ], [ 233547.478595053660683, 899925.535592009313405 ], [ 233543.87873348640278, 899901.267296587582678 ], [ 233537.917497318645474, 899877.468707778025419 ], [ 233529.652296513406327, 899854.369019000325352 ], [ 233519.16272947267862, 899832.190692885196768 ], [ 233506.549816461221781, 899811.147318836767226 ], [ 233491.935026726278011, 899791.441556050791405 ], [ 233475.459108682232909, 899773.263181795016862 ], [ 233457.280734426516574, 899756.787263750913553 ], [ 233437.574971640511649, 899742.172474015969783 ], [ 233416.531597592111211, 899729.559561004512943 ], [ 233394.353271476866212, 899719.069993963814341 ], [ 233371.253582699224353, 899710.80479315854609 ], [ 233347.45499388963799, 899704.843556990846992 ], [ 233323.186698467994574, 899701.243695423589088 ], [ 233298.68241338559892, 899700.039877091650851 ], [ 233274.178128303203266, 899701.243695423589088 ], [ 233249.909832881559851, 899704.843556990846992 ], [ 233226.111244071973488, 899710.80479315854609 ], [ 233203.011555294331629, 899719.069993963814341 ], [ 233180.833229179086629, 899729.559561004512943 ], [ 233159.789855130686192, 899742.172474015969783 ], [ 233140.084092344681267, 899756.787263750913553 ], [ 233121.905718088964932, 899773.263181795016862 ], [ 233105.42980004491983, 899791.441556050791405 ], [ 233090.81501030997606, 899811.147318836767226 ], [ 233078.20209729851922, 899832.190692885196768 ], [ 233067.712530257791514, 899854.369019000325352 ], [ 233059.447329452552367, 899877.468707778025419 ], [ 233053.486093284795061, 899901.267296587582678 ], [ 233049.886231717537157, 899925.535592009313405 ], [ 233048.68241338559892, 899950.039877091650851 ], [ 233049.886231717537157, 899974.544162173988298 ], [ 233053.486093284795061, 899998.812457595719025 ], [ 233059.447329452552367, 900022.611046405276284 ], [ 233067.712530257791514, 900045.71073518297635 ], [ 233078.20209729851922, 900067.889061298104934 ], [ 233090.81501030997606, 900088.932435346534476 ], [ 233105.42980004491983, 900108.638198132510297 ], [ 233121.905718088964932, 900126.81657238828484 ], [ 233140.084092344681267, 900143.292490432388149 ], [ 233159.789855130686192, 900157.907280167331919 ], [ 233180.833229179086629, 900170.520193178788759 ], [ 233203.011555294331629, 900181.009760219487362 ], [ 233226.111244071973488, 900189.274961024755612 ], [ 233249.909832881559851, 900195.236197192454711 ], [ 233274.178128303203266, 900198.836058759712614 ], [ 233298.68241338559892, 900200.039877091650851 ], [ 233323.186698467994574, 900198.836058759712614 ], [ 233347.45499388963799, 900195.236197192454711 ], [ 233371.253582699224353, 900189.274961024755612 ], [ 233394.353271476866212, 900181.009760219487362 ], [ 233416.531597592111211, 900170.520193178788759 ], [ 233437.574971640511649, 900157.907280167331919 ], [ 233457.280734426516574, 900143.292490432388149 ], [ 233475.459108682232909, 900126.81657238828484 ], [ 233491.935026726278011, 900108.638198132510297 ], [ 233506.549816461221781, 900088.932435346534476 ], [ 233519.16272947267862, 900067.889061298104934 ], [ 233529.652296513406327, 900045.71073518297635 ], [ 233537.917497318645474, 900022.611046405276284 ], [ 233543.87873348640278, 899998.812457595719025 ], [ 233547.478595053660683, 899974.544162173988298 ], [ 233548.68241338559892, 899950.039877091650851 ] ] ] } },
{ "type": "Feature", "properties": { "newname": "14_Carter Developmental Day Care", "element": "node" }, "geometry": { "type": "Polygon", "coordinates": [ [ [ 234537.119076651142677, 898982.118482416961342 ], [ 234535.91525831920444, 898957.614197334623896 ], [ 234532.315396751946537, 898933.345901912893169 ], [ 234526.354160584189231, 898909.54731310333591 ], [ 234518.088959778950084, 898886.447624325635843 ], [ 234507.599392738222377, 898864.269298210507259 ], [ 234494.986479726765538, 898843.225924162077717 ], [ 234480.371689991821768, 898823.520161376101896 ], [ 234463.895771947776666, 898805.341787120327353 ], [ 234445.717397692060331, 898788.865869076224044 ], [ 234426.011634906055406, 898774.251079341280274 ], [ 234404.968260857654968, 898761.638166329823434 ], [ 234382.789934742409969, 898751.148599289124832 ], [ 234359.69024596476811, 898742.883398483856581 ], [ 234335.891657155181747, 898736.922162316157483 ], [ 234311.623361733538331, 898733.322300748899579 ], [ 234287.119076651142677, 898732.118482416961342 ], [ 234262.614791568747023, 898733.322300748899579 ], [ 234238.346496147103608, 898736.922162316157483 ], [ 234214.547907337517245, 898742.883398483856581 ], [ 234191.448218559875386, 898751.148599289124832 ], [ 234169.269892444630386, 898761.638166329823434 ], [ 234148.226518396229949, 898774.251079341280274 ], [ 234128.520755610225024, 898788.865869076224044 ], [ 234110.342381354508689, 898805.341787120327353 ], [ 234093.866463310463587, 898823.520161376101896 ], [ 234079.251673575519817, 898843.225924162077717 ], [ 234066.638760564062977, 898864.269298210507259 ], [ 234056.149193523335271, 898886.447624325635843 ], [ 234047.883992718096124, 898909.54731310333591 ], [ 234041.922756550338818, 898933.345901912893169 ], [ 234038.322894983080914, 898957.614197334623896 ], [ 234037.119076651142677, 898982.118482416961342 ], [ 234038.322894983080914, 899006.622767499298789 ], [ 234041.922756550338818, 899030.891062921029516 ], [ 234047.883992718096124, 899054.689651730586775 ], [ 234056.149193523335271, 899077.789340508286841 ], [ 234066.638760564062977, 899099.967666623415425 ], [ 234079.251673575519817, 899121.011040671844967 ], [ 234093.866463310463587, 899140.716803457820788 ], [ 234110.342381354508689, 899158.895177713595331 ], [ 234128.520755610225024, 899175.37109575769864 ], [ 234148.226518396229949, 899189.98588549264241 ], [ 234169.269892444630386, 899202.59879850409925 ], [ 234191.448218559875386, 899213.088365544797853 ], [ 234214.547907337517245, 899221.353566350066103 ], [ 234238.346496147103608, 899227.314802517765202 ], [ 234262.614791568747023, 899230.914664085023105 ], [ 234287.119076651142677, 899232.118482416961342 ], [ 234311.623361733538331, 899230.914664085023105 ], [ 234335.891657155181747, 899227.314802517765202 ], [ 234359.69024596476811, 899221.353566350066103 ], [ 234382.789934742409969, 899213.088365544797853 ], [ 234404.968260857654968, 899202.59879850409925 ], [ 234426.011634906055406, 899189.98588549264241 ], [ 234445.717397692060331, 899175.37109575769864 ], [ 234463.895771947776666, 899158.895177713595331 ], [ 234480.371689991821768, 899140.716803457820788 ], [ 234494.986479726765538, 899121.011040671844967 ], [ 234507.599392738222377, 899099.967666623415425 ], [ 234518.088959778950084, 899077.789340508286841 ], [ 234526.354160584189231, 899054.689651730586775 ], [ 234532.315396751946537, 899030.891062921029516 ], [ 234535.91525831920444, 899006.622767499298789 ], [ 234537.119076651142677, 898982.118482416961342 ] ] ] } },
{ "type": "Feature", "properties": { "newname": "15_South Boston Catholic Academy", "element": "node" }, "geometry": { "type": "Polygon", "coordinates": [ [ [ 239010.595378971775062, 898501.503788051195443 ], [ 239009.391560639836825, 898476.999502968857996 ], [ 239005.791699072578922, 898452.731207547127269 ], [ 238999.830462904821616, 898428.93261873757001 ], [ 238991.565262099582469, 898405.832929959869944 ], [ 238981.075695058854762, 898383.654603844741359 ], [ 238968.462782047397923, 898362.611229796311818 ], [ 238953.847992312454153, 898342.905467010335997 ], [ 238937.372074268409051, 898324.727092754561454 ], [ 238919.193700012692716, 898308.251174710458145 ], [ 238899.487937226687791, 898293.636384975514375 ], [ 238878.444563178287353, 898281.023471964057535 ], [ 238856.266237063042354, 898270.533904923358932 ], [ 238833.166548285400495, 898262.268704118090682 ], [ 238809.367959475814132, 898256.307467950391583 ], [ 238785.099664054170717, 898252.70760638313368 ], [ 238760.595378971775062, 898251.503788051195443 ], [ 238736.091093889379408, 898252.70760638313368 ], [ 238711.822798467735993, 898256.307467950391583 ], [ 238688.02420965814963, 898262.268704118090682 ], [ 238664.924520880507771, 898270.533904923358932 ], [ 238642.746194765262771, 898281.023471964057535 ], [ 238621.702820716862334, 898293.636384975514375 ], [ 238601.997057930857409, 898308.251174710458145 ], [ 238583.818683675141074, 898324.727092754561454 ], [ 238567.342765631095972, 898342.905467010335997 ], [ 238552.727975896152202, 898362.611229796311818 ], [ 238540.115062884695362, 898383.654603844741359 ], [ 238529.625495843967656, 898405.832929959869944 ], [ 238521.360295038728509, 898428.93261873757001 ], [ 238515.399058870971203, 898452.731207547127269 ], [ 238511.799197303713299, 898476.999502968857996 ], [ 238510.595378971775062, 898501.503788051195443 ], [ 238511.799197303713299, 898526.008073133532889 ], [ 238515.399058870971203, 898550.276368555263616 ], [ 238521.360295038728509, 898574.074957364820875 ], [ 238529.625495843967656, 898597.174646142520942 ], [ 238540.115062884695362, 898619.352972257649526 ], [ 238552.727975896152202, 898640.396346306079067 ], [ 238567.342765631095972, 898660.102109092054889 ], [ 238583.818683675141074, 898678.280483347829431 ], [ 238601.997057930857409, 898694.756401391932741 ], [ 238621.702820716862334, 898709.371191126876511 ], [ 238642.746194765262771, 898721.98410413833335 ], [ 238664.924520880507771, 898732.473671179031953 ], [ 238688.02420965814963, 898740.738871984300204 ], [ 238711.822798467735993, 898746.700108151999302 ], [ 238736.091093889379408, 898750.299969719257206 ], [ 238760.595378971775062, 898751.503788051195443 ], [ 238785.099664054170717, 898750.299969719257206 ], [ 238809.367959475814132, 898746.700108151999302 ], [ 238833.166548285400495, 898740.738871984300204 ], [ 238856.266237063042354, 898732.473671179031953 ], [ 238878.444563178287353, 898721.98410413833335 ], [ 238899.487937226687791, 898709.371191126876511 ], [ 238919.193700012692716, 898694.756401391932741 ], [ 238937.372074268409051, 898678.280483347829431 ], [ 238953.847992312454153, 898660.102109092054889 ], [ 238968.462782047397923, 898640.396346306079067 ], [ 238981.075695058854762, 898619.352972257649526 ], [ 238991.565262099582469, 898597.174646142520942 ], [ 238999.830462904821616, 898574.074957364820875 ], [ 239005.791699072578922, 898550.276368555263616 ], [ 239009.391560639836825, 898526.008073133532889 ], [ 239010.595378971775062, 898501.503788051195443 ] ] ] } },
{ "type": "Feature", "properties": { "newname": "16_Nativity Prep School", "element": "node" }, "geometry": { "type": "Polygon", "coordinates": [ [ [ 233079.38498363061808, 896861.135870229569264 ], [ 233078.181165298679844, 896836.631585147231817 ], [ 233074.58130373142194, 896812.36328972550109 ], [ 233068.620067563664634, 896788.564700915943831 ], [ 233060.354866758425487, 896765.465012138243765 ], [ 233049.865299717697781, 896743.28668602311518 ], [ 233037.252386706240941, 896722.243311974685639 ], [ 233022.637596971297171, 896702.537549188709818 ], [ 233006.161678927252069, 896684.359174932935275 ], [ 232987.983304671535734, 896667.883256888831966 ], [ 232968.277541885530809, 896653.268467153888196 ], [ 232947.234167837130371, 896640.655554142431356 ], [ 232925.055841721885372, 896630.165987101732753 ], [ 232901.956152944243513, 896621.900786296464503 ], [ 232878.15756413465715, 896615.939550128765404 ], [ 232853.889268713013735, 896612.339688561507501 ], [ 232829.38498363061808, 896611.135870229569264 ], [ 232804.880698548222426, 896612.339688561507501 ], [ 232780.612403126579011, 896615.939550128765404 ], [ 232756.813814316992648, 896621.900786296464503 ], [ 232733.714125539350789, 896630.165987101732753 ], [ 232711.53579942410579, 896640.655554142431356 ], [ 232690.492425375705352, 896653.268467153888196 ], [ 232670.786662589700427, 896667.883256888831966 ], [ 232652.608288333984092, 896684.359174932935275 ], [ 232636.13237028993899, 896702.537549188709818 ], [ 232621.51758055499522, 896722.243311974685639 ], [ 232608.90466754353838, 896743.28668602311518 ], [ 232598.415100502810674, 896765.465012138243765 ], [ 232590.149899697571527, 896788.564700915943831 ], [ 232584.188663529814221, 896812.36328972550109 ], [ 232580.588801962556317, 896836.631585147231817 ], [ 232579.38498363061808, 896861.135870229569264 ], [ 232580.588801962556317, 896885.64015531190671 ], [ 232584.188663529814221, 896909.908450733637437 ], [ 232590.149899697571527, 896933.707039543194696 ], [ 232598.415100502810674, 896956.806728320894763 ], [ 232608.90466754353838, 896978.985054436023347 ], [ 232621.51758055499522, 897000.028428484452888 ], [ 232636.13237028993899, 897019.73419127042871 ], [ 232652.608288333984092, 897037.912565526203252 ], [ 232670.786662589700427, 897054.388483570306562 ], [ 232690.492425375705352, 897069.003273305250332 ], [ 232711.53579942410579, 897081.616186316707171 ], [ 232733.714125539350789, 897092.105753357405774 ], [ 232756.813814316992648, 897100.370954162674025 ], [ 232780.612403126579011, 897106.332190330373123 ], [ 232804.880698548222426, 897109.932051897631027 ], [ 232829.38498363061808, 897111.135870229569264 ], [ 232853.889268713013735, 897109.932051897631027 ], [ 232878.15756413465715, 897106.332190330373123 ], [ 232901.956152944243513, 897100.370954162674025 ], [ 232925.055841721885372, 897092.105753357405774 ], [ 232947.234167837130371, 897081.616186316707171 ], [ 232968.277541885530809, 897069.003273305250332 ], [ 232987.983304671535734, 897054.388483570306562 ], [ 233006.161678927252069, 897037.912565526203252 ], [ 233022.637596971297171, 897019.73419127042871 ], [ 233037.252386706240941, 897000.028428484452888 ], [ 233049.865299717697781, 896978.985054436023347 ], [ 233060.354866758425487, 896956.806728320894763 ], [ 233068.620067563664634, 896933.707039543194696 ], [ 233074.58130373142194, 896909.908450733637437 ], [ 233078.181165298679844, 896885.64015531190671 ], [ 233079.38498363061808, 896861.135870229569264 ] ] ] } },
{ "type": "Feature", "properties": { "newname": "17_Newman School", "element": "node" }, "geometry": { "type": "Polygon", "coordinates": [ [ [ 234691.934551897662459, 900273.48799673654139 ], [ 234690.730733565724222, 900248.983711654203944 ], [ 234687.130871998466318, 900224.715416232473217 ], [ 234681.169635830709012, 900200.916827422915958 ], [ 234672.904435025469866, 900177.817138645215891 ], [ 234662.414867984742159, 900155.638812530087307 ], [ 234649.801954973285319, 900134.595438481657766 ], [ 234635.187165238341549, 900114.889675695681944 ], [ 234618.711247194296448, 900096.711301439907402 ], [ 234600.532872938580113, 900080.235383395804092 ], [ 234580.827110152575187, 900065.620593660860322 ], [ 234559.78373610417475, 900053.007680649403483 ], [ 234537.60540998892975, 900042.51811360870488 ], [ 234514.505721211287891, 900034.252912803436629 ], [ 234490.707132401701529, 900028.291676635737531 ], [ 234466.438836980058113, 900024.691815068479627 ], [ 234441.934551897662459, 900023.48799673654139 ], [ 234417.430266815266805, 900024.691815068479627 ], [ 234393.161971393623389, 900028.291676635737531 ], [ 234369.363382584037026, 900034.252912803436629 ], [ 234346.263693806395167, 900042.51811360870488 ], [ 234324.085367691150168, 900053.007680649403483 ], [ 234303.04199364274973, 900065.620593660860322 ], [ 234283.336230856744805, 900080.235383395804092 ], [ 234265.15785660102847, 900096.711301439907402 ], [ 234248.681938556983368, 900114.889675695681944 ], [ 234234.067148822039599, 900134.595438481657766 ], [ 234221.454235810582759, 900155.638812530087307 ], [ 234210.964668769855052, 900177.817138645215891 ], [ 234202.699467964615906, 900200.916827422915958 ], [ 234196.738231796858599, 900224.715416232473217 ], [ 234193.138370229600696, 900248.983711654203944 ], [ 234191.934551897662459, 900273.48799673654139 ], [ 234193.138370229600696, 900297.992281818878837 ], [ 234196.738231796858599, 900322.260577240609564 ], [ 234202.699467964615906, 900346.059166050166823 ], [ 234210.964668769855052, 900369.15885482786689 ], [ 234221.454235810582759, 900391.337180942995474 ], [ 234234.067148822039599, 900412.380554991425015 ], [ 234248.681938556983368, 900432.086317777400836 ], [ 234265.15785660102847, 900450.264692033175379 ], [ 234283.336230856744805, 900466.740610077278689 ], [ 234303.04199364274973, 900481.355399812222458 ], [ 234324.085367691150168, 900493.968312823679298 ], [ 234346.263693806395167, 900504.457879864377901 ], [ 234369.363382584037026, 900512.723080669646151 ], [ 234393.161971393623389, 900518.68431683734525 ], [ 234417.430266815266805, 900522.284178404603153 ], [ 234441.934551897662459, 900523.48799673654139 ], [ 234466.438836980058113, 900522.284178404603153 ], [ 234490.707132401701529, 900518.68431683734525 ], [ 234514.505721211287891, 900512.723080669646151 ], [ 234537.60540998892975, 900504.457879864377901 ], [ 234559.78373610417475, 900493.968312823679298 ], [ 234580.827110152575187, 900481.355399812222458 ], [ 234600.532872938580113, 900466.740610077278689 ], [ 234618.711247194296448, 900450.264692033175379 ], [ 234635.187165238341549, 900432.086317777400836 ], [ 234649.801954973285319, 900412.380554991425015 ], [ 234662.414867984742159, 900391.337180942995474 ], [ 234672.904435025469866, 900369.15885482786689 ], [ 234681.169635830709012, 900346.059166050166823 ], [ 234687.130871998466318, 900322.260577240609564 ], [ 234690.730733565724222, 900297.992281818878837 ], [ 234691.934551897662459, 900273.48799673654139 ] ] ] } },
{ "type": "Feature", "properties": { "newname": "18_Egleston Community High School", "element": "node" }, "geometry": { "type": "Polygon", "coordinates": [ [ [ 233289.533305251708953, 896040.117291922681034 ], [ 233288.329486919770716, 896015.613006840343587 ], [ 233284.729625352512812, 895991.34471141861286 ], [ 233278.768389184755506, 895967.546122609055601 ], [ 233270.503188379516359, 895944.446433831355534 ], [ 233260.013621338788653, 895922.26810771622695 ], [ 233247.400708327331813, 895901.224733667797409 ], [ 233232.785918592388043, 895881.518970881821588 ], [ 233216.310000548342941, 895863.340596626047045 ], [ 233198.131626292626606, 895846.864678581943735 ], [ 233178.425863506621681, 895832.249888846999966 ], [ 233157.382489458221244, 895819.636975835543126 ], [ 233135.204163342976244, 895809.147408794844523 ], [ 233112.104474565334385, 895800.882207989576273 ], [ 233088.305885755748022, 895794.920971821877174 ], [ 233064.037590334104607, 895791.321110254619271 ], [ 233039.533305251708953, 895790.117291922681034 ], [ 233015.029020169313299, 895791.321110254619271 ], [ 232990.760724747669883, 895794.920971821877174 ], [ 232966.96213593808352, 895800.882207989576273 ], [ 232943.862447160441661, 895809.147408794844523 ], [ 232921.684121045196662, 895819.636975835543126 ], [ 232900.640746996796224, 895832.249888846999966 ], [ 232880.934984210791299, 895846.864678581943735 ], [ 232862.756609955074964, 895863.340596626047045 ], [ 232846.280691911029862, 895881.518970881821588 ], [ 232831.665902176086092, 895901.224733667797409 ], [ 232819.052989164629253, 895922.26810771622695 ], [ 232808.563422123901546, 895944.446433831355534 ], [ 232800.298221318662399, 895967.546122609055601 ], [ 232794.336985150905093, 895991.34471141861286 ], [ 232790.73712358364719, 896015.613006840343587 ], [ 232789.533305251708953, 896040.117291922681034 ], [ 232790.73712358364719, 896064.62157700501848 ], [ 232794.336985150905093, 896088.889872426749207 ], [ 232800.298221318662399, 896112.688461236306466 ], [ 232808.563422123901546, 896135.788150014006533 ], [ 232819.052989164629253, 896157.966476129135117 ], [ 232831.665902176086092, 896179.009850177564658 ], [ 232846.280691911029862, 896198.71561296354048 ], [ 232862.756609955074964, 896216.893987219315022 ], [ 232880.934984210791299, 896233.369905263418332 ], [ 232900.640746996796224, 896247.984694998362102 ], [ 232921.684121045196662, 896260.597608009818941 ], [ 232943.862447160441661, 896271.087175050517544 ], [ 232966.96213593808352, 896279.352375855785795 ], [ 232990.760724747669883, 896285.313612023484893 ], [ 233015.029020169313299, 896288.913473590742797 ], [ 233039.533305251708953, 896290.117291922681034 ], [ 233064.037590334104607, 896288.913473590742797 ], [ 233088.305885755748022, 896285.313612023484893 ], [ 233112.104474565334385, 896279.352375855785795 ], [ 233135.204163342976244, 896271.087175050517544 ], [ 233157.382489458221244, 896260.597608009818941 ], [ 233178.425863506621681, 896247.984694998362102 ], [ 233198.131626292626606, 896233.369905263418332 ], [ 233216.310000548342941, 896216.893987219315022 ], [ 233232.785918592388043, 896198.71561296354048 ], [ 233247.400708327331813, 896179.009850177564658 ], [ 233260.013621338788653, 896157.966476129135117 ], [ 233270.503188379516359, 896135.788150014006533 ], [ 233278.768389184755506, 896112.688461236306466 ], [ 233284.729625352512812, 896088.889872426749207 ], [ 233288.329486919770716, 896064.62157700501848 ], [ 233289.533305251708953, 896040.117291922681034 ] ] ] } },
{ "type": "Feature", "properties": { "newname": "19_Ellis Mendell School", "element": "node" }, "geometry": { "type": "Polygon", "coordinates": [ [ [ 233090.415518404479371, 896310.201065417844802 ], [ 233089.211700072541134, 896285.696780335507356 ], [ 233085.611838505283231, 896261.428484913776629 ], [ 233079.650602337525925, 896237.62989610421937 ], [ 233071.385401532286778, 896214.530207326519303 ], [ 233060.895834491559071, 896192.351881211390719 ], [ 233048.282921480102232, 896171.308507162961178 ], [ 233033.668131745158462, 896151.602744376985356 ], [ 233017.19221370111336, 896133.424370121210814 ], [ 232999.013839445397025, 896116.948452077107504 ], [ 232979.3080766593921, 896102.333662342163734 ], [ 232958.264702610991662, 896089.720749330706894 ], [ 232936.086376495746663, 896079.231182290008292 ], [ 232912.986687718104804, 896070.965981484740041 ], [ 232889.188098908518441, 896065.004745317040943 ], [ 232864.919803486875026, 896061.404883749783039 ], [ 232840.415518404479371, 896060.201065417844802 ], [ 232815.911233322083717, 896061.404883749783039 ], [ 232791.642937900440302, 896065.004745317040943 ], [ 232767.844349090853939, 896070.965981484740041 ], [ 232744.74466031321208, 896079.231182290008292 ], [ 232722.56633419796708, 896089.720749330706894 ], [ 232701.522960149566643, 896102.333662342163734 ], [ 232681.817197363561718, 896116.948452077107504 ], [ 232663.638823107845383, 896133.424370121210814 ], [ 232647.162905063800281, 896151.602744376985356 ], [ 232632.548115328856511, 896171.308507162961178 ], [ 232619.935202317399671, 896192.351881211390719 ], [ 232609.445635276671965, 896214.530207326519303 ], [ 232601.180434471432818, 896237.62989610421937 ], [ 232595.219198303675512, 896261.428484913776629 ], [ 232591.619336736417608, 896285.696780335507356 ], [ 232590.415518404479371, 896310.201065417844802 ], [ 232591.619336736417608, 896334.705350500182249 ], [ 232595.219198303675512, 896358.973645921912976 ], [ 232601.180434471432818, 896382.772234731470235 ], [ 232609.445635276671965, 896405.871923509170301 ], [ 232619.935202317399671, 896428.050249624298885 ], [ 232632.548115328856511, 896449.093623672728427 ], [ 232647.162905063800281, 896468.799386458704248 ], [ 232663.638823107845383, 896486.977760714478791 ], [ 232681.817197363561718, 896503.4536787585821 ], [ 232701.522960149566643, 896518.06846849352587 ], [ 232722.56633419796708, 896530.68138150498271 ], [ 232744.74466031321208, 896541.170948545681313 ], [ 232767.844349090853939, 896549.436149350949563 ], [ 232791.642937900440302, 896555.397385518648662 ], [ 232815.911233322083717, 896558.997247085906565 ], [ 232840.415518404479371, 896560.201065417844802 ], [ 232864.919803486875026, 896558.997247085906565 ], [ 232889.188098908518441, 896555.397385518648662 ], [ 232912.986687718104804, 896549.436149350949563 ], [ 232936.086376495746663, 896541.170948545681313 ], [ 232958.264702610991662, 896530.68138150498271 ], [ 232979.3080766593921, 896518.06846849352587 ], [ 232999.013839445397025, 896503.4536787585821 ], [ 233017.19221370111336, 896486.977760714478791 ], [ 233033.668131745158462, 896468.799386458704248 ], [ 233048.282921480102232, 896449.093623672728427 ], [ 233060.895834491559071, 896428.050249624298885 ], [ 233071.385401532286778, 896405.871923509170301 ], [ 233079.650602337525925, 896382.772234731470235 ], [ 233085.611838505283231, 896358.973645921912976 ], [ 233089.211700072541134, 896334.705350500182249 ], [ 233090.415518404479371, 896310.201065417844802 ] ] ] } },
{ "type": "Feature", "properties": { "newname": "20_St Ann Elementary", "element": "node" }, "geometry": { "type": "Polygon", "coordinates": [ [ [ 237417.898512651212513, 893464.614422603161074 ], [ 237416.694694319274276, 893440.110137520823628 ], [ 237413.094832752016373, 893415.841842099092901 ], [ 237407.133596584259067, 893392.043253289535642 ], [ 237398.86839577901992, 893368.943564511835575 ], [ 237388.378828738292214, 893346.765238396706991 ], [ 237375.765915726835374, 893325.72186434827745 ], [ 237361.151125991891604, 893306.016101562301628 ], [ 237344.675207947846502, 893287.837727306527086 ], [ 237326.496833692130167, 893271.361809262423776 ], [ 237306.791070906125242, 893256.747019527480006 ], [ 237285.747696857724804, 893244.134106516023166 ], [ 237263.569370742479805, 893233.644539475324564 ], [ 237240.469681964837946, 893225.379338670056313 ], [ 237216.671093155251583, 893219.418102502357215 ], [ 237192.402797733608168, 893215.818240935099311 ], [ 237167.898512651212513, 893214.614422603161074 ], [ 237143.394227568816859, 893215.818240935099311 ], [ 237119.125932147173444, 893219.418102502357215 ], [ 237095.327343337587081, 893225.379338670056313 ], [ 237072.227654559945222, 893233.644539475324564 ], [ 237050.049328444700222, 893244.134106516023166 ], [ 237029.005954396299785, 893256.747019527480006 ], [ 237009.30019161029486, 893271.361809262423776 ], [ 236991.121817354578525, 893287.837727306527086 ], [ 236974.645899310533423, 893306.016101562301628 ], [ 236960.031109575589653, 893325.72186434827745 ], [ 236947.418196564132813, 893346.765238396706991 ], [ 236936.928629523405107, 893368.943564511835575 ], [ 236928.66342871816596, 893392.043253289535642 ], [ 236922.702192550408654, 893415.841842099092901 ], [ 236919.10233098315075, 893440.110137520823628 ], [ 236917.898512651212513, 893464.614422603161074 ], [ 236919.10233098315075, 893489.118707685498521 ], [ 236922.702192550408654, 893513.387003107229248 ], [ 236928.66342871816596, 893537.185591916786507 ], [ 236936.928629523405107, 893560.285280694486573 ], [ 236947.418196564132813, 893582.463606809615158 ], [ 236960.031109575589653, 893603.506980858044699 ], [ 236974.645899310533423, 893623.21274364402052 ], [ 236991.121817354578525, 893641.391117899795063 ], [ 237009.30019161029486, 893657.867035943898372 ], [ 237029.005954396299785, 893672.481825678842142 ], [ 237050.049328444700222, 893685.094738690298982 ], [ 237072.227654559945222, 893695.584305730997585 ], [ 237095.327343337587081, 893703.849506536265835 ], [ 237119.125932147173444, 893709.810742703964934 ], [ 237143.394227568816859, 893713.410604271222837 ], [ 237167.898512651212513, 893714.614422603161074 ], [ 237192.402797733608168, 893713.410604271222837 ], [ 237216.671093155251583, 893709.810742703964934 ], [ 237240.469681964837946, 893703.849506536265835 ], [ 237263.569370742479805, 893695.584305730997585 ], [ 237285.747696857724804, 893685.094738690298982 ], [ 237306.791070906125242, 893672.481825678842142 ], [ 237326.496833692130167, 893657.867035943898372 ], [ 237344.675207947846502, 893641.391117899795063 ], [ 237361.151125991891604, 893623.21274364402052 ], [ 237375.765915726835374, 893603.506980858044699 ], [ 237388.378828738292214, 893582.463606809615158 ], [ 237398.86839577901992, 893560.285280694486573 ], [ 237407.133596584259067, 893537.185591916786507 ], [ 237413.094832752016373, 893513.387003107229248 ], [ 237416.694694319274276, 893489.118707685498521 ], [ 237417.898512651212513, 893464.614422603161074 ] ] ] } },
{ "type": "Feature", "properties": { "newname": "21_Charlestown High School", "element": "node" }, "geometry": { "type": "Polygon", "coordinates": [ [ [ 236410.279112003336195, 903398.768592379405163 ], [ 236409.075293671397958, 903374.264307297067717 ], [ 236405.475432104140054, 903349.99601187533699 ], [ 236399.514195936382748, 903326.197423065779731 ], [ 236391.248995131143602, 903303.097734288079664 ], [ 236380.759428090415895, 903280.91940817295108 ], [ 236368.146515078959055, 903259.876034124521539 ], [ 236353.531725344015285, 903240.170271338545717 ], [ 236337.055807299970184, 903221.991897082771175 ], [ 236318.877433044253848, 903205.515979038667865 ], [ 236299.171670258248923, 903190.901189303724095 ], [ 236278.128296209848486, 903178.288276292267255 ], [ 236255.949970094603486, 903167.798709251568653 ], [ 236232.850281316961627, 903159.533508446300402 ], [ 236209.051692507375265, 903153.572272278601304 ], [ 236184.783397085731849, 903149.9724107113434 ], [ 236160.279112003336195, 903148.768592379405163 ], [ 236135.774826920940541, 903149.9724107113434 ], [ 236111.506531499297125, 903153.572272278601304 ], [ 236087.707942689710762, 903159.533508446300402 ], [ 236064.608253912068903, 903167.798709251568653 ], [ 236042.429927796823904, 903178.288276292267255 ], [ 236021.386553748423466, 903190.901189303724095 ], [ 236001.680790962418541, 903205.515979038667865 ], [ 235983.502416706702206, 903221.991897082771175 ], [ 235967.026498662657104, 903240.170271338545717 ], [ 235952.411708927713335, 903259.876034124521539 ], [ 235939.798795916256495, 903280.91940817295108 ], [ 235929.309228875528788, 903303.097734288079664 ], [ 235921.044028070289642, 903326.197423065779731 ], [ 235915.082791902532335, 903349.99601187533699 ], [ 235911.482930335274432, 903374.264307297067717 ], [ 235910.279112003336195, 903398.768592379405163 ], [ 235911.482930335274432, 903423.27287746174261 ], [ 235915.082791902532335, 903447.541172883473337 ], [ 235921.044028070289642, 903471.339761693030596 ], [ 235929.309228875528788, 903494.439450470730662 ], [ 235939.798795916256495, 903516.617776585859247 ], [ 235952.411708927713335, 903537.661150634288788 ], [ 235967.026498662657104, 903557.366913420264609 ], [ 235983.502416706702206, 903575.545287676039152 ], [ 236001.680790962418541, 903592.021205720142461 ], [ 236021.386553748423466, 903606.635995455086231 ], [ 236042.429927796823904, 903619.248908466543071 ], [ 236064.608253912068903, 903629.738475507241674 ], [ 236087.707942689710762, 903638.003676312509924 ], [ 236111.506531499297125, 903643.964912480209023 ], [ 236135.774826920940541, 903647.564774047466926 ], [ 236160.279112003336195, 903648.768592379405163 ], [ 236184.783397085731849, 903647.564774047466926 ], [ 236209.051692507375265, 903643.964912480209023 ], [ 236232.850281316961627, 903638.003676312509924 ], [ 236255.949970094603486, 903629.738475507241674 ], [ 236278.128296209848486, 903619.248908466543071 ], [ 236299.171670258248923, 903606.635995455086231 ], [ 236318.877433044253848, 903592.021205720142461 ], [ 236337.055807299970184, 903575.545287676039152 ], [ 236353.531725344015285, 903557.366913420264609 ], [ 236368.146515078959055, 903537.661150634288788 ], [ 236380.759428090415895, 903516.617776585859247 ], [ 236391.248995131143602, 903494.439450470730662 ], [ 236399.514195936382748, 903471.339761693030596 ], [ 236405.475432104140054, 903447.541172883473337 ], [ 236409.075293671397958, 903423.27287746174261 ], [ 236410.279112003336195, 903398.768592379405163 ] ] ] } },
{ "type": "Feature", "properties": { "newname": "22_Roxbury Prep Lucy Stone Campus", "element": "node" }, "geometry": { "type": "Polygon", "coordinates": [ [ [ 235637.000988406129181, 893990.796821399126202 ], [ 235635.797170074190944, 893966.292536316788755 ], [ 235632.197308506933041, 893942.024240895058028 ], [ 235626.236072339175735, 893918.225652085500769 ], [ 235617.970871533936588, 893895.125963307800703 ], [ 235607.481304493208881, 893872.947637192672119 ], [ 235594.868391481752042, 893851.904263144242577 ], [ 235580.253601746808272, 893832.198500358266756 ], [ 235563.77768370276317, 893814.020126102492213 ], [ 235545.599309447046835, 893797.544208058388904 ], [ 235525.89354666104191, 893782.929418323445134 ], [ 235504.850172612641472, 893770.316505311988294 ], [ 235482.671846497396473, 893759.826938271289691 ], [ 235459.572157719754614, 893751.561737466021441 ], [ 235435.773568910168251, 893745.600501298322342 ], [ 235411.505273488524836, 893742.000639731064439 ], [ 235387.000988406129181, 893740.796821399126202 ], [ 235362.496703323733527, 893742.000639731064439 ], [ 235338.228407902090112, 893745.600501298322342 ], [ 235314.429819092503749, 893751.561737466021441 ], [ 235291.33013031486189, 893759.826938271289691 ], [ 235269.15180419961689, 893770.316505311988294 ], [ 235248.108430151216453, 893782.929418323445134 ], [ 235228.402667365211528, 893797.544208058388904 ], [ 235210.224293109495193, 893814.020126102492213 ], [ 235193.748375065450091, 893832.198500358266756 ], [ 235179.133585330506321, 893851.904263144242577 ], [ 235166.520672319049481, 893872.947637192672119 ], [ 235156.031105278321775, 893895.125963307800703 ], [ 235147.765904473082628, 893918.225652085500769 ], [ 235141.804668305325322, 893942.024240895058028 ], [ 235138.204806738067418, 893966.292536316788755 ], [ 235137.000988406129181, 893990.796821399126202 ], [ 235138.204806738067418, 894015.301106481463648 ], [ 235141.804668305325322, 894039.569401903194375 ], [ 235147.765904473082628, 894063.367990712751634 ], [ 235156.031105278321775, 894086.467679490451701 ], [ 235166.520672319049481, 894108.646005605580285 ], [ 235179.133585330506321, 894129.689379654009826 ], [ 235193.748375065450091, 894149.395142439985648 ], [ 235210.224293109495193, 894167.57351669576019 ], [ 235228.402667365211528, 894184.0494347398635 ], [ 235248.108430151216453, 894198.66422447480727 ], [ 235269.15180419961689, 894211.27713748626411 ], [ 235291.33013031486189, 894221.766704526962712 ], [ 235314.429819092503749, 894230.031905332230963 ], [ 235338.228407902090112, 894235.993141499930061 ], [ 235362.496703323733527, 894239.593003067187965 ], [ 235387.000988406129181, 894240.796821399126202 ], [ 235411.505273488524836, 894239.593003067187965 ], [ 235435.773568910168251, 894235.993141499930061 ], [ 235459.572157719754614, 894230.031905332230963 ], [ 235482.671846497396473, 894221.766704526962712 ], [ 235504.850172612641472, 894211.27713748626411 ], [ 235525.89354666104191, 894198.66422447480727 ], [ 235545.599309447046835, 894184.0494347398635 ], [ 235563.77768370276317, 894167.57351669576019 ], [ 235580.253601746808272, 894149.395142439985648 ], [ 235594.868391481752042, 894129.689379654009826 ], [ 235607.481304493208881, 894108.646005605580285 ], [ 235617.970871533936588, 894086.467679490451701 ], [ 235626.236072339175735, 894063.367990712751634 ], [ 235632.197308506933041, 894039.569401903194375 ], [ 235635.797170074190944, 894015.301106481463648 ], [ 235637.000988406129181, 893990.796821399126202 ] ] ] } },
{ "type": "Feature", "properties": { "newname": "23_Boston Preparatory Charter School", "element": "node" }, "geometry": { "type": "Polygon", "coordinates": [ [ [ 231297.751529226312414, 889438.730951620033011 ], [ 231296.547710894374177, 889414.226666537695564 ], [ 231292.947849327116273, 889389.958371115964837 ], [ 231286.986613159358967, 889366.159782306407578 ], [ 231278.721412354119821, 889343.060093528707512 ], [ 231268.231845313392114, 889320.881767413578928 ], [ 231255.618932301935274, 889299.838393365149386 ], [ 231241.004142566991504, 889280.132630579173565 ], [ 231224.528224522946402, 889261.954256323399022 ], [ 231206.349850267230067, 889245.478338279295713 ], [ 231186.644087481225142, 889230.863548544351943 ], [ 231165.600713432824705, 889218.250635532895103 ], [ 231143.422387317579705, 889207.7610684921965 ], [ 231120.322698539937846, 889199.49586768692825 ], [ 231096.524109730351483, 889193.534631519229151 ], [ 231072.255814308708068, 889189.934769951971248 ], [ 231047.751529226312414, 889188.730951620033011 ], [ 231023.24724414391676, 889189.934769951971248 ], [ 230998.978948722273344, 889193.534631519229151 ], [ 230975.180359912686981, 889199.49586768692825 ], [ 230952.080671135045122, 889207.7610684921965 ], [ 230929.902345019800123, 889218.250635532895103 ], [ 230908.858970971399685, 889230.863548544351943 ], [ 230889.15320818539476, 889245.478338279295713 ], [ 230870.974833929678425, 889261.954256323399022 ], [ 230854.498915885633323, 889280.132630579173565 ], [ 230839.884126150689553, 889299.838393365149386 ], [ 230827.271213139232714, 889320.881767413578928 ], [ 230816.781646098505007, 889343.060093528707512 ], [ 230808.516445293265861, 889366.159782306407578 ], [ 230802.555209125508554, 889389.958371115964837 ], [ 230798.955347558250651, 889414.226666537695564 ], [ 230797.751529226312414, 889438.730951620033011 ], [ 230798.955347558250651, 889463.235236702370457 ], [ 230802.555209125508554, 889487.503532124101184 ], [ 230808.516445293265861, 889511.302120933658443 ], [ 230816.781646098505007, 889534.40180971135851 ], [ 230827.271213139232714, 889556.580135826487094 ], [ 230839.884126150689553, 889577.623509874916635 ], [ 230854.498915885633323, 889597.329272660892457 ], [ 230870.974833929678425, 889615.507646916666999 ], [ 230889.15320818539476, 889631.983564960770309 ], [ 230908.858970971399685, 889646.598354695714079 ], [ 230929.902345019800123, 889659.211267707170919 ], [ 230952.080671135045122, 889669.700834747869521 ], [ 230975.180359912686981, 889677.966035553137772 ], [ 230998.978948722273344, 889683.92727172083687 ], [ 231023.24724414391676, 889687.527133288094774 ], [ 231047.751529226312414, 889688.730951620033011 ], [ 231072.255814308708068, 889687.527133288094774 ], [ 231096.524109730351483, 889683.92727172083687 ], [ 231120.322698539937846, 889677.966035553137772 ], [ 231143.422387317579705, 889669.700834747869521 ], [ 231165.600713432824705, 889659.211267707170919 ], [ 231186.644087481225142, 889646.598354695714079 ], [ 231206.349850267230067, 889631.983564960770309 ], [ 231224.528224522946402, 889615.507646916666999 ], [ 231241.004142566991504, 889597.329272660892457 ], [ 231255.618932301935274, 889577.623509874916635 ], [ 231268.231845313392114, 889556.580135826487094 ], [ 231278.721412354119821, 889534.40180971135851 ], [ 231286.986613159358967, 889511.302120933658443 ], [ 231292.947849327116273, 889487.503532124101184 ], [ 231296.547710894374177, 889463.235236702370457 ], [ 231297.751529226312414, 889438.730951620033011 ] ] ] } },
{ "type": "Feature", "properties": { "newname": "24_Epiphany School", "element": "node" }, "geometry": { "type": "Polygon", "coordinates": [ [ [ 236028.677596623514546, 893708.044392140349373 ], [ 236027.473778291576309, 893683.540107058011927 ], [ 236023.873916724318406, 893659.2718116362812 ], [ 236017.912680556561099, 893635.473222826723941 ], [ 236009.647479751321953, 893612.373534049023874 ], [ 235999.157912710594246, 893590.19520793389529 ], [ 235986.544999699137406, 893569.151833885465749 ], [ 235971.930209964193637, 893549.446071099489927 ], [ 235955.454291920148535, 893531.267696843715385 ], [ 235937.2759176644322, 893514.791778799612075 ], [ 235917.570154878427275, 893500.176989064668305 ], [ 235896.526780830026837, 893487.564076053211465 ], [ 235874.348454714781838, 893477.074509012512863 ], [ 235851.248765937139979, 893468.809308207244612 ], [ 235827.450177127553616, 893462.848072039545514 ], [ 235803.1818817059102, 893459.24821047228761 ], [ 235778.677596623514546, 893458.044392140349373 ], [ 235754.173311541118892, 893459.24821047228761 ], [ 235729.905016119475476, 893462.848072039545514 ], [ 235706.106427309889114, 893468.809308207244612 ], [ 235683.006738532247255, 893477.074509012512863 ], [ 235660.828412417002255, 893487.564076053211465 ], [ 235639.785038368601818, 893500.176989064668305 ], [ 235620.079275582596892, 893514.791778799612075 ], [ 235601.900901326880557, 893531.267696843715385 ], [ 235585.424983282835456, 893549.446071099489927 ], [ 235570.810193547891686, 893569.151833885465749 ], [ 235558.197280536434846, 893590.19520793389529 ], [ 235547.707713495707139, 893612.373534049023874 ], [ 235539.442512690467993, 893635.473222826723941 ], [ 235533.481276522710687, 893659.2718116362812 ], [ 235529.881414955452783, 893683.540107058011927 ], [ 235528.677596623514546, 893708.044392140349373 ], [ 235529.881414955452783, 893732.54867722268682 ], [ 235533.481276522710687, 893756.816972644417547 ], [ 235539.442512690467993, 893780.615561453974806 ], [ 235547.707713495707139, 893803.715250231674872 ], [ 235558.197280536434846, 893825.893576346803457 ], [ 235570.810193547891686, 893846.936950395232998 ], [ 235585.424983282835456, 893866.642713181208819 ], [ 235601.900901326880557, 893884.821087436983362 ], [ 235620.079275582596892, 893901.297005481086671 ], [ 235639.785038368601818, 893915.911795216030441 ], [ 235660.828412417002255, 893928.524708227487281 ], [ 235683.006738532247255, 893939.014275268185884 ], [ 235706.106427309889114, 893947.279476073454134 ], [ 235729.905016119475476, 893953.240712241153233 ], [ 235754.173311541118892, 893956.840573808411136 ], [ 235778.677596623514546, 893958.044392140349373 ], [ 235803.1818817059102, 893956.840573808411136 ], [ 235827.450177127553616, 893953.240712241153233 ], [ 235851.248765937139979, 893947.279476073454134 ], [ 235874.348454714781838, 893939.014275268185884 ], [ 235896.526780830026837, 893928.524708227487281 ], [ 235917.570154878427275, 893915.911795216030441 ], [ 235937.2759176644322, 893901.297005481086671 ], [ 235955.454291920148535, 893884.821087436983362 ], [ 235971.930209964193637, 893866.642713181208819 ], [ 235986.544999699137406, 893846.936950395232998 ], [ 235999.157912710594246, 893825.893576346803457 ], [ 236009.647479751321953, 893803.715250231674872 ], [ 236017.912680556561099, 893780.615561453974806 ], [ 236023.873916724318406, 893756.816972644417547 ], [ 236027.473778291576309, 893732.54867722268682 ], [ 236028.677596623514546, 893708.044392140349373 ] ] ] } },
{ "type": "Feature", "properties": { "newname": "25_Community Academy", "element": "node" }, "geometry": { "type": "Polygon", "coordinates": [ [ [ 235624.134795387537451, 897198.57969249272719 ], [ 235622.930977055599215, 897174.075407410389744 ], [ 235619.331115488341311, 897149.807111988659017 ], [ 235613.369879320584005, 897126.008523179101758 ], [ 235605.104678515344858, 897102.908834401401691 ], [ 235594.615111474617152, 897080.730508286273107 ], [ 235582.002198463160312, 897059.687134237843566 ], [ 235567.387408728216542, 897039.981371451867744 ], [ 235550.91149068417144, 897021.802997196093202 ], [ 235532.733116428455105, 897005.327079151989892 ], [ 235513.02735364245018, 896990.712289417046122 ], [ 235491.983979594049742, 896978.099376405589283 ], [ 235469.805653478804743, 896967.60980936489068 ], [ 235446.705964701162884, 896959.344608559622429 ], [ 235422.907375891576521, 896953.383372391923331 ], [ 235398.639080469933106, 896949.783510824665427 ], [ 235374.134795387537451, 896948.57969249272719 ], [ 235349.630510305141797, 896949.783510824665427 ], [ 235325.362214883498382, 896953.383372391923331 ], [ 235301.563626073912019, 896959.344608559622429 ], [ 235278.46393729627016, 896967.60980936489068 ], [ 235256.28561118102516, 896978.099376405589283 ], [ 235235.242237132624723, 896990.712289417046122 ], [ 235215.536474346619798, 897005.327079151989892 ], [ 235197.358100090903463, 897021.802997196093202 ], [ 235180.882182046858361, 897039.981371451867744 ], [ 235166.267392311914591, 897059.687134237843566 ], [ 235153.654479300457751, 897080.730508286273107 ], [ 235143.164912259730045, 897102.908834401401691 ], [ 235134.899711454490898, 897126.008523179101758 ], [ 235128.938475286733592, 897149.807111988659017 ], [ 235125.338613719475688, 897174.075407410389744 ], [ 235124.134795387537451, 897198.57969249272719 ], [ 235125.338613719475688, 897223.083977575064637 ], [ 235128.938475286733592, 897247.352272996795364 ], [ 235134.899711454490898, 897271.150861806352623 ], [ 235143.164912259730045, 897294.250550584052689 ], [ 235153.654479300457751, 897316.428876699181274 ], [ 235166.267392311914591, 897337.472250747610815 ], [ 235180.882182046858361, 897357.178013533586636 ], [ 235197.358100090903463, 897375.356387789361179 ], [ 235215.536474346619798, 897391.832305833464488 ], [ 235235.242237132624723, 897406.447095568408258 ], [ 235256.28561118102516, 897419.060008579865098 ], [ 235278.46393729627016, 897429.549575620563701 ], [ 235301.563626073912019, 897437.814776425831951 ], [ 235325.362214883498382, 897443.77601259353105 ], [ 235349.630510305141797, 897447.375874160788953 ], [ 235374.134795387537451, 897448.57969249272719 ], [ 235398.639080469933106, 897447.375874160788953 ], [ 235422.907375891576521, 897443.77601259353105 ], [ 235446.705964701162884, 897437.814776425831951 ], [ 235469.805653478804743, 897429.549575620563701 ], [ 235491.983979594049742, 897419.060008579865098 ], [ 235513.02735364245018, 897406.447095568408258 ], [ 235532.733116428455105, 897391.832305833464488 ], [ 235550.91149068417144, 897375.356387789361179 ], [ 235567.387408728216542, 897357.178013533586636 ], [ 235582.002198463160312, 897337.472250747610815 ], [ 235594.615111474617152, 897316.428876699181274 ], [ 235605.104678515344858, 897294.250550584052689 ], [ 235613.369879320584005, 897271.150861806352623 ], [ 235619.331115488341311, 897247.352272996795364 ], [ 235622.930977055599215, 897223.083977575064637 ], [ 235624.134795387537451, 897198.57969249272719 ] ] ] } },
{ "type": "Feature", "properties": { "newname": "26_Dr. Frederick H. Knight Children's Center", "element": "node" }, "geometry": { "type": "Polygon", "coordinates": [ [ [ 232274.567461970349541, 897590.254939736332744 ], [ 232273.363643638411304, 897565.750654653995298 ], [ 232269.7637820711534, 897541.482359232264571 ], [ 232263.802545903396094, 897517.683770422707312 ], [ 232255.537345098156948, 897494.584081645007245 ], [ 232245.047778057429241, 897472.405755529878661 ], [ 232232.434865045972401, 897451.36238148144912 ], [ 232217.820075311028631, 897431.656618695473298 ], [ 232201.34415726698353, 897413.478244439698756 ], [ 232183.165783011267195, 897397.002326395595446 ], [ 232163.460020225262269, 897382.387536660651676 ], [ 232142.416646176861832, 897369.774623649194837 ], [ 232120.238320061616832, 897359.285056608496234 ], [ 232097.138631283974973, 897351.019855803227983 ], [ 232073.340042474388611, 897345.058619635528885 ], [ 232049.071747052745195, 897341.458758068270981 ], [ 232024.567461970349541, 897340.254939736332744 ], [ 232000.063176887953887, 897341.458758068270981 ], [ 231975.794881466310471, 897345.058619635528885 ], [ 231951.996292656724108, 897351.019855803227983 ], [ 231928.896603879082249, 897359.285056608496234 ], [ 231906.71827776383725, 897369.774623649194837 ], [ 231885.674903715436812, 897382.387536660651676 ], [ 231865.969140929431887, 897397.002326395595446 ], [ 231847.790766673715552, 897413.478244439698756 ], [ 231831.31484862967045, 897431.656618695473298 ], [ 231816.700058894726681, 897451.36238148144912 ], [ 231804.087145883269841, 897472.405755529878661 ], [ 231793.597578842542134, 897494.584081645007245 ], [ 231785.332378037302988, 897517.683770422707312 ], [ 231779.371141869545681, 897541.482359232264571 ], [ 231775.771280302287778, 897565.750654653995298 ], [ 231774.567461970349541, 897590.254939736332744 ], [ 231775.771280302287778, 897614.759224818670191 ], [ 231779.371141869545681, 897639.027520240400918 ], [ 231785.332378037302988, 897662.826109049958177 ], [ 231793.597578842542134, 897685.925797827658243 ], [ 231804.087145883269841, 897708.104123942786828 ], [ 231816.700058894726681, 897729.147497991216369 ], [ 231831.31484862967045, 897748.85326077719219 ], [ 231847.790766673715552, 897767.031635032966733 ], [ 231865.969140929431887, 897783.507553077070042 ], [ 231885.674903715436812, 897798.122342812013812 ], [ 231906.71827776383725, 897810.735255823470652 ], [ 231928.896603879082249, 897821.224822864169255 ], [ 231951.996292656724108, 897829.490023669437505 ], [ 231975.794881466310471, 897835.451259837136604 ], [ 232000.063176887953887, 897839.051121404394507 ], [ 232024.567461970349541, 897840.254939736332744 ], [ 232049.071747052745195, 897839.051121404394507 ], [ 232073.340042474388611, 897835.451259837136604 ], [ 232097.138631283974973, 897829.490023669437505 ], [ 232120.238320061616832, 897821.224822864169255 ], [ 232142.416646176861832, 897810.735255823470652 ], [ 232163.460020225262269, 897798.122342812013812 ], [ 232183.165783011267195, 897783.507553077070042 ], [ 232201.34415726698353, 897767.031635032966733 ], [ 232217.820075311028631, 897748.85326077719219 ], [ 232232.434865045972401, 897729.147497991216369 ], [ 232245.047778057429241, 897708.104123942786828 ], [ 232255.537345098156948, 897685.925797827658243 ], [ 232263.802545903396094, 897662.826109049958177 ], [ 232269.7637820711534, 897639.027520240400918 ], [ 232273.363643638411304, 897614.759224818670191 ], [ 232274.567461970349541, 897590.254939736332744 ] ] ] } },
{ "type": "Feature", "properties": { "newname": "27_Harbor School", "element": "node" }, "geometry": { "type": "Polygon", "coordinates": [ [ [ 236034.707190973800607, 895334.939014260657132 ], [ 236033.50337264186237, 895310.434729178319685 ], [ 236029.903511074604467, 895286.166433756588958 ], [ 236023.94227490684716, 895262.367844947031699 ], [ 236015.677074101608014, 895239.268156169331633 ], [ 236005.187507060880307, 895217.089830054203048 ], [ 235992.574594049423467, 895196.046456005773507 ], [ 235977.959804314479697, 895176.340693219797686 ], [ 235961.483886270434596, 895158.162318964023143 ], [ 235943.305512014718261, 895141.686400919919834 ], [ 235923.599749228713335, 895127.071611184976064 ], [ 235902.556375180312898, 895114.458698173519224 ], [ 235880.378049065067898, 895103.969131132820621 ], [ 235857.27836028742604, 895095.703930327552371 ], [ 235833.479771477839677, 895089.742694159853272 ], [ 235809.211476056196261, 895086.142832592595369 ], [ 235784.707190973800607, 895084.939014260657132 ], [ 235760.202905891404953, 895086.142832592595369 ], [ 235735.934610469761537, 895089.742694159853272 ], [ 235712.136021660175174, 895095.703930327552371 ], [ 235689.036332882533316, 895103.969131132820621 ], [ 235666.858006767288316, 895114.458698173519224 ], [ 235645.814632718887879, 895127.071611184976064 ], [ 235626.108869932882953, 895141.686400919919834 ], [ 235607.930495677166618, 895158.162318964023143 ], [ 235591.454577633121517, 895176.340693219797686 ], [ 235576.839787898177747, 895196.046456005773507 ], [ 235564.226874886720907, 895217.089830054203048 ], [ 235553.7373078459932, 895239.268156169331633 ], [ 235545.472107040754054, 895262.367844947031699 ], [ 235539.510870872996747, 895286.166433756588958 ], [ 235535.911009305738844, 895310.434729178319685 ], [ 235534.707190973800607, 895334.939014260657132 ], [ 235535.911009305738844, 895359.443299342994578 ], [ 235539.510870872996747, 895383.711594764725305 ], [ 235545.472107040754054, 895407.510183574282564 ], [ 235553.7373078459932, 895430.609872351982631 ], [ 235564.226874886720907, 895452.788198467111215 ], [ 235576.839787898177747, 895473.831572515540756 ], [ 235591.454577633121517, 895493.537335301516578 ], [ 235607.930495677166618, 895511.71570955729112 ], [ 235626.108869932882953, 895528.19162760139443 ], [ 235645.814632718887879, 895542.8064173363382 ], [ 235666.858006767288316, 895555.419330347795039 ], [ 235689.036332882533316, 895565.908897388493642 ], [ 235712.136021660175174, 895574.174098193761893 ], [ 235735.934610469761537, 895580.135334361460991 ], [ 235760.202905891404953, 895583.735195928718895 ], [ 235784.707190973800607, 895584.939014260657132 ], [ 235809.211476056196261, 895583.735195928718895 ], [ 235833.479771477839677, 895580.135334361460991 ], [ 235857.27836028742604, 895574.174098193761893 ], [ 235880.378049065067898, 895565.908897388493642 ], [ 235902.556375180312898, 895555.419330347795039 ], [ 235923.599749228713335, 895542.8064173363382 ], [ 235943.305512014718261, 895528.19162760139443 ], [ 235961.483886270434596, 895511.71570955729112 ], [ 235977.959804314479697, 895493.537335301516578 ], [ 235992.574594049423467, 895473.831572515540756 ], [ 236005.187507060880307, 895452.788198467111215 ], [ 236015.677074101608014, 895430.609872351982631 ], [ 236023.94227490684716, 895407.510183574282564 ], [ 236029.903511074604467, 895383.711594764725305 ], [ 236033.50337264186237, 895359.443299342994578 ], [ 236034.707190973800607, 895334.939014260657132 ] ] ] } },
{ "type": "Feature", "properties": { "newname": "28_Another Course To College", "element": "node" }, "geometry": { "type": "Polygon", "coordinates": [ [ [ 229460.97424629991292, 900012.358303116634488 ], [ 229459.770427967974683, 899987.854018034297042 ], [ 229456.17056640071678, 899963.585722612566315 ], [ 229450.209330232959474, 899939.787133803009056 ], [ 229441.944129427720327, 899916.687445025308989 ], [ 229431.45456238699262, 899894.509118910180405 ], [ 229418.841649375535781, 899873.465744861750863 ], [ 229404.226859640592011, 899853.759982075775042 ], [ 229387.750941596546909, 899835.581607820000499 ], [ 229369.572567340830574, 899819.10568977589719 ], [ 229349.866804554825649, 899804.49090004095342 ], [ 229328.823430506425211, 899791.87798702949658 ], [ 229306.645104391180212, 899781.388419988797978 ], [ 229283.545415613538353, 899773.123219183529727 ], [ 229259.74682680395199, 899767.161983015830629 ], [ 229235.478531382308574, 899763.562121448572725 ], [ 229210.97424629991292, 899762.358303116634488 ], [ 229186.469961217517266, 899763.562121448572725 ], [ 229162.201665795873851, 899767.161983015830629 ], [ 229138.403076986287488, 899773.123219183529727 ], [ 229115.303388208645629, 899781.388419988797978 ], [ 229093.125062093400629, 899791.87798702949658 ], [ 229072.081688045000192, 899804.49090004095342 ], [ 229052.375925258995267, 899819.10568977589719 ], [ 229034.197551003278932, 899835.581607820000499 ], [ 229017.72163295923383, 899853.759982075775042 ], [ 229003.10684322429006, 899873.465744861750863 ], [ 228990.49393021283322, 899894.509118910180405 ], [ 228980.004363172105514, 899916.687445025308989 ], [ 228971.739162366866367, 899939.787133803009056 ], [ 228965.777926199109061, 899963.585722612566315 ], [ 228962.178064631851157, 899987.854018034297042 ], [ 228960.97424629991292, 900012.358303116634488 ], [ 228962.178064631851157, 900036.862588198971935 ], [ 228965.777926199109061, 900061.130883620702662 ], [ 228971.739162366866367, 900084.929472430259921 ], [ 228980.004363172105514, 900108.029161207959987 ], [ 228990.49393021283322, 900130.207487323088571 ], [ 229003.10684322429006, 900151.250861371518113 ], [ 229017.72163295923383, 900170.956624157493934 ], [ 229034.197551003278932, 900189.134998413268477 ], [ 229052.375925258995267, 900205.610916457371786 ], [ 229072.081688045000192, 900220.225706192315556 ], [ 229093.125062093400629, 900232.838619203772396 ], [ 229115.303388208645629, 900243.328186244470999 ], [ 229138.403076986287488, 900251.593387049739249 ], [ 229162.201665795873851, 900257.554623217438348 ], [ 229186.469961217517266, 900261.154484784696251 ], [ 229210.97424629991292, 900262.358303116634488 ], [ 229235.478531382308574, 900261.154484784696251 ], [ 229259.74682680395199, 900257.554623217438348 ], [ 229283.545415613538353, 900251.593387049739249 ], [ 229306.645104391180212, 900243.328186244470999 ], [ 229328.823430506425211, 900232.838619203772396 ], [ 229349.866804554825649, 900220.225706192315556 ], [ 229369.572567340830574, 900205.610916457371786 ], [ 229387.750941596546909, 900189.134998413268477 ], [ 229404.226859640592011, 900170.956624157493934 ], [ 229418.841649375535781, 900151.250861371518113 ], [ 229431.45456238699262, 900130.207487323088571 ], [ 229441.944129427720327, 900108.029161207959987 ], [ 229450.209330232959474, 900084.929472430259921 ], [ 229456.17056640071678, 900061.130883620702662 ], [ 229459.770427967974683, 900036.862588198971935 ], [ 229460.97424629991292, 900012.358303116634488 ] ] ] } },
{ "type": "Feature", "properties": { "newname": "29_St Mark Elementary", "element": "node" }, "geometry": { "type": "Polygon", "coordinates": [ [ [ 236182.734384559589671, 893593.687669880222529 ], [ 236181.530566227651434, 893569.183384797885083 ], [ 236177.930704660393531, 893544.915089376154356 ], [ 236171.969468492636224, 893521.116500566597097 ], [ 236163.704267687397078, 893498.01681178889703 ], [ 236153.214700646669371, 893475.838485673768446 ], [ 236140.601787635212531, 893454.795111625338905 ], [ 236125.986997900268761, 893435.089348839363083 ], [ 236109.51107985622366, 893416.910974583588541 ], [ 236091.332705600507325, 893400.435056539485231 ], [ 236071.626942814502399, 893385.820266804541461 ], [ 236050.583568766101962, 893373.207353793084621 ], [ 236028.405242650856962, 893362.717786752386019 ], [ 236005.305553873215104, 893354.452585947117768 ], [ 235981.506965063628741, 893348.49134977941867 ], [ 235957.238669641985325, 893344.891488212160766 ], [ 235932.734384559589671, 893343.687669880222529 ], [ 235908.230099477194017, 893344.891488212160766 ], [ 235883.961804055550601, 893348.49134977941867 ], [ 235860.163215245964238, 893354.452585947117768 ], [ 235837.06352646832238, 893362.717786752386019 ], [ 235814.88520035307738, 893373.207353793084621 ], [ 235793.841826304676943, 893385.820266804541461 ], [ 235774.136063518672017, 893400.435056539485231 ], [ 235755.957689262955682, 893416.910974583588541 ], [ 235739.481771218910581, 893435.089348839363083 ], [ 235724.866981483966811, 893454.795111625338905 ], [ 235712.254068472509971, 893475.838485673768446 ], [ 235701.764501431782264, 893498.01681178889703 ], [ 235693.499300626543118, 893521.116500566597097 ], [ 235687.538064458785811, 893544.915089376154356 ], [ 235683.938202891527908, 893569.183384797885083 ], [ 235682.734384559589671, 893593.687669880222529 ], [ 235683.938202891527908, 893618.191954962559976 ], [ 235687.538064458785811, 893642.460250384290703 ], [ 235693.499300626543118, 893666.258839193847962 ], [ 235701.764501431782264, 893689.358527971548028 ], [ 235712.254068472509971, 893711.536854086676612 ], [ 235724.866981483966811, 893732.580228135106154 ], [ 235739.481771218910581, 893752.285990921081975 ], [ 235755.957689262955682, 893770.464365176856518 ], [ 235774.136063518672017, 893786.940283220959827 ], [ 235793.841826304676943, 893801.555072955903597 ], [ 235814.88520035307738, 893814.167985967360437 ], [ 235837.06352646832238, 893824.65755300805904 ], [ 235860.163215245964238, 893832.92275381332729 ], [ 235883.961804055550601, 893838.883989981026389 ], [ 235908.230099477194017, 893842.483851548284292 ], [ 235932.734384559589671, 893843.687669880222529 ], [ 235957.238669641985325, 893842.483851548284292 ], [ 235981.506965063628741, 893838.883989981026389 ], [ 236005.305553873215104, 893832.92275381332729 ], [ 236028.405242650856962, 893824.65755300805904 ], [ 236050.583568766101962, 893814.167985967360437 ], [ 236071.626942814502399, 893801.555072955903597 ], [ 236091.332705600507325, 893786.940283220959827 ], [ 236109.51107985622366, 893770.464365176856518 ], [ 236125.986997900268761, 893752.285990921081975 ], [ 236140.601787635212531, 893732.580228135106154 ], [ 236153.214700646669371, 893711.536854086676612 ], [ 236163.704267687397078, 893689.358527971548028 ], [ 236171.969468492636224, 893666.258839193847962 ], [ 236177.930704660393531, 893642.460250384290703 ], [ 236181.530566227651434, 893618.191954962559976 ], [ 236182.734384559589671, 893593.687669880222529 ] ] ] } },
{ "type": "Feature", "properties": { "newname": "30_Saint Columbkille Partnership School", "element": "node" }, "geometry": { "type": "Polygon", "coordinates": [ [ [ 228840.127015011443291, 900273.192045600735582 ], [ 228838.923196679505054, 900248.687760518398136 ], [ 228835.32333511224715, 900224.419465096667409 ], [ 228829.362098944489844, 900200.62087628711015 ], [ 228821.096898139250698, 900177.521187509410083 ], [ 228810.607331098522991, 900155.342861394281499 ], [ 228797.994418087066151, 900134.299487345851958 ], [ 228783.379628352122381, 900114.593724559876136 ], [ 228766.903710308077279, 900096.415350304101594 ], [ 228748.725336052360944, 900079.939432259998284 ], [ 228729.019573266356019, 900065.324642525054514 ], [ 228707.976199217955582, 900052.711729513597675 ], [ 228685.797873102710582, 900042.222162472899072 ], [ 228662.698184325068723, 900033.956961667630821 ], [ 228638.89959551548236, 900027.995725499931723 ], [ 228614.631300093838945, 900024.395863932673819 ], [ 228590.127015011443291, 900023.192045600735582 ], [ 228565.622729929047637, 900024.395863932673819 ], [ 228541.354434507404221, 900027.995725499931723 ], [ 228517.555845697817858, 900033.956961667630821 ], [ 228494.456156920175999, 900042.222162472899072 ], [ 228472.277830804931, 900052.711729513597675 ], [ 228451.234456756530562, 900065.324642525054514 ], [ 228431.528693970525637, 900079.939432259998284 ], [ 228413.350319714809302, 900096.415350304101594 ], [ 228396.8744016707642, 900114.593724559876136 ], [ 228382.259611935820431, 900134.299487345851958 ], [ 228369.646698924363591, 900155.342861394281499 ], [ 228359.157131883635884, 900177.521187509410083 ], [ 228350.891931078396738, 900200.62087628711015 ], [ 228344.930694910639431, 900224.419465096667409 ], [ 228341.330833343381528, 900248.687760518398136 ], [ 228340.127015011443291, 900273.192045600735582 ], [ 228341.330833343381528, 900297.696330683073029 ], [ 228344.930694910639431, 900321.964626104803756 ], [ 228350.891931078396738, 900345.763214914361015 ], [ 228359.157131883635884, 900368.862903692061082 ], [ 228369.646698924363591, 900391.041229807189666 ], [ 228382.259611935820431, 900412.084603855619207 ], [ 228396.8744016707642, 900431.790366641595028 ], [ 228413.350319714809302, 900449.968740897369571 ], [ 228431.528693970525637, 900466.444658941472881 ], [ 228451.234456756530562, 900481.05944867641665 ], [ 228472.277830804931, 900493.67236168787349 ], [ 228494.456156920175999, 900504.161928728572093 ], [ 228517.555845697817858, 900512.427129533840343 ], [ 228541.354434507404221, 900518.388365701539442 ], [ 228565.622729929047637, 900521.988227268797345 ], [ 228590.127015011443291, 900523.192045600735582 ], [ 228614.631300093838945, 900521.988227268797345 ], [ 228638.89959551548236, 900518.388365701539442 ], [ 228662.698184325068723, 900512.427129533840343 ], [ 228685.797873102710582, 900504.161928728572093 ], [ 228707.976199217955582, 900493.67236168787349 ], [ 228729.019573266356019, 900481.05944867641665 ], [ 228748.725336052360944, 900466.444658941472881 ], [ 228766.903710308077279, 900449.968740897369571 ], [ 228783.379628352122381, 900431.790366641595028 ], [ 228797.994418087066151, 900412.084603855619207 ], [ 228810.607331098522991, 900391.041229807189666 ], [ 228821.096898139250698, 900368.862903692061082 ], [ 228829.362098944489844, 900345.763214914361015 ], [ 228835.32333511224715, 900321.964626104803756 ], [ 228838.923196679505054, 900297.696330683073029 ], [ 228840.127015011443291, 900273.192045600735582 ] ] ] } },
{ "type": "Feature", "properties": { "newname": "31_Beethoven School", "element": "node" }, "geometry": { "type": "Polygon", "coordinates": [ [ [ 228645.751253536407603, 890396.953039199928753 ], [ 228644.547435204469366, 890372.448754117591307 ], [ 228640.947573637211462, 890348.18045869586058 ], [ 228634.986337469454156, 890324.381869886303321 ], [ 228626.72113666421501, 890301.282181108603254 ], [ 228616.231569623487303, 890279.10385499347467 ], [ 228603.618656612030463, 890258.060480945045128 ], [ 228589.003866877086693, 890238.354718159069307 ], [ 228572.527948833041592, 890220.176343903294764 ], [ 228554.349574577325257, 890203.700425859191455 ], [ 228534.643811791320331, 890189.085636124247685 ], [ 228513.600437742919894, 890176.472723112790845 ], [ 228491.422111627674894, 890165.983156072092243 ], [ 228468.322422850033036, 890157.717955266823992 ], [ 228444.523834040446673, 890151.756719099124894 ], [ 228420.255538618803257, 890148.15685753186699 ], [ 228395.751253536407603, 890146.953039199928753 ], [ 228371.246968454011949, 890148.15685753186699 ], [ 228346.978673032368533, 890151.756719099124894 ], [ 228323.18008422278217, 890157.717955266823992 ], [ 228300.080395445140311, 890165.983156072092243 ], [ 228277.902069329895312, 890176.472723112790845 ], [ 228256.858695281494875, 890189.085636124247685 ], [ 228237.152932495489949, 890203.700425859191455 ], [ 228218.974558239773614, 890220.176343903294764 ], [ 228202.498640195728512, 890238.354718159069307 ], [ 228187.883850460784743, 890258.060480945045128 ], [ 228175.270937449327903, 890279.10385499347467 ], [ 228164.781370408600196, 890301.282181108603254 ], [ 228156.51616960336105, 890324.381869886303321 ], [ 228150.554933435603743, 890348.18045869586058 ], [ 228146.95507186834584, 890372.448754117591307 ], [ 228145.751253536407603, 890396.953039199928753 ], [ 228146.95507186834584, 890421.4573242822662 ], [ 228150.554933435603743, 890445.725619703996927 ], [ 228156.51616960336105, 890469.524208513554186 ], [ 228164.781370408600196, 890492.623897291254252 ], [ 228175.270937449327903, 890514.802223406382836 ], [ 228187.883850460784743, 890535.845597454812378 ], [ 228202.498640195728512, 890555.551360240788199 ], [ 228218.974558239773614, 890573.729734496562742 ], [ 228237.152932495489949, 890590.205652540666051 ], [ 228256.858695281494875, 890604.820442275609821 ], [ 228277.902069329895312, 890617.433355287066661 ], [ 228300.080395445140311, 890627.922922327765264 ], [ 228323.18008422278217, 890636.188123133033514 ], [ 228346.978673032368533, 890642.149359300732613 ], [ 228371.246968454011949, 890645.749220867990516 ], [ 228395.751253536407603, 890646.953039199928753 ], [ 228420.255538618803257, 890645.749220867990516 ], [ 228444.523834040446673, 890642.149359300732613 ], [ 228468.322422850033036, 890636.188123133033514 ], [ 228491.422111627674894, 890627.922922327765264 ], [ 228513.600437742919894, 890617.433355287066661 ], [ 228534.643811791320331, 890604.820442275609821 ], [ 228554.349574577325257, 890590.205652540666051 ], [ 228572.527948833041592, 890573.729734496562742 ], [ 228589.003866877086693, 890555.551360240788199 ], [ 228603.618656612030463, 890535.845597454812378 ], [ 228616.231569623487303, 890514.802223406382836 ], [ 228626.72113666421501, 890492.623897291254252 ], [ 228634.986337469454156, 890469.524208513554186 ], [ 228640.947573637211462, 890445.725619703996927 ], [ 228644.547435204469366, 890421.4573242822662 ], [ 228645.751253536407603, 890396.953039199928753 ] ] ] } },
{ "type": "Feature", "properties": { "newname": "32_Cathedral High", "element": "node" }, "geometry": { "type": "Polygon", "coordinates": [ [ [ 235778.627060730039375, 899046.189203148009256 ], [ 235777.423242398101138, 899021.684918065671809 ], [ 235773.823380830843234, 898997.416622643941082 ], [ 235767.862144663085928, 898973.618033834383823 ], [ 235759.596943857846782, 898950.518345056683756 ], [ 235749.107376817119075, 898928.340018941555172 ], [ 235736.494463805662235, 898907.296644893125631 ], [ 235721.879674070718465, 898887.59088210714981 ], [ 235705.403756026673364, 898869.412507851375267 ], [ 235687.225381770957028, 898852.936589807271957 ], [ 235667.519618984952103, 898838.321800072328188 ], [ 235646.476244936551666, 898825.708887060871348 ], [ 235624.297918821306666, 898815.219320020172745 ], [ 235601.198230043664807, 898806.954119214904495 ], [ 235577.399641234078445, 898800.992883047205396 ], [ 235553.131345812435029, 898797.393021479947492 ], [ 235528.627060730039375, 898796.189203148009256 ], [ 235504.122775647643721, 898797.393021479947492 ], [ 235479.854480226000305, 898800.992883047205396 ], [ 235456.055891416413942, 898806.954119214904495 ], [ 235432.956202638772083, 898815.219320020172745 ], [ 235410.777876523527084, 898825.708887060871348 ], [ 235389.734502475126646, 898838.321800072328188 ], [ 235370.028739689121721, 898852.936589807271957 ], [ 235351.850365433405386, 898869.412507851375267 ], [ 235335.374447389360284, 898887.59088210714981 ], [ 235320.759657654416515, 898907.296644893125631 ], [ 235308.146744642959675, 898928.340018941555172 ], [ 235297.657177602231968, 898950.518345056683756 ], [ 235289.391976796992822, 898973.618033834383823 ], [ 235283.430740629235515, 898997.416622643941082 ], [ 235279.830879061977612, 899021.684918065671809 ], [ 235278.627060730039375, 899046.189203148009256 ], [ 235279.830879061977612, 899070.693488230346702 ], [ 235283.430740629235515, 899094.961783652077429 ], [ 235289.391976796992822, 899118.760372461634688 ], [ 235297.657177602231968, 899141.860061239334755 ], [ 235308.146744642959675, 899164.038387354463339 ], [ 235320.759657654416515, 899185.08176140289288 ], [ 235335.374447389360284, 899204.787524188868701 ], [ 235351.850365433405386, 899222.965898444643244 ], [ 235370.028739689121721, 899239.441816488746554 ], [ 235389.734502475126646, 899254.056606223690324 ], [ 235410.777876523527084, 899266.669519235147163 ], [ 235432.956202638772083, 899277.159086275845766 ], [ 235456.055891416413942, 899285.424287081114016 ], [ 235479.854480226000305, 899291.385523248813115 ], [ 235504.122775647643721, 899294.985384816071019 ], [ 235528.627060730039375, 899296.189203148009256 ], [ 235553.131345812435029, 899294.985384816071019 ], [ 235577.399641234078445, 899291.385523248813115 ], [ 235601.198230043664807, 899285.424287081114016 ], [ 235624.297918821306666, 899277.159086275845766 ], [ 235646.476244936551666, 899266.669519235147163 ], [ 235667.519618984952103, 899254.056606223690324 ], [ 235687.225381770957028, 899239.441816488746554 ], [ 235705.403756026673364, 899222.965898444643244 ], [ 235721.879674070718465, 899204.787524188868701 ], [ 235736.494463805662235, 899185.08176140289288 ], [ 235749.107376817119075, 899164.038387354463339 ], [ 235759.596943857846782, 899141.860061239334755 ], [ 235767.862144663085928, 899118.760372461634688 ], [ 235773.823380830843234, 899094.961783652077429 ], [ 235777.423242398101138, 899070.693488230346702 ], [ 235778.627060730039375, 899046.189203148009256 ] ] ] } },
{ "type": "Feature", "properties": { "newname": "33_Hyde Park Education Complex", "element": "node" }, "geometry": { "type": "Polygon", "coordinates": [ [ [ 231772.187603475496871, 890396.111770779592916 ], [ 231770.983785143558634, 890371.60748569725547 ], [ 231767.383923576300731, 890347.339190275524743 ], [ 231761.422687408543425, 890323.540601465967484 ], [ 231753.157486603304278, 890300.440912688267417 ], [ 231742.667919562576571, 890278.262586573138833 ], [ 231730.055006551119732, 890257.219212524709292 ], [ 231715.440216816175962, 890237.51344973873347 ], [ 231698.96429877213086, 890219.335075482958928 ], [ 231680.785924516414525, 890202.859157438855618 ], [ 231661.0801617304096, 890188.244367703911848 ], [ 231640.036787682009162, 890175.631454692455009 ], [ 231617.858461566764163, 890165.141887651756406 ], [ 231594.758772789122304, 890156.876686846488155 ], [ 231570.960183979535941, 890150.915450678789057 ], [ 231546.691888557892526, 890147.315589111531153 ], [ 231522.187603475496871, 890146.111770779592916 ], [ 231497.683318393101217, 890147.315589111531153 ], [ 231473.415022971457802, 890150.915450678789057 ], [ 231449.616434161871439, 890156.876686846488155 ], [ 231426.51674538422958, 890165.141887651756406 ], [ 231404.33841926898458, 890175.631454692455009 ], [ 231383.295045220584143, 890188.244367703911848 ], [ 231363.589282434579218, 890202.859157438855618 ], [ 231345.410908178862883, 890219.335075482958928 ], [ 231328.934990134817781, 890237.51344973873347 ], [ 231314.320200399874011, 890257.219212524709292 ], [ 231301.707287388417171, 890278.262586573138833 ], [ 231291.217720347689465, 890300.440912688267417 ], [ 231282.952519542450318, 890323.540601465967484 ], [ 231276.991283374693012, 890347.339190275524743 ], [ 231273.391421807435108, 890371.60748569725547 ], [ 231272.187603475496871, 890396.111770779592916 ], [ 231273.391421807435108, 890420.616055861930363 ], [ 231276.991283374693012, 890444.88435128366109 ], [ 231282.952519542450318, 890468.682940093218349 ], [ 231291.217720347689465, 890491.782628870918415 ], [ 231301.707287388417171, 890513.960954986047 ], [ 231314.320200399874011, 890535.004329034476541 ], [ 231328.934990134817781, 890554.710091820452362 ], [ 231345.410908178862883, 890572.888466076226905 ], [ 231363.589282434579218, 890589.364384120330215 ], [ 231383.295045220584143, 890603.979173855273984 ], [ 231404.33841926898458, 890616.592086866730824 ], [ 231426.51674538422958, 890627.081653907429427 ], [ 231449.616434161871439, 890635.346854712697677 ], [ 231473.415022971457802, 890641.308090880396776 ], [ 231497.683318393101217, 890644.907952447654679 ], [ 231522.187603475496871, 890646.111770779592916 ], [ 231546.691888557892526, 890644.907952447654679 ], [ 231570.960183979535941, 890641.308090880396776 ], [ 231594.758772789122304, 890635.346854712697677 ], [ 231617.858461566764163, 890627.081653907429427 ], [ 231640.036787682009162, 890616.592086866730824 ], [ 231661.0801617304096, 890603.979173855273984 ], [ 231680.785924516414525, 890589.364384120330215 ], [ 231698.96429877213086, 890572.888466076226905 ], [ 231715.440216816175962, 890554.710091820452362 ], [ 231730.055006551119732, 890535.004329034476541 ], [ 231742.667919562576571, 890513.960954986047 ], [ 231753.157486603304278, 890491.782628870918415 ], [ 231761.422687408543425, 890468.682940093218349 ], [ 231767.383923576300731, 890444.88435128366109 ], [ 231770.983785143558634, 890420.616055861930363 ], [ 231772.187603475496871, 890396.111770779592916 ] ] ] } },
{ "type": "Feature", "properties": { "newname": "34_Grover Cleveland", "element": "node" }, "geometry": { "type": "Polygon", "coordinates": [ [ [ 236429.073233583942056, 894586.998863360146061 ], [ 236427.869415252003819, 894562.494578277808614 ], [ 236424.269553684745915, 894538.226282856077887 ], [ 236418.308317516988609, 894514.427694046520628 ], [ 236410.043116711749462, 894491.328005268820561 ], [ 236399.553549671021756, 894469.149679153691977 ], [ 236386.940636659564916, 894448.106305105262436 ], [ 236372.325846924621146, 894428.400542319286615 ], [ 236355.849928880576044, 894410.222168063512072 ], [ 236337.671554624859709, 894393.746250019408762 ], [ 236317.965791838854784, 894379.131460284464993 ], [ 236296.922417790454347, 894366.518547273008153 ], [ 236274.744091675209347, 894356.02898023230955 ], [ 236251.644402897567488, 894347.7637794270413 ], [ 236227.845814087981125, 894341.802543259342201 ], [ 236203.57751866633771, 894338.202681692084298 ], [ 236179.073233583942056, 894336.998863360146061 ], [ 236154.568948501546402, 894338.202681692084298 ], [ 236130.300653079902986, 894341.802543259342201 ], [ 236106.502064270316623, 894347.7637794270413 ], [ 236083.402375492674764, 894356.02898023230955 ], [ 236061.224049377429765, 894366.518547273008153 ], [ 236040.180675329029327, 894379.131460284464993 ], [ 236020.474912543024402, 894393.746250019408762 ], [ 236002.296538287308067, 894410.222168063512072 ], [ 235985.820620243262965, 894428.400542319286615 ], [ 235971.205830508319195, 894448.106305105262436 ], [ 235958.592917496862356, 894469.149679153691977 ], [ 235948.103350456134649, 894491.328005268820561 ], [ 235939.838149650895502, 894514.427694046520628 ], [ 235933.876913483138196, 894538.226282856077887 ], [ 235930.277051915880293, 894562.494578277808614 ], [ 235929.073233583942056, 894586.998863360146061 ], [ 235930.277051915880293, 894611.503148442483507 ], [ 235933.876913483138196, 894635.771443864214234 ], [ 235939.838149650895502, 894659.570032673771493 ], [ 235948.103350456134649, 894682.66972145147156 ], [ 235958.592917496862356, 894704.848047566600144 ], [ 235971.205830508319195, 894725.891421615029685 ], [ 235985.820620243262965, 894745.597184401005507 ], [ 236002.296538287308067, 894763.775558656780049 ], [ 236020.474912543024402, 894780.251476700883359 ], [ 236040.180675329029327, 894794.866266435827129 ], [ 236061.224049377429765, 894807.479179447283968 ], [ 236083.402375492674764, 894817.968746487982571 ], [ 236106.502064270316623, 894826.233947293250822 ], [ 236130.300653079902986, 894832.19518346094992 ], [ 236154.568948501546402, 894835.795045028207824 ], [ 236179.073233583942056, 894836.998863360146061 ], [ 236203.57751866633771, 894835.795045028207824 ], [ 236227.845814087981125, 894832.19518346094992 ], [ 236251.644402897567488, 894826.233947293250822 ], [ 236274.744091675209347, 894817.968746487982571 ], [ 236296.922417790454347, 894807.479179447283968 ], [ 236317.965791838854784, 894794.866266435827129 ], [ 236337.671554624859709, 894780.251476700883359 ], [ 236355.849928880576044, 894763.775558656780049 ], [ 236372.325846924621146, 894745.597184401005507 ], [ 236386.940636659564916, 894725.891421615029685 ], [ 236399.553549671021756, 894704.848047566600144 ], [ 236410.043116711749462, 894682.66972145147156 ], [ 236418.308317516988609, 894659.570032673771493 ], [ 236424.269553684745915, 894635.771443864214234 ], [ 236427.869415252003819, 894611.503148442483507 ], [ 236429.073233583942056, 894586.998863360146061 ] ] ] } },
{ "type": "Feature", "properties": { "newname": "35_Mary Lyon", "element": "node" }, "geometry": { "type": "Polygon", "coordinates": [ [ [ 228139.655561727384338, 900125.687709435005672 ], [ 228138.451743395446101, 900101.183424352668226 ], [ 228134.851881828188198, 900076.915128930937499 ], [ 228128.890645660430891, 900053.11654012138024 ], [ 228120.625444855191745, 900030.016851343680173 ], [ 228110.135877814464038, 900007.838525228551589 ], [ 228097.522964803007198, 899986.795151180122048 ], [ 228082.908175068063429, 899967.089388394146226 ], [ 228066.432257024018327, 899948.911014138371684 ], [ 228048.253882768301992, 899932.435096094268374 ], [ 228028.548119982297067, 899917.820306359324604 ], [ 228007.504745933896629, 899905.207393347867765 ], [ 227985.32641981865163, 899894.717826307169162 ], [ 227962.226731041009771, 899886.452625501900911 ], [ 227938.428142231423408, 899880.491389334201813 ], [ 227914.159846809779992, 899876.891527766943909 ], [ 227889.655561727384338, 899875.687709435005672 ], [ 227865.151276644988684, 899876.891527766943909 ], [ 227840.882981223345269, 899880.491389334201813 ], [ 227817.084392413758906, 899886.452625501900911 ], [ 227793.984703636117047, 899894.717826307169162 ], [ 227771.806377520872047, 899905.207393347867765 ], [ 227750.76300347247161, 899917.820306359324604 ], [ 227731.057240686466685, 899932.435096094268374 ], [ 227712.87886643075035, 899948.911014138371684 ], [ 227696.402948386705248, 899967.089388394146226 ], [ 227681.788158651761478, 899986.795151180122048 ], [ 227669.175245640304638, 900007.838525228551589 ], [ 227658.685678599576931, 900030.016851343680173 ], [ 227650.420477794337785, 900053.11654012138024 ], [ 227644.459241626580479, 900076.915128930937499 ], [ 227640.859380059322575, 900101.183424352668226 ], [ 227639.655561727384338, 900125.687709435005672 ], [ 227640.859380059322575, 900150.191994517343119 ], [ 227644.459241626580479, 900174.460289939073846 ], [ 227650.420477794337785, 900198.258878748631105 ], [ 227658.685678599576931, 900221.358567526331171 ], [ 227669.175245640304638, 900243.536893641459756 ], [ 227681.788158651761478, 900264.580267689889297 ], [ 227696.402948386705248, 900284.286030475865118 ], [ 227712.87886643075035, 900302.464404731639661 ], [ 227731.057240686466685, 900318.94032277574297 ], [ 227750.76300347247161, 900333.55511251068674 ], [ 227771.806377520872047, 900346.16802552214358 ], [ 227793.984703636117047, 900356.657592562842183 ], [ 227817.084392413758906, 900364.922793368110433 ], [ 227840.882981223345269, 900370.884029535809532 ], [ 227865.151276644988684, 900374.483891103067435 ], [ 227889.655561727384338, 900375.687709435005672 ], [ 227914.159846809779992, 900374.483891103067435 ], [ 227938.428142231423408, 900370.884029535809532 ], [ 227962.226731041009771, 900364.922793368110433 ], [ 227985.32641981865163, 900356.657592562842183 ], [ 228007.504745933896629, 900346.16802552214358 ], [ 228028.548119982297067, 900333.55511251068674 ], [ 228048.253882768301992, 900318.94032277574297 ], [ 228066.432257024018327, 900302.464404731639661 ], [ 228082.908175068063429, 900284.286030475865118 ], [ 228097.522964803007198, 900264.580267689889297 ], [ 228110.135877814464038, 900243.536893641459756 ], [ 228120.625444855191745, 900221.358567526331171 ], [ 228128.890645660430891, 900198.258878748631105 ], [ 228134.851881828188198, 900174.460289939073846 ], [ 228138.451743395446101, 900150.191994517343119 ], [ 228139.655561727384338, 900125.687709435005672 ] ] ] } },
{ "type": "Feature", "properties": { "newname": "36_Mother Caroline Academy", "element": "node" }, "geometry": { "type": "Polygon", "coordinates": [ [ [ 234525.159726803569356, 895310.258223391138017 ], [ 234523.955908471631119, 895285.753938308800571 ], [ 234520.356046904373216, 895261.485642887069844 ], [ 234514.394810736615909, 895237.687054077512585 ], [ 234506.129609931376763, 895214.587365299812518 ], [ 234495.640042890649056, 895192.409039184683934 ], [ 234483.027129879192216, 895171.365665136254393 ], [ 234468.412340144248446, 895151.659902350278571 ], [ 234451.936422100203345, 895133.481528094504029 ], [ 234433.75804784448701, 895117.005610050400719 ], [ 234414.052285058482084, 895102.390820315456949 ], [ 234393.008911010081647, 895089.777907304000109 ], [ 234370.830584894836647, 895079.288340263301507 ], [ 234347.730896117194789, 895071.023139458033256 ], [ 234323.932307307608426, 895065.061903290334158 ], [ 234299.66401188596501, 895061.462041723076254 ], [ 234275.159726803569356, 895060.258223391138017 ], [ 234250.655441721173702, 895061.462041723076254 ], [ 234226.387146299530286, 895065.061903290334158 ], [ 234202.588557489943923, 895071.023139458033256 ], [ 234179.488868712302065, 895079.288340263301507 ], [ 234157.310542597057065, 895089.777907304000109 ], [ 234136.267168548656628, 895102.390820315456949 ], [ 234116.561405762651702, 895117.005610050400719 ], [ 234098.383031506935367, 895133.481528094504029 ], [ 234081.907113462890266, 895151.659902350278571 ], [ 234067.292323727946496, 895171.365665136254393 ], [ 234054.679410716489656, 895192.409039184683934 ], [ 234044.189843675761949, 895214.587365299812518 ], [ 234035.924642870522803, 895237.687054077512585 ], [ 234029.963406702765496, 895261.485642887069844 ], [ 234026.363545135507593, 895285.753938308800571 ], [ 234025.159726803569356, 895310.258223391138017 ], [ 234026.363545135507593, 895334.762508473475464 ], [ 234029.963406702765496, 895359.030803895206191 ], [ 234035.924642870522803, 895382.82939270476345 ], [ 234044.189843675761949, 895405.929081482463516 ], [ 234054.679410716489656, 895428.107407597592101 ], [ 234067.292323727946496, 895449.150781646021642 ], [ 234081.907113462890266, 895468.856544431997463 ], [ 234098.383031506935367, 895487.034918687772006 ], [ 234116.561405762651702, 895503.510836731875315 ], [ 234136.267168548656628, 895518.125626466819085 ], [ 234157.310542597057065, 895530.738539478275925 ], [ 234179.488868712302065, 895541.228106518974528 ], [ 234202.588557489943923, 895549.493307324242778 ], [ 234226.387146299530286, 895555.454543491941877 ], [ 234250.655441721173702, 895559.05440505919978 ], [ 234275.159726803569356, 895560.258223391138017 ], [ 234299.66401188596501, 895559.05440505919978 ], [ 234323.932307307608426, 895555.454543491941877 ], [ 234347.730896117194789, 895549.493307324242778 ], [ 234370.830584894836647, 895541.228106518974528 ], [ 234393.008911010081647, 895530.738539478275925 ], [ 234414.052285058482084, 895518.125626466819085 ], [ 234433.75804784448701, 895503.510836731875315 ], [ 234451.936422100203345, 895487.034918687772006 ], [ 234468.412340144248446, 895468.856544431997463 ], [ 234483.027129879192216, 895449.150781646021642 ], [ 234495.640042890649056, 895428.107407597592101 ], [ 234506.129609931376763, 895405.929081482463516 ], [ 234514.394810736615909, 895382.82939270476345 ], [ 234520.356046904373216, 895359.030803895206191 ], [ 234523.955908471631119, 895334.762508473475464 ], [ 234525.159726803569356, 895310.258223391138017 ] ] ] } },
{ "type": "Feature", "properties": { "newname": "37_MATCH Charter Public High School", "element": "node" }, "geometry": { "type": "Polygon", "coordinates": [ [ [ 231475.848222149856156, 900248.86454724217765 ], [ 231474.644403817917919, 900224.360262159840204 ], [ 231471.044542250660015, 900200.091966738109477 ], [ 231465.083306082902709, 900176.293377928552218 ], [ 231456.818105277663562, 900153.193689150852151 ], [ 231446.328538236935856, 900131.015363035723567 ], [ 231433.715625225479016, 900109.971988987294026 ], [ 231419.100835490535246, 900090.266226201318204 ], [ 231402.624917446490144, 900072.087851945543662 ], [ 231384.446543190773809, 900055.611933901440352 ], [ 231364.740780404768884, 900040.997144166496582 ], [ 231343.697406356368447, 900028.384231155039743 ], [ 231321.519080241123447, 900017.89466411434114 ], [ 231298.419391463481588, 900009.629463309072889 ], [ 231274.620802653895225, 900003.668227141373791 ], [ 231250.35250723225181, 900000.068365574115887 ], [ 231225.848222149856156, 899998.86454724217765 ], [ 231201.343937067460502, 900000.068365574115887 ], [ 231177.075641645817086, 900003.668227141373791 ], [ 231153.277052836230723, 900009.629463309072889 ], [ 231130.177364058588864, 900017.89466411434114 ], [ 231107.999037943343865, 900028.384231155039743 ], [ 231086.955663894943427, 900040.997144166496582 ], [ 231067.249901108938502, 900055.611933901440352 ], [ 231049.071526853222167, 900072.087851945543662 ], [ 231032.595608809177065, 900090.266226201318204 ], [ 231017.980819074233295, 900109.971988987294026 ], [ 231005.367906062776456, 900131.015363035723567 ], [ 230994.878339022048749, 900153.193689150852151 ], [ 230986.613138216809602, 900176.293377928552218 ], [ 230980.651902049052296, 900200.091966738109477 ], [ 230977.052040481794393, 900224.360262159840204 ], [ 230975.848222149856156, 900248.86454724217765 ], [ 230977.052040481794393, 900273.368832324515097 ], [ 230980.651902049052296, 900297.637127746245824 ], [ 230986.613138216809602, 900321.435716555803083 ], [ 230994.878339022048749, 900344.535405333503149 ], [ 231005.367906062776456, 900366.713731448631734 ], [ 231017.980819074233295, 900387.757105497061275 ], [ 231032.595608809177065, 900407.462868283037096 ], [ 231049.071526853222167, 900425.641242538811639 ], [ 231067.249901108938502, 900442.117160582914948 ], [ 231086.955663894943427, 900456.731950317858718 ], [ 231107.999037943343865, 900469.344863329315558 ], [ 231130.177364058588864, 900479.834430370014161 ], [ 231153.277052836230723, 900488.099631175282411 ], [ 231177.075641645817086, 900494.06086734298151 ], [ 231201.343937067460502, 900497.660728910239413 ], [ 231225.848222149856156, 900498.86454724217765 ], [ 231250.35250723225181, 900497.660728910239413 ], [ 231274.620802653895225, 900494.06086734298151 ], [ 231298.419391463481588, 900488.099631175282411 ], [ 231321.519080241123447, 900479.834430370014161 ], [ 231343.697406356368447, 900469.344863329315558 ], [ 231364.740780404768884, 900456.731950317858718 ], [ 231384.446543190773809, 900442.117160582914948 ], [ 231402.624917446490144, 900425.641242538811639 ], [ 231419.100835490535246, 900407.462868283037096 ], [ 231433.715625225479016, 900387.757105497061275 ], [ 231446.328538236935856, 900366.713731448631734 ], [ 231456.818105277663562, 900344.535405333503149 ], [ 231465.083306082902709, 900321.435716555803083 ], [ 231471.044542250660015, 900297.637127746245824 ], [ 231474.644403817917919, 900273.368832324515097 ], [ 231475.848222149856156, 900248.86454724217765 ] ] ] } },
{ "type": "Feature", "properties": { "newname": "38_St Brendan Elementary", "element": "node" }, "geometry": { "type": "Polygon", "coordinates": [ [ [ 237263.717426039802376, 892478.996566266752779 ], [ 237262.513607707864139, 892454.492281184415333 ], [ 237258.913746140606236, 892430.223985762684606 ], [ 237252.952509972848929, 892406.425396953127347 ], [ 237244.687309167609783, 892383.32570817542728 ], [ 237234.197742126882076, 892361.147382060298696 ], [ 237221.584829115425237, 892340.104008011869155 ], [ 237206.970039380481467, 892320.398245225893334 ], [ 237190.494121336436365, 892302.219870970118791 ], [ 237172.31574708072003, 892285.743952926015481 ], [ 237152.609984294715105, 892271.129163191071711 ], [ 237131.566610246314667, 892258.516250179614872 ], [ 237109.388284131069668, 892248.026683138916269 ], [ 237086.288595353427809, 892239.761482333648019 ], [ 237062.490006543841446, 892233.80024616594892 ], [ 237038.22171112219803, 892230.200384598691016 ], [ 237013.717426039802376, 892228.996566266752779 ], [ 236989.213140957406722, 892230.200384598691016 ], [ 236964.944845535763307, 892233.80024616594892 ], [ 236941.146256726176944, 892239.761482333648019 ], [ 236918.046567948535085, 892248.026683138916269 ], [ 236895.868241833290085, 892258.516250179614872 ], [ 236874.824867784889648, 892271.129163191071711 ], [ 236855.119104998884723, 892285.743952926015481 ], [ 236836.940730743168388, 892302.219870970118791 ], [ 236820.464812699123286, 892320.398245225893334 ], [ 236805.850022964179516, 892340.104008011869155 ], [ 236793.237109952722676, 892361.147382060298696 ], [ 236782.747542911994969, 892383.32570817542728 ], [ 236774.482342106755823, 892406.425396953127347 ], [ 236768.521105938998517, 892430.223985762684606 ], [ 236764.921244371740613, 892454.492281184415333 ], [ 236763.717426039802376, 892478.996566266752779 ], [ 236764.921244371740613, 892503.500851349090226 ], [ 236768.521105938998517, 892527.769146770820953 ], [ 236774.482342106755823, 892551.567735580378212 ], [ 236782.747542911994969, 892574.667424358078279 ], [ 236793.237109952722676, 892596.845750473206863 ], [ 236805.850022964179516, 892617.889124521636404 ], [ 236820.464812699123286, 892637.594887307612225 ], [ 236836.940730743168388, 892655.773261563386768 ], [ 236855.119104998884723, 892672.249179607490078 ], [ 236874.824867784889648, 892686.863969342433847 ], [ 236895.868241833290085, 892699.476882353890687 ], [ 236918.046567948535085, 892709.96644939458929 ], [ 236941.146256726176944, 892718.23165019985754 ], [ 236964.944845535763307, 892724.192886367556639 ], [ 236989.213140957406722, 892727.792747934814543 ], [ 237013.717426039802376, 892728.996566266752779 ], [ 237038.22171112219803, 892727.792747934814543 ], [ 237062.490006543841446, 892724.192886367556639 ], [ 237086.288595353427809, 892718.23165019985754 ], [ 237109.388284131069668, 892709.96644939458929 ], [ 237131.566610246314667, 892699.476882353890687 ], [ 237152.609984294715105, 892686.863969342433847 ], [ 237172.31574708072003, 892672.249179607490078 ], [ 237190.494121336436365, 892655.773261563386768 ], [ 237206.970039380481467, 892637.594887307612225 ], [ 237221.584829115425237, 892617.889124521636404 ], [ 237234.197742126882076, 892596.845750473206863 ], [ 237244.687309167609783, 892574.667424358078279 ], [ 237252.952509972848929, 892551.567735580378212 ], [ 237258.913746140606236, 892527.769146770820953 ], [ 237262.513607707864139, 892503.500851349090226 ], [ 237263.717426039802376, 892478.996566266752779 ] ] ] } },
{ "type": "Feature", "properties": { "newname": "39_Saint Angela Elementary School", "element": "node" }, "geometry": { "type": "Polygon", "coordinates": [ [ [ 233894.837226346106036, 891222.136546960333362 ], [ 233893.633408014167799, 891197.632261877995916 ], [ 233890.033546446909895, 891173.363966456265189 ], [ 233884.072310279152589, 891149.56537764670793 ], [ 233875.807109473913442, 891126.465688869007863 ], [ 233865.317542433185736, 891104.287362753879279 ], [ 233852.704629421728896, 891083.243988705449738 ], [ 233838.089839686785126, 891063.538225919473916 ], [ 233821.613921642740024, 891045.359851663699374 ], [ 233803.435547387023689, 891028.883933619596064 ], [ 233783.729784601018764, 891014.269143884652294 ], [ 233762.686410552618327, 891001.656230873195454 ], [ 233740.508084437373327, 890991.166663832496852 ], [ 233717.408395659731468, 890982.901463027228601 ], [ 233693.609806850145105, 890976.940226859529503 ], [ 233669.34151142850169, 890973.340365292271599 ], [ 233644.837226346106036, 890972.136546960333362 ], [ 233620.332941263710381, 890973.340365292271599 ], [ 233596.064645842066966, 890976.940226859529503 ], [ 233572.266057032480603, 890982.901463027228601 ], [ 233549.166368254838744, 890991.166663832496852 ], [ 233526.988042139593745, 891001.656230873195454 ], [ 233505.944668091193307, 891014.269143884652294 ], [ 233486.238905305188382, 891028.883933619596064 ], [ 233468.060531049472047, 891045.359851663699374 ], [ 233451.584613005426945, 891063.538225919473916 ], [ 233436.969823270483175, 891083.243988705449738 ], [ 233424.356910259026336, 891104.287362753879279 ], [ 233413.867343218298629, 891126.465688869007863 ], [ 233405.602142413059482, 891149.56537764670793 ], [ 233399.640906245302176, 891173.363966456265189 ], [ 233396.041044678044273, 891197.632261877995916 ], [ 233394.837226346106036, 891222.136546960333362 ], [ 233396.041044678044273, 891246.640832042670809 ], [ 233399.640906245302176, 891270.909127464401536 ], [ 233405.602142413059482, 891294.707716273958795 ], [ 233413.867343218298629, 891317.807405051658861 ], [ 233424.356910259026336, 891339.985731166787446 ], [ 233436.969823270483175, 891361.029105215216987 ], [ 233451.584613005426945, 891380.734868001192808 ], [ 233468.060531049472047, 891398.913242256967351 ], [ 233486.238905305188382, 891415.38916030107066 ], [ 233505.944668091193307, 891430.00395003601443 ], [ 233526.988042139593745, 891442.61686304747127 ], [ 233549.166368254838744, 891453.106430088169873 ], [ 233572.266057032480603, 891461.371630893438123 ], [ 233596.064645842066966, 891467.332867061137222 ], [ 233620.332941263710381, 891470.932728628395125 ], [ 233644.837226346106036, 891472.136546960333362 ], [ 233669.34151142850169, 891470.932728628395125 ], [ 233693.609806850145105, 891467.332867061137222 ], [ 233717.408395659731468, 891461.371630893438123 ], [ 233740.508084437373327, 891453.106430088169873 ], [ 233762.686410552618327, 891442.61686304747127 ], [ 233783.729784601018764, 891430.00395003601443 ], [ 233803.435547387023689, 891415.38916030107066 ], [ 233821.613921642740024, 891398.913242256967351 ], [ 233838.089839686785126, 891380.734868001192808 ], [ 233852.704629421728896, 891361.029105215216987 ], [ 233865.317542433185736, 891339.985731166787446 ], [ 233875.807109473913442, 891317.807405051658861 ], [ 233884.072310279152589, 891294.707716273958795 ], [ 233890.033546446909895, 891270.909127464401536 ], [ 233893.633408014167799, 891246.640832042670809 ], [ 233894.837226346106036, 891222.136546960333362 ] ] ] } },
{ "type": "Feature", "properties": { "newname": "40_Saint John Paul II Lower Mills Catholic Academy", "element": "node" }, "geometry": { "type": "Polygon", "coordinates": [ [ [ 235951.208707133308053, 891637.15325491677504 ], [ 235950.004888801369816, 891612.648969834437594 ], [ 235946.405027234111913, 891588.380674412706867 ], [ 235940.443791066354606, 891564.582085603149608 ], [ 235932.17859026111546, 891541.482396825449541 ], [ 235921.689023220387753, 891519.304070710320957 ], [ 235909.076110208930913, 891498.260696661891416 ], [ 235894.461320473987143, 891478.554933875915594 ], [ 235877.985402429942042, 891460.376559620141052 ], [ 235859.807028174225707, 891443.900641576037742 ], [ 235840.101265388220781, 891429.285851841093972 ], [ 235819.057891339820344, 891416.672938829637133 ], [ 235796.879565224575344, 891406.18337178893853 ], [ 235773.779876446933486, 891397.918170983670279 ], [ 235749.981287637347123, 891391.956934815971181 ], [ 235725.712992215703707, 891388.357073248713277 ], [ 235701.208707133308053, 891387.15325491677504 ], [ 235676.704422050912399, 891388.357073248713277 ], [ 235652.436126629268983, 891391.956934815971181 ], [ 235628.63753781968262, 891397.918170983670279 ], [ 235605.537849042040762, 891406.18337178893853 ], [ 235583.359522926795762, 891416.672938829637133 ], [ 235562.316148878395325, 891429.285851841093972 ], [ 235542.610386092390399, 891443.900641576037742 ], [ 235524.432011836674064, 891460.376559620141052 ], [ 235507.956093792628963, 891478.554933875915594 ], [ 235493.341304057685193, 891498.260696661891416 ], [ 235480.728391046228353, 891519.304070710320957 ], [ 235470.238824005500646, 891541.482396825449541 ], [ 235461.9736232002615, 891564.582085603149608 ], [ 235456.012387032504193, 891588.380674412706867 ], [ 235452.41252546524629, 891612.648969834437594 ], [ 235451.208707133308053, 891637.15325491677504 ], [ 235452.41252546524629, 891661.657539999112487 ], [ 235456.012387032504193, 891685.925835420843214 ], [ 235461.9736232002615, 891709.724424230400473 ], [ 235470.238824005500646, 891732.824113008100539 ], [ 235480.728391046228353, 891755.002439123229124 ], [ 235493.341304057685193, 891776.045813171658665 ], [ 235507.956093792628963, 891795.751575957634486 ], [ 235524.432011836674064, 891813.929950213409029 ], [ 235542.610386092390399, 891830.405868257512338 ], [ 235562.316148878395325, 891845.020657992456108 ], [ 235583.359522926795762, 891857.633571003912948 ], [ 235605.537849042040762, 891868.123138044611551 ], [ 235628.63753781968262, 891876.388338849879801 ], [ 235652.436126629268983, 891882.3495750175789 ], [ 235676.704422050912399, 891885.949436584836803 ], [ 235701.208707133308053, 891887.15325491677504 ], [ 235725.712992215703707, 891885.949436584836803 ], [ 235749.981287637347123, 891882.3495750175789 ], [ 235773.779876446933486, 891876.388338849879801 ], [ 235796.879565224575344, 891868.123138044611551 ], [ 235819.057891339820344, 891857.633571003912948 ], [ 235840.101265388220781, 891845.020657992456108 ], [ 235859.807028174225707, 891830.405868257512338 ], [ 235877.985402429942042, 891813.929950213409029 ], [ 235894.461320473987143, 891795.751575957634486 ], [ 235909.076110208930913, 891776.045813171658665 ], [ 235921.689023220387753, 891755.002439123229124 ], [ 235932.17859026111546, 891732.824113008100539 ], [ 235940.443791066354606, 891709.724424230400473 ], [ 235946.405027234111913, 891685.925835420843214 ], [ 235950.004888801369816, 891661.657539999112487 ], [ 235951.208707133308053, 891637.15325491677504 ] ] ] } },
{ "type": "Feature", "properties": { "newname": "41_Manville", "element": "node" }, "geometry": { "type": "Polygon", "coordinates": [ [ [ 232388.595558570639696, 897904.512825856800191 ], [ 232387.391740238701459, 897880.008540774462745 ], [ 232383.791878671443556, 897855.740245352732018 ], [ 232377.830642503686249, 897831.941656543174759 ], [ 232369.565441698447103, 897808.841967765474692 ], [ 232359.075874657719396, 897786.663641650346108 ], [ 232346.462961646262556, 897765.620267601916566 ], [ 232331.848171911318786, 897745.914504815940745 ], [ 232315.372253867273685, 897727.736130560166202 ], [ 232297.19387961155735, 897711.260212516062893 ], [ 232277.488116825552424, 897696.645422781119123 ], [ 232256.444742777151987, 897684.032509769662283 ], [ 232234.266416661906987, 897673.542942728963681 ], [ 232211.166727884265129, 897665.27774192369543 ], [ 232187.368139074678766, 897659.316505755996332 ], [ 232163.09984365303535, 897655.716644188738428 ], [ 232138.595558570639696, 897654.512825856800191 ], [ 232114.091273488244042, 897655.716644188738428 ], [ 232089.822978066600626, 897659.316505755996332 ], [ 232066.024389257014263, 897665.27774192369543 ], [ 232042.924700479372405, 897673.542942728963681 ], [ 232020.746374364127405, 897684.032509769662283 ], [ 231999.703000315726968, 897696.645422781119123 ], [ 231979.997237529722042, 897711.260212516062893 ], [ 231961.818863274005707, 897727.736130560166202 ], [ 231945.342945229960606, 897745.914504815940745 ], [ 231930.728155495016836, 897765.620267601916566 ], [ 231918.115242483559996, 897786.663641650346108 ], [ 231907.625675442832289, 897808.841967765474692 ], [ 231899.360474637593143, 897831.941656543174759 ], [ 231893.399238469835836, 897855.740245352732018 ], [ 231889.799376902577933, 897880.008540774462745 ], [ 231888.595558570639696, 897904.512825856800191 ], [ 231889.799376902577933, 897929.017110939137638 ], [ 231893.399238469835836, 897953.285406360868365 ], [ 231899.360474637593143, 897977.083995170425624 ], [ 231907.625675442832289, 898000.18368394812569 ], [ 231918.115242483559996, 898022.362010063254274 ], [ 231930.728155495016836, 898043.405384111683816 ], [ 231945.342945229960606, 898063.111146897659637 ], [ 231961.818863274005707, 898081.28952115343418 ], [ 231979.997237529722042, 898097.765439197537489 ], [ 231999.703000315726968, 898112.380228932481259 ], [ 232020.746374364127405, 898124.993141943938099 ], [ 232042.924700479372405, 898135.482708984636702 ], [ 232066.024389257014263, 898143.747909789904952 ], [ 232089.822978066600626, 898149.709145957604051 ], [ 232114.091273488244042, 898153.309007524861954 ], [ 232138.595558570639696, 898154.512825856800191 ], [ 232163.09984365303535, 898153.309007524861954 ], [ 232187.368139074678766, 898149.709145957604051 ], [ 232211.166727884265129, 898143.747909789904952 ], [ 232234.266416661906987, 898135.482708984636702 ], [ 232256.444742777151987, 898124.993141943938099 ], [ 232277.488116825552424, 898112.380228932481259 ], [ 232297.19387961155735, 898097.765439197537489 ], [ 232315.372253867273685, 898081.28952115343418 ], [ 232331.848171911318786, 898063.111146897659637 ], [ 232346.462961646262556, 898043.405384111683816 ], [ 232359.075874657719396, 898022.362010063254274 ], [ 232369.565441698447103, 898000.18368394812569 ], [ 232377.830642503686249, 897977.083995170425624 ], [ 232383.791878671443556, 897953.285406360868365 ], [ 232387.391740238701459, 897929.017110939137638 ], [ 232388.595558570639696, 897904.512825856800191 ] ] ] } },
{ "type": "Feature", "properties": { "newname": "42_West Roxbury Academy", "element": "node" }, "geometry": { "type": "Polygon", "coordinates": [ [ [ 227066.536872288561426, 892473.902113135438412 ], [ 227065.333053956623189, 892449.397828053100966 ], [ 227061.733192389365286, 892425.129532631370239 ], [ 227055.771956221607979, 892401.33094382181298 ], [ 227047.506755416368833, 892378.231255044112913 ], [ 227037.017188375641126, 892356.052928928984329 ], [ 227024.404275364184286, 892335.009554880554788 ], [ 227009.789485629240517, 892315.303792094578966 ], [ 226993.313567585195415, 892297.125417838804424 ], [ 226975.13519332947908, 892280.649499794701114 ], [ 226955.429430543474155, 892266.034710059757344 ], [ 226934.386056495073717, 892253.421797048300505 ], [ 226912.207730379828718, 892242.932230007601902 ], [ 226889.108041602186859, 892234.667029202333651 ], [ 226865.309452792600496, 892228.705793034634553 ], [ 226841.04115737095708, 892225.105931467376649 ], [ 226816.536872288561426, 892223.902113135438412 ], [ 226792.032587206165772, 892225.105931467376649 ], [ 226767.764291784522356, 892228.705793034634553 ], [ 226743.965702974935994, 892234.667029202333651 ], [ 226720.866014197294135, 892242.932230007601902 ], [ 226698.687688082049135, 892253.421797048300505 ], [ 226677.644314033648698, 892266.034710059757344 ], [ 226657.938551247643773, 892280.649499794701114 ], [ 226639.760176991927437, 892297.125417838804424 ], [ 226623.284258947882336, 892315.303792094578966 ], [ 226608.669469212938566, 892335.009554880554788 ], [ 226596.056556201481726, 892356.052928928984329 ], [ 226585.566989160754019, 892378.231255044112913 ], [ 226577.301788355514873, 892401.33094382181298 ], [ 226571.340552187757567, 892425.129532631370239 ], [ 226567.740690620499663, 892449.397828053100966 ], [ 226566.536872288561426, 892473.902113135438412 ], [ 226567.740690620499663, 892498.406398217775859 ], [ 226571.340552187757567, 892522.674693639506586 ], [ 226577.301788355514873, 892546.473282449063845 ], [ 226585.566989160754019, 892569.572971226763912 ], [ 226596.056556201481726, 892591.751297341892496 ], [ 226608.669469212938566, 892612.794671390322037 ], [ 226623.284258947882336, 892632.500434176297858 ], [ 226639.760176991927437, 892650.678808432072401 ], [ 226657.938551247643773, 892667.154726476175711 ], [ 226677.644314033648698, 892681.76951621111948 ], [ 226698.687688082049135, 892694.38242922257632 ], [ 226720.866014197294135, 892704.871996263274923 ], [ 226743.965702974935994, 892713.137197068543173 ], [ 226767.764291784522356, 892719.098433236242272 ], [ 226792.032587206165772, 892722.698294803500175 ], [ 226816.536872288561426, 892723.902113135438412 ], [ 226841.04115737095708, 892722.698294803500175 ], [ 226865.309452792600496, 892719.098433236242272 ], [ 226889.108041602186859, 892713.137197068543173 ], [ 226912.207730379828718, 892704.871996263274923 ], [ 226934.386056495073717, 892694.38242922257632 ], [ 226955.429430543474155, 892681.76951621111948 ], [ 226975.13519332947908, 892667.154726476175711 ], [ 226993.313567585195415, 892650.678808432072401 ], [ 227009.789485629240517, 892632.500434176297858 ], [ 227024.404275364184286, 892612.794671390322037 ], [ 227037.017188375641126, 892591.751297341892496 ], [ 227047.506755416368833, 892569.572971226763912 ], [ 227055.771956221607979, 892546.473282449063845 ], [ 227061.733192389365286, 892522.674693639506586 ], [ 227065.333053956623189, 892498.406398217775859 ], [ 227066.536872288561426, 892473.902113135438412 ] ] ] } },
{ "type": "Feature", "properties": { "newname": "43_Advent School", "element": "node" }, "geometry": { "type": "Polygon", "coordinates": [ [ [ 235513.119010604306823, 900945.761777228210121 ], [ 235511.915192272368586, 900921.257492145872675 ], [ 235508.315330705110682, 900896.989196724141948 ], [ 235502.354094537353376, 900873.190607914584689 ], [ 235494.088893732114229, 900850.090919136884622 ], [ 235483.599326691386523, 900827.912593021756038 ], [ 235470.986413679929683, 900806.869218973326497 ], [ 235456.371623944985913, 900787.163456187350675 ], [ 235439.895705900940811, 900768.985081931576133 ], [ 235421.717331645224476, 900752.509163887472823 ], [ 235402.011568859219551, 900737.894374152529053 ], [ 235380.968194810819114, 900725.281461141072214 ], [ 235358.789868695574114, 900714.791894100373611 ], [ 235335.690179917932255, 900706.52669329510536 ], [ 235311.891591108345892, 900700.565457127406262 ], [ 235287.623295686702477, 900696.965595560148358 ], [ 235263.119010604306823, 900695.761777228210121 ], [ 235238.614725521911168, 900696.965595560148358 ], [ 235214.346430100267753, 900700.565457127406262 ], [ 235190.54784129068139, 900706.52669329510536 ], [ 235167.448152513039531, 900714.791894100373611 ], [ 235145.269826397794532, 900725.281461141072214 ], [ 235124.226452349394094, 900737.894374152529053 ], [ 235104.520689563389169, 900752.509163887472823 ], [ 235086.342315307672834, 900768.985081931576133 ], [ 235069.866397263627732, 900787.163456187350675 ], [ 235055.251607528683962, 900806.869218973326497 ], [ 235042.638694517227123, 900827.912593021756038 ], [ 235032.149127476499416, 900850.090919136884622 ], [ 235023.883926671260269, 900873.190607914584689 ], [ 235017.922690503502963, 900896.989196724141948 ], [ 235014.32282893624506, 900921.257492145872675 ], [ 235013.119010604306823, 900945.761777228210121 ], [ 235014.32282893624506, 900970.266062310547568 ], [ 235017.922690503502963, 900994.534357732278295 ], [ 235023.883926671260269, 901018.332946541835554 ], [ 235032.149127476499416, 901041.432635319535621 ], [ 235042.638694517227123, 901063.610961434664205 ], [ 235055.251607528683962, 901084.654335483093746 ], [ 235069.866397263627732, 901104.360098269069567 ], [ 235086.342315307672834, 901122.53847252484411 ], [ 235104.520689563389169, 901139.01439056894742 ], [ 235124.226452349394094, 901153.629180303891189 ], [ 235145.269826397794532, 901166.242093315348029 ], [ 235167.448152513039531, 901176.731660356046632 ], [ 235190.54784129068139, 901184.996861161314882 ], [ 235214.346430100267753, 901190.958097329013981 ], [ 235238.614725521911168, 901194.557958896271884 ], [ 235263.119010604306823, 901195.761777228210121 ], [ 235287.623295686702477, 901194.557958896271884 ], [ 235311.891591108345892, 901190.958097329013981 ], [ 235335.690179917932255, 901184.996861161314882 ], [ 235358.789868695574114, 901176.731660356046632 ], [ 235380.968194810819114, 901166.242093315348029 ], [ 235402.011568859219551, 901153.629180303891189 ], [ 235421.717331645224476, 901139.01439056894742 ], [ 235439.895705900940811, 901122.53847252484411 ], [ 235456.371623944985913, 901104.360098269069567 ], [ 235470.986413679929683, 901084.654335483093746 ], [ 235483.599326691386523, 901063.610961434664205 ], [ 235494.088893732114229, 901041.432635319535621 ], [ 235502.354094537353376, 901018.332946541835554 ], [ 235508.315330705110682, 900994.534357732278295 ], [ 235511.915192272368586, 900970.266062310547568 ], [ 235513.119010604306823, 900945.761777228210121 ] ] ] } },
{ "type": "Feature", "properties": { "newname": "44_Dr. William W. Henderson Inclusion Elementary School", "element": "node" }, "geometry": { "type": "Polygon", "coordinates": [ [ [ 236313.105568063212559, 893808.466194531996734 ], [ 236311.901749731274322, 893783.961909449659288 ], [ 236308.301888164016418, 893759.693614027928561 ], [ 236302.340651996259112, 893735.895025218371302 ], [ 236294.075451191019965, 893712.795336440671235 ], [ 236283.585884150292259, 893690.617010325542651 ], [ 236270.972971138835419, 893669.57363627711311 ], [ 236256.358181403891649, 893649.867873491137289 ], [ 236239.882263359846547, 893631.689499235362746 ], [ 236221.703889104130212, 893615.213581191259436 ], [ 236201.998126318125287, 893600.598791456315666 ], [ 236180.95475226972485, 893587.985878444858827 ], [ 236158.77642615447985, 893577.496311404160224 ], [ 236135.676737376837991, 893569.231110598891973 ], [ 236111.878148567251628, 893563.269874431192875 ], [ 236087.609853145608213, 893559.670012863934971 ], [ 236063.105568063212559, 893558.466194531996734 ], [ 236038.601282980816904, 893559.670012863934971 ], [ 236014.332987559173489, 893563.269874431192875 ], [ 235990.534398749587126, 893569.231110598891973 ], [ 235967.434709971945267, 893577.496311404160224 ], [ 235945.256383856700268, 893587.985878444858827 ], [ 235924.21300980829983, 893600.598791456315666 ], [ 235904.507247022294905, 893615.213581191259436 ], [ 235886.32887276657857, 893631.689499235362746 ], [ 235869.852954722533468, 893649.867873491137289 ], [ 235855.238164987589698, 893669.57363627711311 ], [ 235842.625251976132859, 893690.617010325542651 ], [ 235832.135684935405152, 893712.795336440671235 ], [ 235823.870484130166005, 893735.895025218371302 ], [ 235817.909247962408699, 893759.693614027928561 ], [ 235814.309386395150796, 893783.961909449659288 ], [ 235813.105568063212559, 893808.466194531996734 ], [ 235814.309386395150796, 893832.970479614334181 ], [ 235817.909247962408699, 893857.238775036064908 ], [ 235823.870484130166005, 893881.037363845622167 ], [ 235832.135684935405152, 893904.137052623322234 ], [ 235842.625251976132859, 893926.315378738450818 ], [ 235855.238164987589698, 893947.358752786880359 ], [ 235869.852954722533468, 893967.06451557285618 ], [ 235886.32887276657857, 893985.242889828630723 ], [ 235904.507247022294905, 894001.718807872734033 ], [ 235924.21300980829983, 894016.333597607677802 ], [ 235945.256383856700268, 894028.946510619134642 ], [ 235967.434709971945267, 894039.436077659833245 ], [ 235990.534398749587126, 894047.701278465101495 ], [ 236014.332987559173489, 894053.662514632800594 ], [ 236038.601282980816904, 894057.262376200058497 ], [ 236063.105568063212559, 894058.466194531996734 ], [ 236087.609853145608213, 894057.262376200058497 ], [ 236111.878148567251628, 894053.662514632800594 ], [ 236135.676737376837991, 894047.701278465101495 ], [ 236158.77642615447985, 894039.436077659833245 ], [ 236180.95475226972485, 894028.946510619134642 ], [ 236201.998126318125287, 894016.333597607677802 ], [ 236221.703889104130212, 894001.718807872734033 ], [ 236239.882263359846547, 893985.242889828630723 ], [ 236256.358181403891649, 893967.06451557285618 ], [ 236270.972971138835419, 893947.358752786880359 ], [ 236283.585884150292259, 893926.315378738450818 ], [ 236294.075451191019965, 893904.137052623322234 ], [ 236302.340651996259112, 893881.037363845622167 ], [ 236308.301888164016418, 893857.238775036064908 ], [ 236311.901749731274322, 893832.970479614334181 ], [ 236313.105568063212559, 893808.466194531996734 ] ] ] } },
{ "type": "Feature", "properties": { "newname": "45_Horace Mann School for the Deaf and Hard of Hearing", "element": "node" }, "geometry": { "type": "Polygon", "coordinates": [ [ [ 230114.741913078993093, 900248.380103497882374 ], [ 230113.538094747054856, 900223.875818415544927 ], [ 230109.938233179796953, 900199.6075229938142 ], [ 230103.976997012039647, 900175.808934184256941 ], [ 230095.7117962068005, 900152.709245406556875 ], [ 230085.222229166072793, 900130.53091929142829 ], [ 230072.609316154615954, 900109.487545242998749 ], [ 230057.994526419672184, 900089.781782457022928 ], [ 230041.518608375627082, 900071.603408201248385 ], [ 230023.340234119910747, 900055.127490157145076 ], [ 230003.634471333905822, 900040.512700422201306 ], [ 229982.591097285505384, 900027.899787410744466 ], [ 229960.412771170260385, 900017.410220370045863 ], [ 229937.313082392618526, 900009.145019564777613 ], [ 229913.514493583032163, 900003.183783397078514 ], [ 229889.246198161388747, 899999.583921829820611 ], [ 229864.741913078993093, 899998.380103497882374 ], [ 229840.237627996597439, 899999.583921829820611 ], [ 229815.969332574954024, 900003.183783397078514 ], [ 229792.170743765367661, 900009.145019564777613 ], [ 229769.071054987725802, 900017.410220370045863 ], [ 229746.892728872480802, 900027.899787410744466 ], [ 229725.849354824080365, 900040.512700422201306 ], [ 229706.14359203807544, 900055.127490157145076 ], [ 229687.965217782359105, 900071.603408201248385 ], [ 229671.489299738314003, 900089.781782457022928 ], [ 229656.874510003370233, 900109.487545242998749 ], [ 229644.261596991913393, 900130.53091929142829 ], [ 229633.772029951185687, 900152.709245406556875 ], [ 229625.50682914594654, 900175.808934184256941 ], [ 229619.545592978189234, 900199.6075229938142 ], [ 229615.94573141093133, 900223.875818415544927 ], [ 229614.741913078993093, 900248.380103497882374 ], [ 229615.94573141093133, 900272.88438858021982 ], [ 229619.545592978189234, 900297.152684001950547 ], [ 229625.50682914594654, 900320.951272811507806 ], [ 229633.772029951185687, 900344.050961589207873 ], [ 229644.261596991913393, 900366.229287704336457 ], [ 229656.874510003370233, 900387.272661752765998 ], [ 229671.489299738314003, 900406.97842453874182 ], [ 229687.965217782359105, 900425.156798794516362 ], [ 229706.14359203807544, 900441.632716838619672 ], [ 229725.849354824080365, 900456.247506573563442 ], [ 229746.892728872480802, 900468.860419585020281 ], [ 229769.071054987725802, 900479.349986625718884 ], [ 229792.170743765367661, 900487.615187430987135 ], [ 229815.969332574954024, 900493.576423598686233 ], [ 229840.237627996597439, 900497.176285165944137 ], [ 229864.741913078993093, 900498.380103497882374 ], [ 229889.246198161388747, 900497.176285165944137 ], [ 229913.514493583032163, 900493.576423598686233 ], [ 229937.313082392618526, 900487.615187430987135 ], [ 229960.412771170260385, 900479.349986625718884 ], [ 229982.591097285505384, 900468.860419585020281 ], [ 230003.634471333905822, 900456.247506573563442 ], [ 230023.340234119910747, 900441.632716838619672 ], [ 230041.518608375627082, 900425.156798794516362 ], [ 230057.994526419672184, 900406.97842453874182 ], [ 230072.609316154615954, 900387.272661752765998 ], [ 230085.222229166072793, 900366.229287704336457 ], [ 230095.7117962068005, 900344.050961589207873 ], [ 230103.976997012039647, 900320.951272811507806 ], [ 230109.938233179796953, 900297.152684001950547 ], [ 230113.538094747054856, 900272.88438858021982 ], [ 230114.741913078993093, 900248.380103497882374 ] ] ] } },
{ "type": "Feature", "properties": { "newname": "46_Park Street School", "element": "node" }, "geometry": { "type": "Polygon", "coordinates": [ [ [ 235533.740326330065727, 900743.780900593032129 ], [ 235532.53650799812749, 900719.276615510694683 ], [ 235528.936646430869587, 900695.008320088963956 ], [ 235522.975410263112281, 900671.209731279406697 ], [ 235514.710209457873134, 900648.11004250170663 ], [ 235504.220642417145427, 900625.931716386578046 ], [ 235491.607729405688588, 900604.888342338148504 ], [ 235476.992939670744818, 900585.182579552172683 ], [ 235460.517021626699716, 900567.00420529639814 ], [ 235442.338647370983381, 900550.528287252294831 ], [ 235422.632884584978456, 900535.913497517351061 ], [ 235401.589510536578018, 900523.300584505894221 ], [ 235379.411184421333019, 900512.811017465195619 ], [ 235356.31149564369116, 900504.545816659927368 ], [ 235332.512906834104797, 900498.58458049222827 ], [ 235308.244611412461381, 900494.984718924970366 ], [ 235283.740326330065727, 900493.780900593032129 ], [ 235259.236041247670073, 900494.984718924970366 ], [ 235234.967745826026658, 900498.58458049222827 ], [ 235211.169157016440295, 900504.545816659927368 ], [ 235188.069468238798436, 900512.811017465195619 ], [ 235165.891142123553436, 900523.300584505894221 ], [ 235144.847768075152999, 900535.913497517351061 ], [ 235125.142005289148074, 900550.528287252294831 ], [ 235106.963631033431739, 900567.00420529639814 ], [ 235090.487712989386637, 900585.182579552172683 ], [ 235075.872923254442867, 900604.888342338148504 ], [ 235063.260010242986027, 900625.931716386578046 ], [ 235052.770443202258321, 900648.11004250170663 ], [ 235044.505242397019174, 900671.209731279406697 ], [ 235038.544006229261868, 900695.008320088963956 ], [ 235034.944144662003964, 900719.276615510694683 ], [ 235033.740326330065727, 900743.780900593032129 ], [ 235034.944144662003964, 900768.285185675369576 ], [ 235038.544006229261868, 900792.553481097100303 ], [ 235044.505242397019174, 900816.352069906657562 ], [ 235052.770443202258321, 900839.451758684357628 ], [ 235063.260010242986027, 900861.630084799486212 ], [ 235075.872923254442867, 900882.673458847915754 ], [ 235090.487712989386637, 900902.379221633891575 ], [ 235106.963631033431739, 900920.557595889666118 ], [ 235125.142005289148074, 900937.033513933769427 ], [ 235144.847768075152999, 900951.648303668713197 ], [ 235165.891142123553436, 900964.261216680170037 ], [ 235188.069468238798436, 900974.75078372086864 ], [ 235211.169157016440295, 900983.01598452613689 ], [ 235234.967745826026658, 900988.977220693835989 ], [ 235259.236041247670073, 900992.577082261093892 ], [ 235283.740326330065727, 900993.780900593032129 ], [ 235308.244611412461381, 900992.577082261093892 ], [ 235332.512906834104797, 900988.977220693835989 ], [ 235356.31149564369116, 900983.01598452613689 ], [ 235379.411184421333019, 900974.75078372086864 ], [ 235401.589510536578018, 900964.261216680170037 ], [ 235422.632884584978456, 900951.648303668713197 ], [ 235442.338647370983381, 900937.033513933769427 ], [ 235460.517021626699716, 900920.557595889666118 ], [ 235476.992939670744818, 900902.379221633891575 ], [ 235491.607729405688588, 900882.673458847915754 ], [ 235504.220642417145427, 900861.630084799486212 ], [ 235514.710209457873134, 900839.451758684357628 ], [ 235522.975410263112281, 900816.352069906657562 ], [ 235528.936646430869587, 900792.553481097100303 ], [ 235532.53650799812749, 900768.285185675369576 ], [ 235533.740326330065727, 900743.780900593032129 ] ] ] } },
{ "type": "Feature", "properties": { "newname": "47_Cathedral Elementary", "element": "node" }, "geometry": { "type": "Polygon", "coordinates": [ [ [ 235799.936888573109172, 899031.556938713649288 ], [ 235798.733070241170935, 899007.052653631311841 ], [ 235795.133208673913032, 898982.784358209581114 ], [ 235789.171972506155726, 898958.985769400023855 ], [ 235780.906771700916579, 898935.886080622323789 ], [ 235770.417204660188872, 898913.707754507195204 ], [ 235757.804291648732033, 898892.664380458765663 ], [ 235743.189501913788263, 898872.958617672789842 ], [ 235726.713583869743161, 898854.780243417015299 ], [ 235708.535209614026826, 898838.30432537291199 ], [ 235688.829446828021901, 898823.68953563796822 ], [ 235667.786072779621463, 898811.07662262651138 ], [ 235645.607746664376464, 898800.587055585812777 ], [ 235622.508057886734605, 898792.321854780544527 ], [ 235598.709469077148242, 898786.360618612845428 ], [ 235574.441173655504826, 898782.760757045587525 ], [ 235549.936888573109172, 898781.556938713649288 ], [ 235525.432603490713518, 898782.760757045587525 ], [ 235501.164308069070103, 898786.360618612845428 ], [ 235477.36571925948374, 898792.321854780544527 ], [ 235454.266030481841881, 898800.587055585812777 ], [ 235432.087704366596881, 898811.07662262651138 ], [ 235411.044330318196444, 898823.68953563796822 ], [ 235391.338567532191519, 898838.30432537291199 ], [ 235373.160193276475184, 898854.780243417015299 ], [ 235356.684275232430082, 898872.958617672789842 ], [ 235342.069485497486312, 898892.664380458765663 ], [ 235329.456572486029472, 898913.707754507195204 ], [ 235318.967005445301766, 898935.886080622323789 ], [ 235310.701804640062619, 898958.985769400023855 ], [ 235304.740568472305313, 898982.784358209581114 ], [ 235301.140706905047409, 899007.052653631311841 ], [ 235299.936888573109172, 899031.556938713649288 ], [ 235301.140706905047409, 899056.061223795986734 ], [ 235304.740568472305313, 899080.329519217717461 ], [ 235310.701804640062619, 899104.12810802727472 ], [ 235318.967005445301766, 899127.227796804974787 ], [ 235329.456572486029472, 899149.406122920103371 ], [ 235342.069485497486312, 899170.449496968532912 ], [ 235356.684275232430082, 899190.155259754508734 ], [ 235373.160193276475184, 899208.333634010283276 ], [ 235391.338567532191519, 899224.809552054386586 ], [ 235411.044330318196444, 899239.424341789330356 ], [ 235432.087704366596881, 899252.037254800787196 ], [ 235454.266030481841881, 899262.526821841485798 ], [ 235477.36571925948374, 899270.792022646754049 ], [ 235501.164308069070103, 899276.753258814453147 ], [ 235525.432603490713518, 899280.353120381711051 ], [ 235549.936888573109172, 899281.556938713649288 ], [ 235574.441173655504826, 899280.353120381711051 ], [ 235598.709469077148242, 899276.753258814453147 ], [ 235622.508057886734605, 899270.792022646754049 ], [ 235645.607746664376464, 899262.526821841485798 ], [ 235667.786072779621463, 899252.037254800787196 ], [ 235688.829446828021901, 899239.424341789330356 ], [ 235708.535209614026826, 899224.809552054386586 ], [ 235726.713583869743161, 899208.333634010283276 ], [ 235743.189501913788263, 899190.155259754508734 ], [ 235757.804291648732033, 899170.449496968532912 ], [ 235770.417204660188872, 899149.406122920103371 ], [ 235780.906771700916579, 899127.227796804974787 ], [ 235789.171972506155726, 899104.12810802727472 ], [ 235795.133208673913032, 899080.329519217717461 ], [ 235798.733070241170935, 899056.061223795986734 ], [ 235799.936888573109172, 899031.556938713649288 ] ] ] } },
{ "type": "Feature", "properties": { "newname": "48_St Kevin Elementary", "element": "node" }, "geometry": { "type": "Polygon", "coordinates": [ [ [ 235919.701820554444566, 896163.378173680277541 ], [ 235918.498002222506329, 896138.873888597940095 ], [ 235914.898140655248426, 896114.605593176209368 ], [ 235908.93690448749112, 896090.807004366652109 ], [ 235900.671703682251973, 896067.707315588952042 ], [ 235890.182136641524266, 896045.528989473823458 ], [ 235877.569223630067427, 896024.485615425393917 ], [ 235862.954433895123657, 896004.779852639418095 ], [ 235846.478515851078555, 895986.601478383643553 ], [ 235828.30014159536222, 895970.125560339540243 ], [ 235808.594378809357295, 895955.510770604596473 ], [ 235787.551004760956857, 895942.897857593139634 ], [ 235765.372678645711858, 895932.408290552441031 ], [ 235742.272989868069999, 895924.14308974717278 ], [ 235718.474401058483636, 895918.181853579473682 ], [ 235694.206105636840221, 895914.581992012215778 ], [ 235669.701820554444566, 895913.378173680277541 ], [ 235645.197535472048912, 895914.581992012215778 ], [ 235620.929240050405497, 895918.181853579473682 ], [ 235597.130651240819134, 895924.14308974717278 ], [ 235574.030962463177275, 895932.408290552441031 ], [ 235551.852636347932275, 895942.897857593139634 ], [ 235530.809262299531838, 895955.510770604596473 ], [ 235511.103499513526913, 895970.125560339540243 ], [ 235492.925125257810578, 895986.601478383643553 ], [ 235476.449207213765476, 896004.779852639418095 ], [ 235461.834417478821706, 896024.485615425393917 ], [ 235449.221504467364866, 896045.528989473823458 ], [ 235438.73193742663716, 896067.707315588952042 ], [ 235430.466736621398013, 896090.807004366652109 ], [ 235424.505500453640707, 896114.605593176209368 ], [ 235420.905638886382803, 896138.873888597940095 ], [ 235419.701820554444566, 896163.378173680277541 ], [ 235420.905638886382803, 896187.882458762614988 ], [ 235424.505500453640707, 896212.150754184345715 ], [ 235430.466736621398013, 896235.949342993902974 ], [ 235438.73193742663716, 896259.04903177160304 ], [ 235449.221504467364866, 896281.227357886731625 ], [ 235461.834417478821706, 896302.270731935161166 ], [ 235476.449207213765476, 896321.976494721136987 ], [ 235492.925125257810578, 896340.15486897691153 ], [ 235511.103499513526913, 896356.630787021014839 ], [ 235530.809262299531838, 896371.245576755958609 ], [ 235551.852636347932275, 896383.858489767415449 ], [ 235574.030962463177275, 896394.348056808114052 ], [ 235597.130651240819134, 896402.613257613382302 ], [ 235620.929240050405497, 896408.574493781081401 ], [ 235645.197535472048912, 896412.174355348339304 ], [ 235669.701820554444566, 896413.378173680277541 ], [ 235694.206105636840221, 896412.174355348339304 ], [ 235718.474401058483636, 896408.574493781081401 ], [ 235742.272989868069999, 896402.613257613382302 ], [ 235765.372678645711858, 896394.348056808114052 ], [ 235787.551004760956857, 896383.858489767415449 ], [ 235808.594378809357295, 896371.245576755958609 ], [ 235828.30014159536222, 896356.630787021014839 ], [ 235846.478515851078555, 896340.15486897691153 ], [ 235862.954433895123657, 896321.976494721136987 ], [ 235877.569223630067427, 896302.270731935161166 ], [ 235890.182136641524266, 896281.227357886731625 ], [ 235900.671703682251973, 896259.04903177160304 ], [ 235908.93690448749112, 896235.949342993902974 ], [ 235914.898140655248426, 896212.150754184345715 ], [ 235918.498002222506329, 896187.882458762614988 ], [ 235919.701820554444566, 896163.378173680277541 ] ] ] } },
{ "type": "Feature", "properties": { "newname": "49_Our Lady Of Lourdes", "element": "node" }, "geometry": { "type": "Polygon", "coordinates": [ [ [ 232944.175091132929083, 895907.132450118428096 ], [ 232942.971272800990846, 895882.62816503609065 ], [ 232939.371411233732942, 895858.359869614359923 ], [ 232933.410175065975636, 895834.561280804802664 ], [ 232925.14497426073649, 895811.461592027102597 ], [ 232914.655407220008783, 895789.283265911974013 ], [ 232902.042494208551943, 895768.239891863544472 ], [ 232887.427704473608173, 895748.53412907756865 ], [ 232870.951786429563072, 895730.355754821794108 ], [ 232852.773412173846737, 895713.879836777690798 ], [ 232833.067649387841811, 895699.265047042747028 ], [ 232812.024275339441374, 895686.652134031290188 ], [ 232789.845949224196374, 895676.162566990591586 ], [ 232766.746260446554516, 895667.897366185323335 ], [ 232742.947671636968153, 895661.936130017624237 ], [ 232718.679376215324737, 895658.336268450366333 ], [ 232694.175091132929083, 895657.132450118428096 ], [ 232669.670806050533429, 895658.336268450366333 ], [ 232645.402510628890013, 895661.936130017624237 ], [ 232621.60392181930365, 895667.897366185323335 ], [ 232598.504233041661792, 895676.162566990591586 ], [ 232576.325906926416792, 895686.652134031290188 ], [ 232555.282532878016355, 895699.265047042747028 ], [ 232535.576770092011429, 895713.879836777690798 ], [ 232517.398395836295094, 895730.355754821794108 ], [ 232500.922477792249992, 895748.53412907756865 ], [ 232486.307688057306223, 895768.239891863544472 ], [ 232473.694775045849383, 895789.283265911974013 ], [ 232463.205208005121676, 895811.461592027102597 ], [ 232454.94000719988253, 895834.561280804802664 ], [ 232448.978771032125223, 895858.359869614359923 ], [ 232445.37890946486732, 895882.62816503609065 ], [ 232444.175091132929083, 895907.132450118428096 ], [ 232445.37890946486732, 895931.636735200765543 ], [ 232448.978771032125223, 895955.90503062249627 ], [ 232454.94000719988253, 895979.703619432053529 ], [ 232463.205208005121676, 896002.803308209753595 ], [ 232473.694775045849383, 896024.981634324882179 ], [ 232486.307688057306223, 896046.025008373311721 ], [ 232500.922477792249992, 896065.730771159287542 ], [ 232517.398395836295094, 896083.909145415062085 ], [ 232535.576770092011429, 896100.385063459165394 ], [ 232555.282532878016355, 896114.999853194109164 ], [ 232576.325906926416792, 896127.612766205566004 ], [ 232598.504233041661792, 896138.102333246264607 ], [ 232621.60392181930365, 896146.367534051532857 ], [ 232645.402510628890013, 896152.328770219231956 ], [ 232669.670806050533429, 896155.928631786489859 ], [ 232694.175091132929083, 896157.132450118428096 ], [ 232718.679376215324737, 896155.928631786489859 ], [ 232742.947671636968153, 896152.328770219231956 ], [ 232766.746260446554516, 896146.367534051532857 ], [ 232789.845949224196374, 896138.102333246264607 ], [ 232812.024275339441374, 896127.612766205566004 ], [ 232833.067649387841811, 896114.999853194109164 ], [ 232852.773412173846737, 896100.385063459165394 ], [ 232870.951786429563072, 896083.909145415062085 ], [ 232887.427704473608173, 896065.730771159287542 ], [ 232902.042494208551943, 896046.025008373311721 ], [ 232914.655407220008783, 896024.981634324882179 ], [ 232925.14497426073649, 896002.803308209753595 ], [ 232933.410175065975636, 895979.703619432053529 ], [ 232939.371411233732942, 895955.90503062249627 ], [ 232942.971272800990846, 895931.636735200765543 ], [ 232944.175091132929083, 895907.132450118428096 ] ] ] } },
{ "type": "Feature", "properties": { "newname": "50_Dr. William W. Henderson K-12 Inclusion School", "element": "node" }, "geometry": { "type": "Polygon", "coordinates": [ [ [ 235752.639501519559417, 892397.787305328994989 ], [ 235751.43568318762118, 892373.283020246657543 ], [ 235747.835821620363276, 892349.014724824926816 ], [ 235741.87458545260597, 892325.216136015369557 ], [ 235733.609384647366824, 892302.11644723766949 ], [ 235723.119817606639117, 892279.938121122540906 ], [ 235710.506904595182277, 892258.894747074111365 ], [ 235695.892114860238507, 892239.188984288135543 ], [ 235679.416196816193406, 892221.010610032361001 ], [ 235661.237822560477071, 892204.534691988257691 ], [ 235641.532059774472145, 892189.919902253313921 ], [ 235620.488685726071708, 892177.306989241857082 ], [ 235598.310359610826708, 892166.817422201158479 ], [ 235575.210670833184849, 892158.552221395890228 ], [ 235551.412082023598487, 892152.59098522819113 ], [ 235527.143786601955071, 892148.991123660933226 ], [ 235502.639501519559417, 892147.787305328994989 ], [ 235478.135216437163763, 892148.991123660933226 ], [ 235453.866921015520347, 892152.59098522819113 ], [ 235430.068332205933984, 892158.552221395890228 ], [ 235406.968643428292125, 892166.817422201158479 ], [ 235384.790317313047126, 892177.306989241857082 ], [ 235363.746943264646688, 892189.919902253313921 ], [ 235344.041180478641763, 892204.534691988257691 ], [ 235325.862806222925428, 892221.010610032361001 ], [ 235309.386888178880326, 892239.188984288135543 ], [ 235294.772098443936557, 892258.894747074111365 ], [ 235282.159185432479717, 892279.938121122540906 ], [ 235271.66961839175201, 892302.11644723766949 ], [ 235263.404417586512864, 892325.216136015369557 ], [ 235257.443181418755557, 892349.014724824926816 ], [ 235253.843319851497654, 892373.283020246657543 ], [ 235252.639501519559417, 892397.787305328994989 ], [ 235253.843319851497654, 892422.291590411332436 ], [ 235257.443181418755557, 892446.559885833063163 ], [ 235263.404417586512864, 892470.358474642620422 ], [ 235271.66961839175201, 892493.458163420320489 ], [ 235282.159185432479717, 892515.636489535449073 ], [ 235294.772098443936557, 892536.679863583878614 ], [ 235309.386888178880326, 892556.385626369854435 ], [ 235325.862806222925428, 892574.564000625628978 ], [ 235344.041180478641763, 892591.039918669732288 ], [ 235363.746943264646688, 892605.654708404676057 ], [ 235384.790317313047126, 892618.267621416132897 ], [ 235406.968643428292125, 892628.7571884568315 ], [ 235430.068332205933984, 892637.02238926209975 ], [ 235453.866921015520347, 892642.983625429798849 ], [ 235478.135216437163763, 892646.583486997056752 ], [ 235502.639501519559417, 892647.787305328994989 ], [ 235527.143786601955071, 892646.583486997056752 ], [ 235551.412082023598487, 892642.983625429798849 ], [ 235575.210670833184849, 892637.02238926209975 ], [ 235598.310359610826708, 892628.7571884568315 ], [ 235620.488685726071708, 892618.267621416132897 ], [ 235641.532059774472145, 892605.654708404676057 ], [ 235661.237822560477071, 892591.039918669732288 ], [ 235679.416196816193406, 892574.564000625628978 ], [ 235695.892114860238507, 892556.385626369854435 ], [ 235710.506904595182277, 892536.679863583878614 ], [ 235723.119817606639117, 892515.636489535449073 ], [ 235733.609384647366824, 892493.458163420320489 ], [ 235741.87458545260597, 892470.358474642620422 ], [ 235747.835821620363276, 892446.559885833063163 ], [ 235751.43568318762118, 892422.291590411332436 ], [ 235752.639501519559417, 892397.787305328994989 ] ] ] } },
{ "type": "Feature", "properties": { "newname": "51_Charles H Taylor School", "element": "node" }, "geometry": { "type": "Polygon", "coordinates": [ [ [ 235104.573334961285582, 892014.121751834638417 ], [ 235103.369516629347345, 891989.61746675230097 ], [ 235099.769655062089441, 891965.349171330570243 ], [ 235093.808418894332135, 891941.550582521012984 ], [ 235085.543218089092989, 891918.450893743312918 ], [ 235075.053651048365282, 891896.272567628184333 ], [ 235062.440738036908442, 891875.229193579754792 ], [ 235047.825948301964672, 891855.523430793778971 ], [ 235031.35003025791957, 891837.345056538004428 ], [ 235013.171656002203235, 891820.869138493901119 ], [ 234993.46589321619831, 891806.254348758957349 ], [ 234972.422519167797873, 891793.641435747500509 ], [ 234950.244193052552873, 891783.151868706801906 ], [ 234927.144504274911014, 891774.886667901533656 ], [ 234903.345915465324651, 891768.925431733834557 ], [ 234879.077620043681236, 891765.325570166576654 ], [ 234854.573334961285582, 891764.121751834638417 ], [ 234830.069049878889928, 891765.325570166576654 ], [ 234805.800754457246512, 891768.925431733834557 ], [ 234782.002165647660149, 891774.886667901533656 ], [ 234758.90247687001829, 891783.151868706801906 ], [ 234736.724150754773291, 891793.641435747500509 ], [ 234715.680776706372853, 891806.254348758957349 ], [ 234695.975013920367928, 891820.869138493901119 ], [ 234677.796639664651593, 891837.345056538004428 ], [ 234661.320721620606491, 891855.523430793778971 ], [ 234646.705931885662721, 891875.229193579754792 ], [ 234634.093018874205882, 891896.272567628184333 ], [ 234623.603451833478175, 891918.450893743312918 ], [ 234615.338251028239029, 891941.550582521012984 ], [ 234609.377014860481722, 891965.349171330570243 ], [ 234605.777153293223819, 891989.61746675230097 ], [ 234604.573334961285582, 892014.121751834638417 ], [ 234605.777153293223819, 892038.626036916975863 ], [ 234609.377014860481722, 892062.89433233870659 ], [ 234615.338251028239029, 892086.692921148263849 ], [ 234623.603451833478175, 892109.792609925963916 ], [ 234634.093018874205882, 892131.9709360410925 ], [ 234646.705931885662721, 892153.014310089522041 ], [ 234661.320721620606491, 892172.720072875497863 ], [ 234677.796639664651593, 892190.898447131272405 ], [ 234695.975013920367928, 892207.374365175375715 ], [ 234715.680776706372853, 892221.989154910319485 ], [ 234736.724150754773291, 892234.602067921776325 ], [ 234758.90247687001829, 892245.091634962474927 ], [ 234782.002165647660149, 892253.356835767743178 ], [ 234805.800754457246512, 892259.318071935442276 ], [ 234830.069049878889928, 892262.91793350270018 ], [ 234854.573334961285582, 892264.121751834638417 ], [ 234879.077620043681236, 892262.91793350270018 ], [ 234903.345915465324651, 892259.318071935442276 ], [ 234927.144504274911014, 892253.356835767743178 ], [ 234950.244193052552873, 892245.091634962474927 ], [ 234972.422519167797873, 892234.602067921776325 ], [ 234993.46589321619831, 892221.989154910319485 ], [ 235013.171656002203235, 892207.374365175375715 ], [ 235031.35003025791957, 892190.898447131272405 ], [ 235047.825948301964672, 892172.720072875497863 ], [ 235062.440738036908442, 892153.014310089522041 ], [ 235075.053651048365282, 892131.9709360410925 ], [ 235085.543218089092989, 892109.792609925963916 ], [ 235093.808418894332135, 892086.692921148263849 ], [ 235099.769655062089441, 892062.89433233870659 ], [ 235103.369516629347345, 892038.626036916975863 ], [ 235104.573334961285582, 892014.121751834638417 ] ] ] } },
{ "type": "Feature", "properties": { "newname": "52_Saint Annes School", "element": "node" }, "geometry": { "type": "Polygon", "coordinates": [ [ [ 230212.125912882213015, 887805.130131932906806 ], [ 230210.922094550274778, 887780.62584685056936 ], [ 230207.322232983016875, 887756.357551428838633 ], [ 230201.360996815259568, 887732.558962619281374 ], [ 230193.095796010020422, 887709.459273841581307 ], [ 230182.606228969292715, 887687.280947726452723 ], [ 230169.993315957835875, 887666.237573678023182 ], [ 230155.378526222892106, 887646.531810892047361 ], [ 230138.902608178847004, 887628.353436636272818 ], [ 230120.724233923130669, 887611.877518592169508 ], [ 230101.018471137125744, 887597.262728857225738 ], [ 230079.975097088725306, 887584.649815845768899 ], [ 230057.796770973480307, 887574.160248805070296 ], [ 230034.697082195838448, 887565.895047999802046 ], [ 230010.898493386252085, 887559.933811832102947 ], [ 229986.630197964608669, 887556.333950264845043 ], [ 229962.125912882213015, 887555.130131932906806 ], [ 229937.621627799817361, 887556.333950264845043 ], [ 229913.353332378173945, 887559.933811832102947 ], [ 229889.554743568587583, 887565.895047999802046 ], [ 229866.455054790945724, 887574.160248805070296 ], [ 229844.276728675700724, 887584.649815845768899 ], [ 229823.233354627300287, 887597.262728857225738 ], [ 229803.527591841295362, 887611.877518592169508 ], [ 229785.349217585579026, 887628.353436636272818 ], [ 229768.873299541533925, 887646.531810892047361 ], [ 229754.258509806590155, 887666.237573678023182 ], [ 229741.645596795133315, 887687.280947726452723 ], [ 229731.156029754405608, 887709.459273841581307 ], [ 229722.890828949166462, 887732.558962619281374 ], [ 229716.929592781409156, 887756.357551428838633 ], [ 229713.329731214151252, 887780.62584685056936 ], [ 229712.125912882213015, 887805.130131932906806 ], [ 229713.329731214151252, 887829.634417015244253 ], [ 229716.929592781409156, 887853.90271243697498 ], [ 229722.890828949166462, 887877.701301246532239 ], [ 229731.156029754405608, 887900.800990024232306 ], [ 229741.645596795133315, 887922.97931613936089 ], [ 229754.258509806590155, 887944.022690187790431 ], [ 229768.873299541533925, 887963.728452973766252 ], [ 229785.349217585579026, 887981.906827229540795 ], [ 229803.527591841295362, 887998.382745273644105 ], [ 229823.233354627300287, 888012.997535008587874 ], [ 229844.276728675700724, 888025.610448020044714 ], [ 229866.455054790945724, 888036.100015060743317 ], [ 229889.554743568587583, 888044.365215866011567 ], [ 229913.353332378173945, 888050.326452033710666 ], [ 229937.621627799817361, 888053.92631360096857 ], [ 229962.125912882213015, 888055.130131932906806 ], [ 229986.630197964608669, 888053.92631360096857 ], [ 230010.898493386252085, 888050.326452033710666 ], [ 230034.697082195838448, 888044.365215866011567 ], [ 230057.796770973480307, 888036.100015060743317 ], [ 230079.975097088725306, 888025.610448020044714 ], [ 230101.018471137125744, 888012.997535008587874 ], [ 230120.724233923130669, 887998.382745273644105 ], [ 230138.902608178847004, 887981.906827229540795 ], [ 230155.378526222892106, 887963.728452973766252 ], [ 230169.993315957835875, 887944.022690187790431 ], [ 230182.606228969292715, 887922.97931613936089 ], [ 230193.095796010020422, 887900.800990024232306 ], [ 230201.360996815259568, 887877.701301246532239 ], [ 230207.322232983016875, 887853.90271243697498 ], [ 230210.922094550274778, 887829.634417015244253 ], [ 230212.125912882213015, 887805.130131932906806 ] ] ] } },
{ "type": "Feature", "properties": { "newname": "53_Saint John Elementary", "element": "node" }, "geometry": { "type": "Polygon", "coordinates": [ [ [ 237082.643087035481585, 901582.9389783636434 ], [ 237081.439268703543348, 901558.434693281305954 ], [ 237077.839407136285445, 901534.166397859575227 ], [ 237071.878170968528138, 901510.367809050017968 ], [ 237063.612970163288992, 901487.268120272317901 ], [ 237053.123403122561285, 901465.089794157189317 ], [ 237040.510490111104446, 901444.046420108759776 ], [ 237025.895700376160676, 901424.340657322783954 ], [ 237009.419782332115574, 901406.162283067009412 ], [ 236991.241408076399239, 901389.686365022906102 ], [ 236971.535645290394314, 901375.071575287962332 ], [ 236950.492271241993876, 901362.458662276505493 ], [ 236928.313945126748877, 901351.96909523580689 ], [ 236905.214256349107018, 901343.703894430538639 ], [ 236881.415667539520655, 901337.742658262839541 ], [ 236857.147372117877239, 901334.142796695581637 ], [ 236832.643087035481585, 901332.9389783636434 ], [ 236808.138801953085931, 901334.142796695581637 ], [ 236783.870506531442516, 901337.742658262839541 ], [ 236760.071917721856153, 901343.703894430538639 ], [ 236736.972228944214294, 901351.96909523580689 ], [ 236714.793902828969294, 901362.458662276505493 ], [ 236693.750528780568857, 901375.071575287962332 ], [ 236674.044765994563932, 901389.686365022906102 ], [ 236655.866391738847597, 901406.162283067009412 ], [ 236639.390473694802495, 901424.340657322783954 ], [ 236624.775683959858725, 901444.046420108759776 ], [ 236612.162770948401885, 901465.089794157189317 ], [ 236601.673203907674178, 901487.268120272317901 ], [ 236593.408003102435032, 901510.367809050017968 ], [ 236587.446766934677726, 901534.166397859575227 ], [ 236583.846905367419822, 901558.434693281305954 ], [ 236582.643087035481585, 901582.9389783636434 ], [ 236583.846905367419822, 901607.443263445980847 ], [ 236587.446766934677726, 901631.711558867711574 ], [ 236593.408003102435032, 901655.510147677268833 ], [ 236601.673203907674178, 901678.609836454968899 ], [ 236612.162770948401885, 901700.788162570097484 ], [ 236624.775683959858725, 901721.831536618527025 ], [ 236639.390473694802495, 901741.537299404502846 ], [ 236655.866391738847597, 901759.715673660277389 ], [ 236674.044765994563932, 901776.191591704380699 ], [ 236693.750528780568857, 901790.806381439324468 ], [ 236714.793902828969294, 901803.419294450781308 ], [ 236736.972228944214294, 901813.908861491479911 ], [ 236760.071917721856153, 901822.174062296748161 ], [ 236783.870506531442516, 901828.13529846444726 ], [ 236808.138801953085931, 901831.735160031705163 ], [ 236832.643087035481585, 901832.9389783636434 ], [ 236857.147372117877239, 901831.735160031705163 ], [ 236881.415667539520655, 901828.13529846444726 ], [ 236905.214256349107018, 901822.174062296748161 ], [ 236928.313945126748877, 901813.908861491479911 ], [ 236950.492271241993876, 901803.419294450781308 ], [ 236971.535645290394314, 901790.806381439324468 ], [ 236991.241408076399239, 901776.191591704380699 ], [ 237009.419782332115574, 901759.715673660277389 ], [ 237025.895700376160676, 901741.537299404502846 ], [ 237040.510490111104446, 901721.831536618527025 ], [ 237053.123403122561285, 901700.788162570097484 ], [ 237063.612970163288992, 901678.609836454968899 ], [ 237071.878170968528138, 901655.510147677268833 ], [ 237077.839407136285445, 901631.711558867711574 ], [ 237081.439268703543348, 901607.443263445980847 ], [ 237082.643087035481585, 901582.9389783636434 ] ] ] } },
{ "type": "Feature", "properties": { "newname": "54_St Theresa Elementary School", "element": "node" }, "geometry": { "type": "Polygon", "coordinates": [ [ [ 228462.566155003878521, 892034.103524246951565 ], [ 228461.362336671940284, 892009.599239164614119 ], [ 228457.76247510468238, 891985.330943742883392 ], [ 228451.801238936925074, 891961.532354933326133 ], [ 228443.536038131685928, 891938.432666155626066 ], [ 228433.046471090958221, 891916.254340040497482 ], [ 228420.433558079501381, 891895.210965992067941 ], [ 228405.818768344557611, 891875.505203206092119 ], [ 228389.342850300512509, 891857.326828950317577 ], [ 228371.164476044796174, 891840.850910906214267 ], [ 228351.458713258791249, 891826.236121171270497 ], [ 228330.415339210390812, 891813.623208159813657 ], [ 228308.237013095145812, 891803.133641119115055 ], [ 228285.137324317503953, 891794.868440313846804 ], [ 228261.33873550791759, 891788.907204146147706 ], [ 228237.070440086274175, 891785.307342578889802 ], [ 228212.566155003878521, 891784.103524246951565 ], [ 228188.061869921482867, 891785.307342578889802 ], [ 228163.793574499839451, 891788.907204146147706 ], [ 228139.994985690253088, 891794.868440313846804 ], [ 228116.895296912611229, 891803.133641119115055 ], [ 228094.71697079736623, 891813.623208159813657 ], [ 228073.673596748965792, 891826.236121171270497 ], [ 228053.967833962960867, 891840.850910906214267 ], [ 228035.789459707244532, 891857.326828950317577 ], [ 228019.31354166319943, 891875.505203206092119 ], [ 228004.69875192825566, 891895.210965992067941 ], [ 227992.085838916798821, 891916.254340040497482 ], [ 227981.596271876071114, 891938.432666155626066 ], [ 227973.331071070831968, 891961.532354933326133 ], [ 227967.369834903074661, 891985.330943742883392 ], [ 227963.769973335816758, 892009.599239164614119 ], [ 227962.566155003878521, 892034.103524246951565 ], [ 227963.769973335816758, 892058.607809329289012 ], [ 227967.369834903074661, 892082.876104751019739 ], [ 227973.331071070831968, 892106.674693560576998 ], [ 227981.596271876071114, 892129.774382338277064 ], [ 227992.085838916798821, 892151.952708453405648 ], [ 228004.69875192825566, 892172.99608250183519 ], [ 228019.31354166319943, 892192.701845287811011 ], [ 228035.789459707244532, 892210.880219543585554 ], [ 228053.967833962960867, 892227.356137587688863 ], [ 228073.673596748965792, 892241.970927322632633 ], [ 228094.71697079736623, 892254.583840334089473 ], [ 228116.895296912611229, 892265.073407374788076 ], [ 228139.994985690253088, 892273.338608180056326 ], [ 228163.793574499839451, 892279.299844347755425 ], [ 228188.061869921482867, 892282.899705915013328 ], [ 228212.566155003878521, 892284.103524246951565 ], [ 228237.070440086274175, 892282.899705915013328 ], [ 228261.33873550791759, 892279.299844347755425 ], [ 228285.137324317503953, 892273.338608180056326 ], [ 228308.237013095145812, 892265.073407374788076 ], [ 228330.415339210390812, 892254.583840334089473 ], [ 228351.458713258791249, 892241.970927322632633 ], [ 228371.164476044796174, 892227.356137587688863 ], [ 228389.342850300512509, 892210.880219543585554 ], [ 228405.818768344557611, 892192.701845287811011 ], [ 228420.433558079501381, 892172.99608250183519 ], [ 228433.046471090958221, 892151.952708453405648 ], [ 228443.536038131685928, 892129.774382338277064 ], [ 228451.801238936925074, 892106.674693560576998 ], [ 228457.76247510468238, 892082.876104751019739 ], [ 228461.362336671940284, 892058.607809329289012 ], [ 228462.566155003878521, 892034.103524246951565 ] ] ] } },
{ "type": "Feature", "properties": { "newname": "55_The Kingsley School", "element": "node" }, "geometry": { "type": "Polygon", "coordinates": [ [ [ 234664.710153698804788, 900063.695111365872435 ], [ 234663.506335366866551, 900039.190826283534989 ], [ 234659.906473799608648, 900014.922530861804262 ], [ 234653.945237631851342, 899991.123942052247003 ], [ 234645.680036826612195, 899968.024253274546936 ], [ 234635.190469785884488, 899945.845927159418352 ], [ 234622.577556774427649, 899924.802553110988811 ], [ 234607.962767039483879, 899905.096790325012989 ], [ 234591.486848995438777, 899886.918416069238447 ], [ 234573.308474739722442, 899870.442498025135137 ], [ 234553.602711953717517, 899855.827708290191367 ], [ 234532.559337905317079, 899843.214795278734528 ], [ 234510.38101179007208, 899832.725228238035925 ], [ 234487.281323012430221, 899824.460027432767674 ], [ 234463.482734202843858, 899818.498791265068576 ], [ 234439.214438781200442, 899814.898929697810672 ], [ 234414.710153698804788, 899813.695111365872435 ], [ 234390.205868616409134, 899814.898929697810672 ], [ 234365.937573194765719, 899818.498791265068576 ], [ 234342.138984385179356, 899824.460027432767674 ], [ 234319.039295607537497, 899832.725228238035925 ], [ 234296.860969492292497, 899843.214795278734528 ], [ 234275.81759544389206, 899855.827708290191367 ], [ 234256.111832657887135, 899870.442498025135137 ], [ 234237.9334584021708, 899886.918416069238447 ], [ 234221.457540358125698, 899905.096790325012989 ], [ 234206.842750623181928, 899924.802553110988811 ], [ 234194.229837611725088, 899945.845927159418352 ], [ 234183.740270570997382, 899968.024253274546936 ], [ 234175.475069765758235, 899991.123942052247003 ], [ 234169.513833598000929, 900014.922530861804262 ], [ 234165.913972030743025, 900039.190826283534989 ], [ 234164.710153698804788, 900063.695111365872435 ], [ 234165.913972030743025, 900088.199396448209882 ], [ 234169.513833598000929, 900112.467691869940609 ], [ 234175.475069765758235, 900136.266280679497868 ], [ 234183.740270570997382, 900159.365969457197934 ], [ 234194.229837611725088, 900181.544295572326519 ], [ 234206.842750623181928, 900202.58766962075606 ], [ 234221.457540358125698, 900222.293432406731881 ], [ 234237.9334584021708, 900240.471806662506424 ], [ 234256.111832657887135, 900256.947724706609733 ], [ 234275.81759544389206, 900271.562514441553503 ], [ 234296.860969492292497, 900284.175427453010343 ], [ 234319.039295607537497, 900294.664994493708946 ], [ 234342.138984385179356, 900302.930195298977196 ], [ 234365.937573194765719, 900308.891431466676295 ], [ 234390.205868616409134, 900312.491293033934198 ], [ 234414.710153698804788, 900313.695111365872435 ], [ 234439.214438781200442, 900312.491293033934198 ], [ 234463.482734202843858, 900308.891431466676295 ], [ 234487.281323012430221, 900302.930195298977196 ], [ 234510.38101179007208, 900294.664994493708946 ], [ 234532.559337905317079, 900284.175427453010343 ], [ 234553.602711953717517, 900271.562514441553503 ], [ 234573.308474739722442, 900256.947724706609733 ], [ 234591.486848995438777, 900240.471806662506424 ], [ 234607.962767039483879, 900222.293432406731881 ], [ 234622.577556774427649, 900202.58766962075606 ], [ 234635.190469785884488, 900181.544295572326519 ], [ 234645.680036826612195, 900159.365969457197934 ], [ 234653.945237631851342, 900136.266280679497868 ], [ 234659.906473799608648, 900112.467691869940609 ], [ 234663.506335366866551, 900088.199396448209882 ], [ 234664.710153698804788, 900063.695111365872435 ] ] ] } },
{ "type": "Feature", "properties": { "newname": "56_Saint Peter Elementary School", "element": "node" }, "geometry": { "type": "Polygon", "coordinates": [ [ [ 236024.315064808411989, 895321.057060208986513 ], [ 236023.111246476473752, 895296.552775126649067 ], [ 236019.511384909215849, 895272.28447970491834 ], [ 236013.550148741458543, 895248.485890895361081 ], [ 236005.284947936219396, 895225.386202117661014 ], [ 235994.795380895491689, 895203.20787600253243 ], [ 235982.18246788403485, 895182.164501954102889 ], [ 235967.56767814909108, 895162.458739168127067 ], [ 235951.091760105045978, 895144.280364912352525 ], [ 235932.913385849329643, 895127.804446868249215 ], [ 235913.207623063324718, 895113.189657133305445 ], [ 235892.16424901492428, 895100.576744121848606 ], [ 235869.985922899679281, 895090.087177081150003 ], [ 235846.886234122037422, 895081.821976275881752 ], [ 235823.087645312451059, 895075.860740108182654 ], [ 235798.819349890807644, 895072.26087854092475 ], [ 235774.315064808411989, 895071.057060208986513 ], [ 235749.810779726016335, 895072.26087854092475 ], [ 235725.54248430437292, 895075.860740108182654 ], [ 235701.743895494786557, 895081.821976275881752 ], [ 235678.644206717144698, 895090.087177081150003 ], [ 235656.465880601899698, 895100.576744121848606 ], [ 235635.422506553499261, 895113.189657133305445 ], [ 235615.716743767494336, 895127.804446868249215 ], [ 235597.538369511778001, 895144.280364912352525 ], [ 235581.062451467732899, 895162.458739168127067 ], [ 235566.447661732789129, 895182.164501954102889 ], [ 235553.834748721332289, 895203.20787600253243 ], [ 235543.345181680604583, 895225.386202117661014 ], [ 235535.079980875365436, 895248.485890895361081 ], [ 235529.11874470760813, 895272.28447970491834 ], [ 235525.518883140350226, 895296.552775126649067 ], [ 235524.315064808411989, 895321.057060208986513 ], [ 235525.518883140350226, 895345.56134529132396 ], [ 235529.11874470760813, 895369.829640713054687 ], [ 235535.079980875365436, 895393.628229522611946 ], [ 235543.345181680604583, 895416.727918300312012 ], [ 235553.834748721332289, 895438.906244415440597 ], [ 235566.447661732789129, 895459.949618463870138 ], [ 235581.062451467732899, 895479.655381249845959 ], [ 235597.538369511778001, 895497.833755505620502 ], [ 235615.716743767494336, 895514.309673549723811 ], [ 235635.422506553499261, 895528.924463284667581 ], [ 235656.465880601899698, 895541.537376296124421 ], [ 235678.644206717144698, 895552.026943336823024 ], [ 235701.743895494786557, 895560.292144142091274 ], [ 235725.54248430437292, 895566.253380309790373 ], [ 235749.810779726016335, 895569.853241877048276 ], [ 235774.315064808411989, 895571.057060208986513 ], [ 235798.819349890807644, 895569.853241877048276 ], [ 235823.087645312451059, 895566.253380309790373 ], [ 235846.886234122037422, 895560.292144142091274 ], [ 235869.985922899679281, 895552.026943336823024 ], [ 235892.16424901492428, 895541.537376296124421 ], [ 235913.207623063324718, 895528.924463284667581 ], [ 235932.913385849329643, 895514.309673549723811 ], [ 235951.091760105045978, 895497.833755505620502 ], [ 235967.56767814909108, 895479.655381249845959 ], [ 235982.18246788403485, 895459.949618463870138 ], [ 235994.795380895491689, 895438.906244415440597 ], [ 236005.284947936219396, 895416.727918300312012 ], [ 236013.550148741458543, 895393.628229522611946 ], [ 236019.511384909215849, 895369.829640713054687 ], [ 236023.111246476473752, 895345.56134529132396 ], [ 236024.315064808411989, 895321.057060208986513 ] ] ] } },
{ "type": "Feature", "properties": { "newname": "57_Rafael Hernandez", "element": "node" }, "geometry": { "type": "Polygon", "coordinates": [ [ [ 233399.812347404309548, 896014.133374723605812 ], [ 233398.608529072371311, 895989.629089641268365 ], [ 233395.008667505113408, 895965.360794219537638 ], [ 233389.047431337356102, 895941.562205409980379 ], [ 233380.782230532116955, 895918.462516632280312 ], [ 233370.292663491389249, 895896.284190517151728 ], [ 233357.679750479932409, 895875.240816468722187 ], [ 233343.064960744988639, 895855.535053682746366 ], [ 233326.589042700943537, 895837.356679426971823 ], [ 233308.410668445227202, 895820.880761382868513 ], [ 233288.704905659222277, 895806.265971647924744 ], [ 233267.661531610821839, 895793.653058636467904 ], [ 233245.48320549557684, 895783.163491595769301 ], [ 233222.383516717934981, 895774.898290790501051 ], [ 233198.584927908348618, 895768.937054622801952 ], [ 233174.316632486705203, 895765.337193055544049 ], [ 233149.812347404309548, 895764.133374723605812 ], [ 233125.308062321913894, 895765.337193055544049 ], [ 233101.039766900270479, 895768.937054622801952 ], [ 233077.241178090684116, 895774.898290790501051 ], [ 233054.141489313042257, 895783.163491595769301 ], [ 233031.963163197797257, 895793.653058636467904 ], [ 233010.91978914939682, 895806.265971647924744 ], [ 232991.214026363391895, 895820.880761382868513 ], [ 232973.03565210767556, 895837.356679426971823 ], [ 232956.559734063630458, 895855.535053682746366 ], [ 232941.944944328686688, 895875.240816468722187 ], [ 232929.332031317229848, 895896.284190517151728 ], [ 232918.842464276502142, 895918.462516632280312 ], [ 232910.577263471262995, 895941.562205409980379 ], [ 232904.616027303505689, 895965.360794219537638 ], [ 232901.016165736247785, 895989.629089641268365 ], [ 232899.812347404309548, 896014.133374723605812 ], [ 232901.016165736247785, 896038.637659805943258 ], [ 232904.616027303505689, 896062.905955227673985 ], [ 232910.577263471262995, 896086.704544037231244 ], [ 232918.842464276502142, 896109.804232814931311 ], [ 232929.332031317229848, 896131.982558930059895 ], [ 232941.944944328686688, 896153.025932978489436 ], [ 232956.559734063630458, 896172.731695764465258 ], [ 232973.03565210767556, 896190.9100700202398 ], [ 232991.214026363391895, 896207.38598806434311 ], [ 233010.91978914939682, 896222.00077779928688 ], [ 233031.963163197797257, 896234.613690810743719 ], [ 233054.141489313042257, 896245.103257851442322 ], [ 233077.241178090684116, 896253.368458656710573 ], [ 233101.039766900270479, 896259.329694824409671 ], [ 233125.308062321913894, 896262.929556391667575 ], [ 233149.812347404309548, 896264.133374723605812 ], [ 233174.316632486705203, 896262.929556391667575 ], [ 233198.584927908348618, 896259.329694824409671 ], [ 233222.383516717934981, 896253.368458656710573 ], [ 233245.48320549557684, 896245.103257851442322 ], [ 233267.661531610821839, 896234.613690810743719 ], [ 233288.704905659222277, 896222.00077779928688 ], [ 233308.410668445227202, 896207.38598806434311 ], [ 233326.589042700943537, 896190.9100700202398 ], [ 233343.064960744988639, 896172.731695764465258 ], [ 233357.679750479932409, 896153.025932978489436 ], [ 233370.292663491389249, 896131.982558930059895 ], [ 233380.782230532116955, 896109.804232814931311 ], [ 233389.047431337356102, 896086.704544037231244 ], [ 233395.008667505113408, 896062.905955227673985 ], [ 233398.608529072371311, 896038.637659805943258 ], [ 233399.812347404309548, 896014.133374723605812 ] ] ] } },
{ "type": "Feature", "properties": { "newname": "58_St Matthew Elementary", "element": "node" }, "geometry": { "type": "Polygon", "coordinates": [ [ [ 234869.934419315861305, 892792.496509114746004 ], [ 234868.730600983923068, 892767.992224032408558 ], [ 234865.130739416665165, 892743.723928610677831 ], [ 234859.169503248907859, 892719.925339801120572 ], [ 234850.904302443668712, 892696.825651023420505 ], [ 234840.414735402941005, 892674.647324908291921 ], [ 234827.801822391484166, 892653.60395085986238 ], [ 234813.187032656540396, 892633.898188073886558 ], [ 234796.711114612495294, 892615.719813818112016 ], [ 234778.532740356778959, 892599.243895774008706 ], [ 234758.826977570774034, 892584.629106039064936 ], [ 234737.783603522373596, 892572.016193027608097 ], [ 234715.605277407128597, 892561.526625986909494 ], [ 234692.505588629486738, 892553.261425181641243 ], [ 234668.706999819900375, 892547.300189013942145 ], [ 234644.438704398256959, 892543.700327446684241 ], [ 234619.934419315861305, 892542.496509114746004 ], [ 234595.430134233465651, 892543.700327446684241 ], [ 234571.161838811822236, 892547.300189013942145 ], [ 234547.363250002235873, 892553.261425181641243 ], [ 234524.263561224594014, 892561.526625986909494 ], [ 234502.085235109349014, 892572.016193027608097 ], [ 234481.041861060948577, 892584.629106039064936 ], [ 234461.336098274943652, 892599.243895774008706 ], [ 234443.157724019227317, 892615.719813818112016 ], [ 234426.681805975182215, 892633.898188073886558 ], [ 234412.067016240238445, 892653.60395085986238 ], [ 234399.454103228781605, 892674.647324908291921 ], [ 234388.964536188053899, 892696.825651023420505 ], [ 234380.699335382814752, 892719.925339801120572 ], [ 234374.738099215057446, 892743.723928610677831 ], [ 234371.138237647799542, 892767.992224032408558 ], [ 234369.934419315861305, 892792.496509114746004 ], [ 234371.138237647799542, 892817.000794197083451 ], [ 234374.738099215057446, 892841.269089618814178 ], [ 234380.699335382814752, 892865.067678428371437 ], [ 234388.964536188053899, 892888.167367206071503 ], [ 234399.454103228781605, 892910.345693321200088 ], [ 234412.067016240238445, 892931.389067369629629 ], [ 234426.681805975182215, 892951.09483015560545 ], [ 234443.157724019227317, 892969.273204411379993 ], [ 234461.336098274943652, 892985.749122455483302 ], [ 234481.041861060948577, 893000.363912190427072 ], [ 234502.085235109349014, 893012.976825201883912 ], [ 234524.263561224594014, 893023.466392242582515 ], [ 234547.363250002235873, 893031.731593047850765 ], [ 234571.161838811822236, 893037.692829215549864 ], [ 234595.430134233465651, 893041.292690782807767 ], [ 234619.934419315861305, 893042.496509114746004 ], [ 234644.438704398256959, 893041.292690782807767 ], [ 234668.706999819900375, 893037.692829215549864 ], [ 234692.505588629486738, 893031.731593047850765 ], [ 234715.605277407128597, 893023.466392242582515 ], [ 234737.783603522373596, 893012.976825201883912 ], [ 234758.826977570774034, 893000.363912190427072 ], [ 234778.532740356778959, 892985.749122455483302 ], [ 234796.711114612495294, 892969.273204411379993 ], [ 234813.187032656540396, 892951.09483015560545 ], [ 234827.801822391484166, 892931.389067369629629 ], [ 234840.414735402941005, 892910.345693321200088 ], [ 234850.904302443668712, 892888.167367206071503 ], [ 234859.169503248907859, 892865.067678428371437 ], [ 234865.130739416665165, 892841.269089618814178 ], [ 234868.730600983923068, 892817.000794197083451 ], [ 234869.934419315861305, 892792.496509114746004 ] ] ] } },
{ "type": "Feature", "properties": { "newname": "59_Liberty School", "element": "node" }, "geometry": { "type": "Polygon", "coordinates": [ [ [ 241525.834261309617432, 905260.509044994018041 ], [ 241524.630442977679195, 905236.004759911680594 ], [ 241521.030581410421291, 905211.736464489949867 ], [ 241515.069345242663985, 905187.937875680392608 ], [ 241506.804144437424839, 905164.838186902692541 ], [ 241496.314577396697132, 905142.659860787563957 ], [ 241483.701664385240292, 905121.616486739134416 ], [ 241469.086874650296522, 905101.910723953158595 ], [ 241452.61095660625142, 905083.732349697384052 ], [ 241434.432582350535085, 905067.256431653280742 ], [ 241414.72681956453016, 905052.641641918336973 ], [ 241393.683445516129723, 905040.028728906880133 ], [ 241371.505119400884723, 905029.53916186618153 ], [ 241348.405430623242864, 905021.27396106091328 ], [ 241324.606841813656501, 905015.312724893214181 ], [ 241300.338546392013086, 905011.712863325956278 ], [ 241275.834261309617432, 905010.509044994018041 ], [ 241251.329976227221778, 905011.712863325956278 ], [ 241227.061680805578362, 905015.312724893214181 ], [ 241203.263091995991999, 905021.27396106091328 ], [ 241180.16340321835014, 905029.53916186618153 ], [ 241157.985077103105141, 905040.028728906880133 ], [ 241136.941703054704703, 905052.641641918336973 ], [ 241117.235940268699778, 905067.256431653280742 ], [ 241099.057566012983443, 905083.732349697384052 ], [ 241082.581647968938341, 905101.910723953158595 ], [ 241067.966858233994571, 905121.616486739134416 ], [ 241055.353945222537732, 905142.659860787563957 ], [ 241044.864378181810025, 905164.838186902692541 ], [ 241036.599177376570879, 905187.937875680392608 ], [ 241030.637941208813572, 905211.736464489949867 ], [ 241027.038079641555669, 905236.004759911680594 ], [ 241025.834261309617432, 905260.509044994018041 ], [ 241027.038079641555669, 905285.013330076355487 ], [ 241030.637941208813572, 905309.281625498086214 ], [ 241036.599177376570879, 905333.080214307643473 ], [ 241044.864378181810025, 905356.17990308534354 ], [ 241055.353945222537732, 905378.358229200472124 ], [ 241067.966858233994571, 905399.401603248901665 ], [ 241082.581647968938341, 905419.107366034877487 ], [ 241099.057566012983443, 905437.285740290652029 ], [ 241117.235940268699778, 905453.761658334755339 ], [ 241136.941703054704703, 905468.376448069699109 ], [ 241157.985077103105141, 905480.989361081155948 ], [ 241180.16340321835014, 905491.478928121854551 ], [ 241203.263091995991999, 905499.744128927122802 ], [ 241227.061680805578362, 905505.7053650948219 ], [ 241251.329976227221778, 905509.305226662079804 ], [ 241275.834261309617432, 905510.509044994018041 ], [ 241300.338546392013086, 905509.305226662079804 ], [ 241324.606841813656501, 905505.7053650948219 ], [ 241348.405430623242864, 905499.744128927122802 ], [ 241371.505119400884723, 905491.478928121854551 ], [ 241393.683445516129723, 905480.989361081155948 ], [ 241414.72681956453016, 905468.376448069699109 ], [ 241434.432582350535085, 905453.761658334755339 ], [ 241452.61095660625142, 905437.285740290652029 ], [ 241469.086874650296522, 905419.107366034877487 ], [ 241483.701664385240292, 905399.401603248901665 ], [ 241496.314577396697132, 905378.358229200472124 ], [ 241506.804144437424839, 905356.17990308534354 ], [ 241515.069345242663985, 905333.080214307643473 ], [ 241521.030581410421291, 905309.281625498086214 ], [ 241524.630442977679195, 905285.013330076355487 ], [ 241525.834261309617432, 905260.509044994018041 ] ] ] } },
{ "type": "Feature", "properties": { "newname": "60_Saint Johns Seminary", "element": "node" }, "geometry": { "type": "Polygon", "coordinates": [ [ [ 228045.402693578624167, 899335.265653751790524 ], [ 228044.19887524668593, 899310.761368669453077 ], [ 228040.599013679428026, 899286.49307324772235 ], [ 228034.63777751167072, 899262.694484438165091 ], [ 228026.372576706431573, 899239.594795660465024 ], [ 228015.883009665703867, 899217.41646954533644 ], [ 228003.270096654247027, 899196.373095496906899 ], [ 227988.655306919303257, 899176.667332710931078 ], [ 227972.179388875258155, 899158.488958455156535 ], [ 227954.00101461954182, 899142.013040411053225 ], [ 227934.295251833536895, 899127.398250676109456 ], [ 227913.251877785136458, 899114.785337664652616 ], [ 227891.073551669891458, 899104.295770623954013 ], [ 227867.973862892249599, 899096.030569818685763 ], [ 227844.175274082663236, 899090.069333650986664 ], [ 227819.906978661019821, 899086.46947208372876 ], [ 227795.402693578624167, 899085.265653751790524 ], [ 227770.898408496228512, 899086.46947208372876 ], [ 227746.630113074585097, 899090.069333650986664 ], [ 227722.831524264998734, 899096.030569818685763 ], [ 227699.731835487356875, 899104.295770623954013 ], [ 227677.553509372111876, 899114.785337664652616 ], [ 227656.510135323711438, 899127.398250676109456 ], [ 227636.804372537706513, 899142.013040411053225 ], [ 227618.625998281990178, 899158.488958455156535 ], [ 227602.150080237945076, 899176.667332710931078 ], [ 227587.535290503001306, 899196.373095496906899 ], [ 227574.922377491544466, 899217.41646954533644 ], [ 227564.43281045081676, 899239.594795660465024 ], [ 227556.167609645577613, 899262.694484438165091 ], [ 227550.206373477820307, 899286.49307324772235 ], [ 227546.606511910562404, 899310.761368669453077 ], [ 227545.402693578624167, 899335.265653751790524 ], [ 227546.606511910562404, 899359.76993883412797 ], [ 227550.206373477820307, 899384.038234255858697 ], [ 227556.167609645577613, 899407.836823065415956 ], [ 227564.43281045081676, 899430.936511843116023 ], [ 227574.922377491544466, 899453.114837958244607 ], [ 227587.535290503001306, 899474.158212006674148 ], [ 227602.150080237945076, 899493.863974792649969 ], [ 227618.625998281990178, 899512.042349048424512 ], [ 227636.804372537706513, 899528.518267092527822 ], [ 227656.510135323711438, 899543.133056827471592 ], [ 227677.553509372111876, 899555.745969838928431 ], [ 227699.731835487356875, 899566.235536879627034 ], [ 227722.831524264998734, 899574.500737684895284 ], [ 227746.630113074585097, 899580.461973852594383 ], [ 227770.898408496228512, 899584.061835419852287 ], [ 227795.402693578624167, 899585.265653751790524 ], [ 227819.906978661019821, 899584.061835419852287 ], [ 227844.175274082663236, 899580.461973852594383 ], [ 227867.973862892249599, 899574.500737684895284 ], [ 227891.073551669891458, 899566.235536879627034 ], [ 227913.251877785136458, 899555.745969838928431 ], [ 227934.295251833536895, 899543.133056827471592 ], [ 227954.00101461954182, 899528.518267092527822 ], [ 227972.179388875258155, 899512.042349048424512 ], [ 227988.655306919303257, 899493.863974792649969 ], [ 228003.270096654247027, 899474.158212006674148 ], [ 228015.883009665703867, 899453.114837958244607 ], [ 228026.372576706431573, 899430.936511843116023 ], [ 228034.63777751167072, 899407.836823065415956 ], [ 228040.599013679428026, 899384.038234255858697 ], [ 228044.19887524668593, 899359.76993883412797 ], [ 228045.402693578624167, 899335.265653751790524 ] ] ] } },
{ "type": "Feature", "properties": { "newname": "61_Lyon School", "element": "node" }, "geometry": { "type": "Polygon", "coordinates": [ [ [ 228098.236555922514526, 900134.17638724646531 ], [ 228097.032737590576289, 900109.672102164127864 ], [ 228093.432876023318386, 900085.403806742397137 ], [ 228087.471639855561079, 900061.605217932839878 ], [ 228079.206439050321933, 900038.505529155139811 ], [ 228068.716872009594226, 900016.327203040011227 ], [ 228056.103958998137387, 899995.283828991581686 ], [ 228041.489169263193617, 899975.578066205605865 ], [ 228025.013251219148515, 899957.399691949831322 ], [ 228006.83487696343218, 899940.923773905728012 ], [ 227987.129114177427255, 899926.308984170784242 ], [ 227966.085740129026817, 899913.696071159327403 ], [ 227943.907414013781818, 899903.2065041186288 ], [ 227920.807725236139959, 899894.94130331336055 ], [ 227897.009136426553596, 899888.980067145661451 ], [ 227872.74084100491018, 899885.380205578403547 ], [ 227848.236555922514526, 899884.17638724646531 ], [ 227823.732270840118872, 899885.380205578403547 ], [ 227799.463975418475457, 899888.980067145661451 ], [ 227775.665386608889094, 899894.94130331336055 ], [ 227752.565697831247235, 899903.2065041186288 ], [ 227730.387371716002235, 899913.696071159327403 ], [ 227709.343997667601798, 899926.308984170784242 ], [ 227689.638234881596873, 899940.923773905728012 ], [ 227671.459860625880538, 899957.399691949831322 ], [ 227654.983942581835436, 899975.578066205605865 ], [ 227640.369152846891666, 899995.283828991581686 ], [ 227627.756239835434826, 900016.327203040011227 ], [ 227617.266672794707119, 900038.505529155139811 ], [ 227609.001471989467973, 900061.605217932839878 ], [ 227603.040235821710667, 900085.403806742397137 ], [ 227599.440374254452763, 900109.672102164127864 ], [ 227598.236555922514526, 900134.17638724646531 ], [ 227599.440374254452763, 900158.680672328802757 ], [ 227603.040235821710667, 900182.948967750533484 ], [ 227609.001471989467973, 900206.747556560090743 ], [ 227617.266672794707119, 900229.84724533779081 ], [ 227627.756239835434826, 900252.025571452919394 ], [ 227640.369152846891666, 900273.068945501348935 ], [ 227654.983942581835436, 900292.774708287324756 ], [ 227671.459860625880538, 900310.953082543099299 ], [ 227689.638234881596873, 900327.429000587202609 ], [ 227709.343997667601798, 900342.043790322146378 ], [ 227730.387371716002235, 900354.656703333603218 ], [ 227752.565697831247235, 900365.146270374301821 ], [ 227775.665386608889094, 900373.411471179570071 ], [ 227799.463975418475457, 900379.37270734726917 ], [ 227823.732270840118872, 900382.972568914527074 ], [ 227848.236555922514526, 900384.17638724646531 ], [ 227872.74084100491018, 900382.972568914527074 ], [ 227897.009136426553596, 900379.37270734726917 ], [ 227920.807725236139959, 900373.411471179570071 ], [ 227943.907414013781818, 900365.146270374301821 ], [ 227966.085740129026817, 900354.656703333603218 ], [ 227987.129114177427255, 900342.043790322146378 ], [ 228006.83487696343218, 900327.429000587202609 ], [ 228025.013251219148515, 900310.953082543099299 ], [ 228041.489169263193617, 900292.774708287324756 ], [ 228056.103958998137387, 900273.068945501348935 ], [ 228068.716872009594226, 900252.025571452919394 ], [ 228079.206439050321933, 900229.84724533779081 ], [ 228087.471639855561079, 900206.747556560090743 ], [ 228093.432876023318386, 900182.948967750533484 ], [ 228097.032737590576289, 900158.680672328802757 ], [ 228098.236555922514526, 900134.17638724646531 ] ] ] } },
{ "type": "Feature", "properties": { "newname": "62_Manning School", "element": "node" }, "geometry": { "type": "Polygon", "coordinates": [ [ [ 231683.248913846560754, 893297.983432874898426 ], [ 231682.045095514622517, 893273.47914779256098 ], [ 231678.445233947364613, 893249.210852370830253 ], [ 231672.483997779607307, 893225.412263561272994 ], [ 231664.218796974368161, 893202.312574783572927 ], [ 231653.729229933640454, 893180.134248668444343 ], [ 231641.116316922183614, 893159.090874620014802 ], [ 231626.501527187239844, 893139.38511183403898 ], [ 231610.025609143194743, 893121.206737578264438 ], [ 231591.847234887478407, 893104.730819534161128 ], [ 231572.141472101473482, 893090.116029799217358 ], [ 231551.098098053073045, 893077.503116787760518 ], [ 231528.919771937828045, 893067.013549747061916 ], [ 231505.820083160186186, 893058.748348941793665 ], [ 231482.021494350599824, 893052.787112774094567 ], [ 231457.753198928956408, 893049.187251206836663 ], [ 231433.248913846560754, 893047.983432874898426 ], [ 231408.7446287641651, 893049.187251206836663 ], [ 231384.476333342521684, 893052.787112774094567 ], [ 231360.677744532935321, 893058.748348941793665 ], [ 231337.578055755293462, 893067.013549747061916 ], [ 231315.399729640048463, 893077.503116787760518 ], [ 231294.356355591648025, 893090.116029799217358 ], [ 231274.6505928056431, 893104.730819534161128 ], [ 231256.472218549926765, 893121.206737578264438 ], [ 231239.996300505881663, 893139.38511183403898 ], [ 231225.381510770937894, 893159.090874620014802 ], [ 231212.768597759481054, 893180.134248668444343 ], [ 231202.279030718753347, 893202.312574783572927 ], [ 231194.013829913514201, 893225.412263561272994 ], [ 231188.052593745756894, 893249.210852370830253 ], [ 231184.452732178498991, 893273.47914779256098 ], [ 231183.248913846560754, 893297.983432874898426 ], [ 231184.452732178498991, 893322.487717957235873 ], [ 231188.052593745756894, 893346.7560133789666 ], [ 231194.013829913514201, 893370.554602188523859 ], [ 231202.279030718753347, 893393.654290966223925 ], [ 231212.768597759481054, 893415.83261708135251 ], [ 231225.381510770937894, 893436.875991129782051 ], [ 231239.996300505881663, 893456.581753915757872 ], [ 231256.472218549926765, 893474.760128171532415 ], [ 231274.6505928056431, 893491.236046215635724 ], [ 231294.356355591648025, 893505.850835950579494 ], [ 231315.399729640048463, 893518.463748962036334 ], [ 231337.578055755293462, 893528.953316002734937 ], [ 231360.677744532935321, 893537.218516808003187 ], [ 231384.476333342521684, 893543.179752975702286 ], [ 231408.7446287641651, 893546.779614542960189 ], [ 231433.248913846560754, 893547.983432874898426 ], [ 231457.753198928956408, 893546.779614542960189 ], [ 231482.021494350599824, 893543.179752975702286 ], [ 231505.820083160186186, 893537.218516808003187 ], [ 231528.919771937828045, 893528.953316002734937 ], [ 231551.098098053073045, 893518.463748962036334 ], [ 231572.141472101473482, 893505.850835950579494 ], [ 231591.847234887478407, 893491.236046215635724 ], [ 231610.025609143194743, 893474.760128171532415 ], [ 231626.501527187239844, 893456.581753915757872 ], [ 231641.116316922183614, 893436.875991129782051 ], [ 231653.729229933640454, 893415.83261708135251 ], [ 231664.218796974368161, 893393.654290966223925 ], [ 231672.483997779607307, 893370.554602188523859 ], [ 231678.445233947364613, 893346.7560133789666 ], [ 231682.045095514622517, 893322.487717957235873 ], [ 231683.248913846560754, 893297.983432874898426 ] ] ] } },
{ "type": "Feature", "properties": { "newname": "63_Roxbury Latin School", "element": "node" }, "geometry": { "type": "Polygon", "coordinates": [ [ [ 228574.61275515158195, 891776.735842701047659 ], [ 228573.408936819643714, 891752.231557618710212 ], [ 228569.80907525238581, 891727.963262196979485 ], [ 228563.847839084628504, 891704.164673387422226 ], [ 228555.582638279389357, 891681.06498460972216 ], [ 228545.093071238661651, 891658.886658494593576 ], [ 228532.480158227204811, 891637.843284446164034 ], [ 228517.865368492261041, 891618.137521660188213 ], [ 228501.389450448215939, 891599.95914740441367 ], [ 228483.211076192499604, 891583.483229360310361 ], [ 228463.505313406494679, 891568.868439625366591 ], [ 228442.461939358094241, 891556.255526613909751 ], [ 228420.283613242849242, 891545.765959573211148 ], [ 228397.183924465207383, 891537.500758767942898 ], [ 228373.38533565562102, 891531.539522600243799 ], [ 228349.117040233977605, 891527.939661032985896 ], [ 228324.61275515158195, 891526.735842701047659 ], [ 228300.108470069186296, 891527.939661032985896 ], [ 228275.840174647542881, 891531.539522600243799 ], [ 228252.041585837956518, 891537.500758767942898 ], [ 228228.941897060314659, 891545.765959573211148 ], [ 228206.76357094506966, 891556.255526613909751 ], [ 228185.720196896669222, 891568.868439625366591 ], [ 228166.014434110664297, 891583.483229360310361 ], [ 228147.836059854947962, 891599.95914740441367 ], [ 228131.36014181090286, 891618.137521660188213 ], [ 228116.74535207595909, 891637.843284446164034 ], [ 228104.13243906450225, 891658.886658494593576 ], [ 228093.642872023774544, 891681.06498460972216 ], [ 228085.377671218535397, 891704.164673387422226 ], [ 228079.416435050778091, 891727.963262196979485 ], [ 228075.816573483520187, 891752.231557618710212 ], [ 228074.61275515158195, 891776.735842701047659 ], [ 228075.816573483520187, 891801.240127783385105 ], [ 228079.416435050778091, 891825.508423205115832 ], [ 228085.377671218535397, 891849.307012014673091 ], [ 228093.642872023774544, 891872.406700792373158 ], [ 228104.13243906450225, 891894.585026907501742 ], [ 228116.74535207595909, 891915.628400955931284 ], [ 228131.36014181090286, 891935.334163741907105 ], [ 228147.836059854947962, 891953.512537997681648 ], [ 228166.014434110664297, 891969.988456041784957 ], [ 228185.720196896669222, 891984.603245776728727 ], [ 228206.76357094506966, 891997.216158788185567 ], [ 228228.941897060314659, 892007.705725828884169 ], [ 228252.041585837956518, 892015.97092663415242 ], [ 228275.840174647542881, 892021.932162801851518 ], [ 228300.108470069186296, 892025.532024369109422 ], [ 228324.61275515158195, 892026.735842701047659 ], [ 228349.117040233977605, 892025.532024369109422 ], [ 228373.38533565562102, 892021.932162801851518 ], [ 228397.183924465207383, 892015.97092663415242 ], [ 228420.283613242849242, 892007.705725828884169 ], [ 228442.461939358094241, 891997.216158788185567 ], [ 228463.505313406494679, 891984.603245776728727 ], [ 228483.211076192499604, 891969.988456041784957 ], [ 228501.389450448215939, 891953.512537997681648 ], [ 228517.865368492261041, 891935.334163741907105 ], [ 228532.480158227204811, 891915.628400955931284 ], [ 228545.093071238661651, 891894.585026907501742 ], [ 228555.582638279389357, 891872.406700792373158 ], [ 228563.847839084628504, 891849.307012014673091 ], [ 228569.80907525238581, 891825.508423205115832 ], [ 228573.408936819643714, 891801.240127783385105 ], [ 228574.61275515158195, 891776.735842701047659 ] ] ] } },
{ "type": "Feature", "properties": { "newname": "64_Mount Hope School", "element": "node" }, "geometry": { "type": "Polygon", "coordinates": [ [ [ 230922.895781078375876, 892710.100012059789151 ], [ 230921.691962746437639, 892685.595726977451704 ], [ 230918.092101179179735, 892661.327431555720977 ], [ 230912.130865011422429, 892637.528842746163718 ], [ 230903.865664206183283, 892614.429153968463652 ], [ 230893.376097165455576, 892592.250827853335068 ], [ 230880.763184153998736, 892571.207453804905526 ], [ 230866.148394419054966, 892551.501691018929705 ], [ 230849.672476375009865, 892533.323316763155162 ], [ 230831.49410211929353, 892516.847398719051853 ], [ 230811.788339333288604, 892502.232608984108083 ], [ 230790.744965284888167, 892489.619695972651243 ], [ 230768.566639169643167, 892479.13012893195264 ], [ 230745.466950392001309, 892470.86492812668439 ], [ 230721.668361582414946, 892464.903691958985291 ], [ 230697.40006616077153, 892461.303830391727388 ], [ 230672.895781078375876, 892460.100012059789151 ], [ 230648.391495995980222, 892461.303830391727388 ], [ 230624.123200574336806, 892464.903691958985291 ], [ 230600.324611764750443, 892470.86492812668439 ], [ 230577.224922987108584, 892479.13012893195264 ], [ 230555.046596871863585, 892489.619695972651243 ], [ 230534.003222823463148, 892502.232608984108083 ], [ 230514.297460037458222, 892516.847398719051853 ], [ 230496.119085781741887, 892533.323316763155162 ], [ 230479.643167737696785, 892551.501691018929705 ], [ 230465.028378002753016, 892571.207453804905526 ], [ 230452.415464991296176, 892592.250827853335068 ], [ 230441.925897950568469, 892614.429153968463652 ], [ 230433.660697145329323, 892637.528842746163718 ], [ 230427.699460977572016, 892661.327431555720977 ], [ 230424.099599410314113, 892685.595726977451704 ], [ 230422.895781078375876, 892710.100012059789151 ], [ 230424.099599410314113, 892734.604297142126597 ], [ 230427.699460977572016, 892758.872592563857324 ], [ 230433.660697145329323, 892782.671181373414584 ], [ 230441.925897950568469, 892805.77087015111465 ], [ 230452.415464991296176, 892827.949196266243234 ], [ 230465.028378002753016, 892848.992570314672776 ], [ 230479.643167737696785, 892868.698333100648597 ], [ 230496.119085781741887, 892886.87670735642314 ], [ 230514.297460037458222, 892903.352625400526449 ], [ 230534.003222823463148, 892917.967415135470219 ], [ 230555.046596871863585, 892930.580328146927059 ], [ 230577.224922987108584, 892941.069895187625661 ], [ 230600.324611764750443, 892949.335095992893912 ], [ 230624.123200574336806, 892955.29633216059301 ], [ 230648.391495995980222, 892958.896193727850914 ], [ 230672.895781078375876, 892960.100012059789151 ], [ 230697.40006616077153, 892958.896193727850914 ], [ 230721.668361582414946, 892955.29633216059301 ], [ 230745.466950392001309, 892949.335095992893912 ], [ 230768.566639169643167, 892941.069895187625661 ], [ 230790.744965284888167, 892930.580328146927059 ], [ 230811.788339333288604, 892917.967415135470219 ], [ 230831.49410211929353, 892903.352625400526449 ], [ 230849.672476375009865, 892886.87670735642314 ], [ 230866.148394419054966, 892868.698333100648597 ], [ 230880.763184153998736, 892848.992570314672776 ], [ 230893.376097165455576, 892827.949196266243234 ], [ 230903.865664206183283, 892805.77087015111465 ], [ 230912.130865011422429, 892782.671181373414584 ], [ 230918.092101179179735, 892758.872592563857324 ], [ 230921.691962746437639, 892734.604297142126597 ], [ 230922.895781078375876, 892710.100012059789151 ] ] ] } },
{ "type": "Feature", "properties": { "newname": "65_Longfellow School", "element": "node" }, "geometry": { "type": "Polygon", "coordinates": [ [ [ 230393.427518451499054, 893294.02647263801191 ], [ 230392.223700119560817, 893269.522187555674464 ], [ 230388.623838552302914, 893245.253892133943737 ], [ 230382.662602384545607, 893221.455303324386477 ], [ 230374.397401579306461, 893198.355614546686411 ], [ 230363.907834538578754, 893176.177288431557827 ], [ 230351.294921527121915, 893155.133914383128285 ], [ 230336.680131792178145, 893135.428151597152464 ], [ 230320.204213748133043, 893117.249777341377921 ], [ 230302.025839492416708, 893100.773859297274612 ], [ 230282.320076706411783, 893086.159069562330842 ], [ 230261.276702658011345, 893073.546156550874002 ], [ 230239.098376542766346, 893063.056589510175399 ], [ 230215.998687765124487, 893054.791388704907149 ], [ 230192.200098955538124, 893048.83015253720805 ], [ 230167.931803533894708, 893045.230290969950147 ], [ 230143.427518451499054, 893044.02647263801191 ], [ 230118.9232333691034, 893045.230290969950147 ], [ 230094.654937947459985, 893048.83015253720805 ], [ 230070.856349137873622, 893054.791388704907149 ], [ 230047.756660360231763, 893063.056589510175399 ], [ 230025.578334244986763, 893073.546156550874002 ], [ 230004.534960196586326, 893086.159069562330842 ], [ 229984.829197410581401, 893100.773859297274612 ], [ 229966.650823154865066, 893117.249777341377921 ], [ 229950.174905110819964, 893135.428151597152464 ], [ 229935.560115375876194, 893155.133914383128285 ], [ 229922.947202364419354, 893176.177288431557827 ], [ 229912.457635323691647, 893198.355614546686411 ], [ 229904.192434518452501, 893221.455303324386477 ], [ 229898.231198350695195, 893245.253892133943737 ], [ 229894.631336783437291, 893269.522187555674464 ], [ 229893.427518451499054, 893294.02647263801191 ], [ 229894.631336783437291, 893318.530757720349357 ], [ 229898.231198350695195, 893342.799053142080083 ], [ 229904.192434518452501, 893366.597641951637343 ], [ 229912.457635323691647, 893389.697330729337409 ], [ 229922.947202364419354, 893411.875656844465993 ], [ 229935.560115375876194, 893432.919030892895535 ], [ 229950.174905110819964, 893452.624793678871356 ], [ 229966.650823154865066, 893470.803167934645899 ], [ 229984.829197410581401, 893487.279085978749208 ], [ 230004.534960196586326, 893501.893875713692978 ], [ 230025.578334244986763, 893514.506788725149818 ], [ 230047.756660360231763, 893524.996355765848421 ], [ 230070.856349137873622, 893533.261556571116671 ], [ 230094.654937947459985, 893539.22279273881577 ], [ 230118.9232333691034, 893542.822654306073673 ], [ 230143.427518451499054, 893544.02647263801191 ], [ 230167.931803533894708, 893542.822654306073673 ], [ 230192.200098955538124, 893539.22279273881577 ], [ 230215.998687765124487, 893533.261556571116671 ], [ 230239.098376542766346, 893524.996355765848421 ], [ 230261.276702658011345, 893514.506788725149818 ], [ 230282.320076706411783, 893501.893875713692978 ], [ 230302.025839492416708, 893487.279085978749208 ], [ 230320.204213748133043, 893470.803167934645899 ], [ 230336.680131792178145, 893452.624793678871356 ], [ 230351.294921527121915, 893432.919030892895535 ], [ 230363.907834538578754, 893411.875656844465993 ], [ 230374.397401579306461, 893389.697330729337409 ], [ 230382.662602384545607, 893366.597641951637343 ], [ 230388.623838552302914, 893342.799053142080083 ], [ 230392.223700119560817, 893318.530757720349357 ], [ 230393.427518451499054, 893294.02647263801191 ] ] ] } },
{ "type": "Feature", "properties": { "newname": "66_Charles Sumner School", "element": "node" }, "geometry": { "type": "Polygon", "coordinates": [ [ [ 231402.789529636298539, 892989.898999021854252 ], [ 231401.585711304360302, 892965.394713939516805 ], [ 231397.985849737102399, 892941.126418517786078 ], [ 231392.024613569345092, 892917.327829708228819 ], [ 231383.759412764105946, 892894.228140930528753 ], [ 231373.269845723378239, 892872.049814815400168 ], [ 231360.656932711921399, 892851.006440766970627 ], [ 231346.04214297697763, 892831.300677980994806 ], [ 231329.566224932932528, 892813.122303725220263 ], [ 231311.387850677216193, 892796.646385681116953 ], [ 231291.682087891211268, 892782.031595946173184 ], [ 231270.63871384281083, 892769.418682934716344 ], [ 231248.460387727565831, 892758.929115894017741 ], [ 231225.360698949923972, 892750.663915088749491 ], [ 231201.562110140337609, 892744.702678921050392 ], [ 231177.293814718694193, 892741.102817353792489 ], [ 231152.789529636298539, 892739.898999021854252 ], [ 231128.285244553902885, 892741.102817353792489 ], [ 231104.016949132259469, 892744.702678921050392 ], [ 231080.218360322673107, 892750.663915088749491 ], [ 231057.118671545031248, 892758.929115894017741 ], [ 231034.940345429786248, 892769.418682934716344 ], [ 231013.896971381385811, 892782.031595946173184 ], [ 230994.191208595380886, 892796.646385681116953 ], [ 230976.01283433966455, 892813.122303725220263 ], [ 230959.536916295619449, 892831.300677980994806 ], [ 230944.922126560675679, 892851.006440766970627 ], [ 230932.309213549218839, 892872.049814815400168 ], [ 230921.819646508491132, 892894.228140930528753 ], [ 230913.554445703251986, 892917.327829708228819 ], [ 230907.59320953549468, 892941.126418517786078 ], [ 230903.993347968236776, 892965.394713939516805 ], [ 230902.789529636298539, 892989.898999021854252 ], [ 230903.993347968236776, 893014.403284104191698 ], [ 230907.59320953549468, 893038.671579525922425 ], [ 230913.554445703251986, 893062.470168335479684 ], [ 230921.819646508491132, 893085.569857113179751 ], [ 230932.309213549218839, 893107.748183228308335 ], [ 230944.922126560675679, 893128.791557276737876 ], [ 230959.536916295619449, 893148.497320062713698 ], [ 230976.01283433966455, 893166.67569431848824 ], [ 230994.191208595380886, 893183.15161236259155 ], [ 231013.896971381385811, 893197.76640209753532 ], [ 231034.940345429786248, 893210.379315108992159 ], [ 231057.118671545031248, 893220.868882149690762 ], [ 231080.218360322673107, 893229.134082954959013 ], [ 231104.016949132259469, 893235.095319122658111 ], [ 231128.285244553902885, 893238.695180689916015 ], [ 231152.789529636298539, 893239.898999021854252 ], [ 231177.293814718694193, 893238.695180689916015 ], [ 231201.562110140337609, 893235.095319122658111 ], [ 231225.360698949923972, 893229.134082954959013 ], [ 231248.460387727565831, 893220.868882149690762 ], [ 231270.63871384281083, 893210.379315108992159 ], [ 231291.682087891211268, 893197.76640209753532 ], [ 231311.387850677216193, 893183.15161236259155 ], [ 231329.566224932932528, 893166.67569431848824 ], [ 231346.04214297697763, 893148.497320062713698 ], [ 231360.656932711921399, 893128.791557276737876 ], [ 231373.269845723378239, 893107.748183228308335 ], [ 231383.759412764105946, 893085.569857113179751 ], [ 231392.024613569345092, 893062.470168335479684 ], [ 231397.985849737102399, 893038.671579525922425 ], [ 231401.585711304360302, 893014.403284104191698 ], [ 231402.789529636298539, 892989.898999021854252 ] ] ] } },
{ "type": "Feature", "properties": { "newname": "67_Parker School", "element": "node" }, "geometry": { "type": "Polygon", "coordinates": [ [ [ 229500.487705122912303, 893166.840173309319653 ], [ 229499.283886790974066, 893142.335888226982206 ], [ 229495.684025223716162, 893118.067592805251479 ], [ 229489.722789055958856, 893094.26900399569422 ], [ 229481.457588250719709, 893071.169315217994153 ], [ 229470.968021209992003, 893048.990989102865569 ], [ 229458.355108198535163, 893027.947615054436028 ], [ 229443.740318463591393, 893008.241852268460207 ], [ 229427.264400419546291, 892990.063478012685664 ], [ 229409.086026163829956, 892973.587559968582354 ], [ 229389.380263377825031, 892958.972770233638585 ], [ 229368.336889329424594, 892946.359857222181745 ], [ 229346.158563214179594, 892935.870290181483142 ], [ 229323.058874436537735, 892927.605089376214892 ], [ 229299.260285626951372, 892921.643853208515793 ], [ 229274.991990205307957, 892918.04399164125789 ], [ 229250.487705122912303, 892916.840173309319653 ], [ 229225.983420040516648, 892918.04399164125789 ], [ 229201.715124618873233, 892921.643853208515793 ], [ 229177.91653580928687, 892927.605089376214892 ], [ 229154.816847031645011, 892935.870290181483142 ], [ 229132.638520916400012, 892946.359857222181745 ], [ 229111.595146867999574, 892958.972770233638585 ], [ 229091.889384081994649, 892973.587559968582354 ], [ 229073.711009826278314, 892990.063478012685664 ], [ 229057.235091782233212, 893008.241852268460207 ], [ 229042.620302047289442, 893027.947615054436028 ], [ 229030.007389035832603, 893048.990989102865569 ], [ 229019.517821995104896, 893071.169315217994153 ], [ 229011.252621189865749, 893094.26900399569422 ], [ 229005.291385022108443, 893118.067592805251479 ], [ 229001.69152345485054, 893142.335888226982206 ], [ 229000.487705122912303, 893166.840173309319653 ], [ 229001.69152345485054, 893191.344458391657099 ], [ 229005.291385022108443, 893215.612753813387826 ], [ 229011.252621189865749, 893239.411342622945085 ], [ 229019.517821995104896, 893262.511031400645152 ], [ 229030.007389035832603, 893284.689357515773736 ], [ 229042.620302047289442, 893305.732731564203277 ], [ 229057.235091782233212, 893325.438494350179099 ], [ 229073.711009826278314, 893343.616868605953641 ], [ 229091.889384081994649, 893360.092786650056951 ], [ 229111.595146867999574, 893374.707576385000721 ], [ 229132.638520916400012, 893387.32048939645756 ], [ 229154.816847031645011, 893397.810056437156163 ], [ 229177.91653580928687, 893406.075257242424414 ], [ 229201.715124618873233, 893412.036493410123512 ], [ 229225.983420040516648, 893415.636354977381416 ], [ 229250.487705122912303, 893416.840173309319653 ], [ 229274.991990205307957, 893415.636354977381416 ], [ 229299.260285626951372, 893412.036493410123512 ], [ 229323.058874436537735, 893406.075257242424414 ], [ 229346.158563214179594, 893397.810056437156163 ], [ 229368.336889329424594, 893387.32048939645756 ], [ 229389.380263377825031, 893374.707576385000721 ], [ 229409.086026163829956, 893360.092786650056951 ], [ 229427.264400419546291, 893343.616868605953641 ], [ 229443.740318463591393, 893325.438494350179099 ], [ 229458.355108198535163, 893305.732731564203277 ], [ 229470.968021209992003, 893284.689357515773736 ], [ 229481.457588250719709, 893262.511031400645152 ], [ 229489.722789055958856, 893239.411342622945085 ], [ 229495.684025223716162, 893215.612753813387826 ], [ 229499.283886790974066, 893191.344458391657099 ], [ 229500.487705122912303, 893166.840173309319653 ] ] ] } },
{ "type": "Feature", "properties": { "newname": "68_Boston Center for Adult Education", "element": "node" }, "geometry": { "type": "Polygon", "coordinates": [ [ [ 235732.690453136630822, 899944.643364799208939 ], [ 235731.486634804692585, 899920.139079716871493 ], [ 235727.886773237434682, 899895.870784295140766 ], [ 235721.925537069677375, 899872.072195485583507 ], [ 235713.660336264438229, 899848.97250670788344 ], [ 235703.170769223710522, 899826.794180592754856 ], [ 235690.557856212253682, 899805.750806544325314 ], [ 235675.943066477309912, 899786.045043758349493 ], [ 235659.467148433264811, 899767.86666950257495 ], [ 235641.288774177548476, 899751.390751458471641 ], [ 235621.58301139154355, 899736.775961723527871 ], [ 235600.539637343143113, 899724.163048712071031 ], [ 235578.361311227898113, 899713.673481671372429 ], [ 235555.261622450256255, 899705.408280866104178 ], [ 235531.463033640669892, 899699.44704469840508 ], [ 235507.194738219026476, 899695.847183131147176 ], [ 235482.690453136630822, 899694.643364799208939 ], [ 235458.186168054235168, 899695.847183131147176 ], [ 235433.917872632591752, 899699.44704469840508 ], [ 235410.119283823005389, 899705.408280866104178 ], [ 235387.019595045363531, 899713.673481671372429 ], [ 235364.841268930118531, 899724.163048712071031 ], [ 235343.797894881718094, 899736.775961723527871 ], [ 235324.092132095713168, 899751.390751458471641 ], [ 235305.913757839996833, 899767.86666950257495 ], [ 235289.437839795951732, 899786.045043758349493 ], [ 235274.823050061007962, 899805.750806544325314 ], [ 235262.210137049551122, 899826.794180592754856 ], [ 235251.720570008823415, 899848.97250670788344 ], [ 235243.455369203584269, 899872.072195485583507 ], [ 235237.494133035826962, 899895.870784295140766 ], [ 235233.894271468569059, 899920.139079716871493 ], [ 235232.690453136630822, 899944.643364799208939 ], [ 235233.894271468569059, 899969.147649881546386 ], [ 235237.494133035826962, 899993.415945303277113 ], [ 235243.455369203584269, 900017.214534112834372 ], [ 235251.720570008823415, 900040.314222890534438 ], [ 235262.210137049551122, 900062.492549005663022 ], [ 235274.823050061007962, 900083.535923054092564 ], [ 235289.437839795951732, 900103.241685840068385 ], [ 235305.913757839996833, 900121.420060095842928 ], [ 235324.092132095713168, 900137.895978139946237 ], [ 235343.797894881718094, 900152.510767874890007 ], [ 235364.841268930118531, 900165.123680886346847 ], [ 235387.019595045363531, 900175.61324792704545 ], [ 235410.119283823005389, 900183.8784487323137 ], [ 235433.917872632591752, 900189.839684900012799 ], [ 235458.186168054235168, 900193.439546467270702 ], [ 235482.690453136630822, 900194.643364799208939 ], [ 235507.194738219026476, 900193.439546467270702 ], [ 235531.463033640669892, 900189.839684900012799 ], [ 235555.261622450256255, 900183.8784487323137 ], [ 235578.361311227898113, 900175.61324792704545 ], [ 235600.539637343143113, 900165.123680886346847 ], [ 235621.58301139154355, 900152.510767874890007 ], [ 235641.288774177548476, 900137.895978139946237 ], [ 235659.467148433264811, 900121.420060095842928 ], [ 235675.943066477309912, 900103.241685840068385 ], [ 235690.557856212253682, 900083.535923054092564 ], [ 235703.170769223710522, 900062.492549005663022 ], [ 235713.660336264438229, 900040.314222890534438 ], [ 235721.925537069677375, 900017.214534112834372 ], [ 235727.886773237434682, 899993.415945303277113 ], [ 235731.486634804692585, 899969.147649881546386 ], [ 235732.690453136630822, 899944.643364799208939 ] ] ] } },
{ "type": "Feature", "properties": { "newname": "69_Boston Childrens School", "element": "node" }, "geometry": { "type": "Polygon", "coordinates": [ [ [ 235871.743469111504965, 901742.924186805379577 ], [ 235870.539650779566728, 901718.41990172304213 ], [ 235866.939789212308824, 901694.151606301311404 ], [ 235860.978553044551518, 901670.353017491754144 ], [ 235852.713352239312371, 901647.253328714054078 ], [ 235842.223785198584665, 901625.075002598925494 ], [ 235829.610872187127825, 901604.031628550495952 ], [ 235814.996082452184055, 901584.325865764520131 ], [ 235798.520164408138953, 901566.147491508745588 ], [ 235780.341790152422618, 901549.671573464642279 ], [ 235760.636027366417693, 901535.056783729698509 ], [ 235739.592653318017256, 901522.443870718241669 ], [ 235717.414327202772256, 901511.954303677543066 ], [ 235694.314638425130397, 901503.689102872274816 ], [ 235670.516049615544034, 901497.727866704575717 ], [ 235646.247754193900619, 901494.128005137317814 ], [ 235621.743469111504965, 901492.924186805379577 ], [ 235597.23918402910931, 901494.128005137317814 ], [ 235572.970888607465895, 901497.727866704575717 ], [ 235549.172299797879532, 901503.689102872274816 ], [ 235526.072611020237673, 901511.954303677543066 ], [ 235503.894284904992674, 901522.443870718241669 ], [ 235482.850910856592236, 901535.056783729698509 ], [ 235463.145148070587311, 901549.671573464642279 ], [ 235444.966773814870976, 901566.147491508745588 ], [ 235428.490855770825874, 901584.325865764520131 ], [ 235413.876066035882104, 901604.031628550495952 ], [ 235401.263153024425264, 901625.075002598925494 ], [ 235390.773585983697558, 901647.253328714054078 ], [ 235382.508385178458411, 901670.353017491754144 ], [ 235376.547149010701105, 901694.151606301311404 ], [ 235372.947287443443201, 901718.41990172304213 ], [ 235371.743469111504965, 901742.924186805379577 ], [ 235372.947287443443201, 901767.428471887717023 ], [ 235376.547149010701105, 901791.69676730944775 ], [ 235382.508385178458411, 901815.49535611900501 ], [ 235390.773585983697558, 901838.595044896705076 ], [ 235401.263153024425264, 901860.77337101183366 ], [ 235413.876066035882104, 901881.816745060263202 ], [ 235428.490855770825874, 901901.522507846239023 ], [ 235444.966773814870976, 901919.700882102013566 ], [ 235463.145148070587311, 901936.176800146116875 ], [ 235482.850910856592236, 901950.791589881060645 ], [ 235503.894284904992674, 901963.404502892517485 ], [ 235526.072611020237673, 901973.894069933216088 ], [ 235549.172299797879532, 901982.159270738484338 ], [ 235572.970888607465895, 901988.120506906183437 ], [ 235597.23918402910931, 901991.72036847344134 ], [ 235621.743469111504965, 901992.924186805379577 ], [ 235646.247754193900619, 901991.72036847344134 ], [ 235670.516049615544034, 901988.120506906183437 ], [ 235694.314638425130397, 901982.159270738484338 ], [ 235717.414327202772256, 901973.894069933216088 ], [ 235739.592653318017256, 901963.404502892517485 ], [ 235760.636027366417693, 901950.791589881060645 ], [ 235780.341790152422618, 901936.176800146116875 ], [ 235798.520164408138953, 901919.700882102013566 ], [ 235814.996082452184055, 901901.522507846239023 ], [ 235829.610872187127825, 901881.816745060263202 ], [ 235842.223785198584665, 901860.77337101183366 ], [ 235852.713352239312371, 901838.595044896705076 ], [ 235860.978553044551518, 901815.49535611900501 ], [ 235866.939789212308824, 901791.69676730944775 ], [ 235870.539650779566728, 901767.428471887717023 ], [ 235871.743469111504965, 901742.924186805379577 ] ] ] } },
{ "type": "Feature", "properties": { "newname": "70_Boston University School of Law", "element": "node" }, "geometry": { "type": "Polygon", "coordinates": [ [ [ 232609.978916401363676, 900141.88470894866623 ], [ 232608.775098069425439, 900117.380423866328783 ], [ 232605.175236502167536, 900093.112128444598056 ], [ 232599.21400033441023, 900069.313539635040797 ], [ 232590.948799529171083, 900046.213850857340731 ], [ 232580.459232488443376, 900024.035524742212147 ], [ 232567.846319476986537, 900002.992150693782605 ], [ 232553.231529742042767, 899983.286387907806784 ], [ 232536.755611697997665, 899965.108013652032241 ], [ 232518.57723744228133, 899948.632095607928932 ], [ 232498.871474656276405, 899934.017305872985162 ], [ 232477.828100607875967, 899921.404392861528322 ], [ 232455.649774492630968, 899910.914825820829719 ], [ 232432.550085714989109, 899902.649625015561469 ], [ 232408.751496905402746, 899896.68838884786237 ], [ 232384.483201483759331, 899893.088527280604467 ], [ 232359.978916401363676, 899891.88470894866623 ], [ 232335.474631318968022, 899893.088527280604467 ], [ 232311.206335897324607, 899896.68838884786237 ], [ 232287.407747087738244, 899902.649625015561469 ], [ 232264.308058310096385, 899910.914825820829719 ], [ 232242.129732194851385, 899921.404392861528322 ], [ 232221.086358146450948, 899934.017305872985162 ], [ 232201.380595360446023, 899948.632095607928932 ], [ 232183.202221104729688, 899965.108013652032241 ], [ 232166.726303060684586, 899983.286387907806784 ], [ 232152.111513325740816, 900002.992150693782605 ], [ 232139.498600314283976, 900024.035524742212147 ], [ 232129.00903327355627, 900046.213850857340731 ], [ 232120.743832468317123, 900069.313539635040797 ], [ 232114.782596300559817, 900093.112128444598056 ], [ 232111.182734733301913, 900117.380423866328783 ], [ 232109.978916401363676, 900141.88470894866623 ], [ 232111.182734733301913, 900166.388994031003676 ], [ 232114.782596300559817, 900190.657289452734403 ], [ 232120.743832468317123, 900214.455878262291662 ], [ 232129.00903327355627, 900237.555567039991729 ], [ 232139.498600314283976, 900259.733893155120313 ], [ 232152.111513325740816, 900280.777267203549854 ], [ 232166.726303060684586, 900300.483029989525676 ], [ 232183.202221104729688, 900318.661404245300218 ], [ 232201.380595360446023, 900335.137322289403528 ], [ 232221.086358146450948, 900349.752112024347298 ], [ 232242.129732194851385, 900362.365025035804138 ], [ 232264.308058310096385, 900372.85459207650274 ], [ 232287.407747087738244, 900381.119792881770991 ], [ 232311.206335897324607, 900387.081029049470089 ], [ 232335.474631318968022, 900390.680890616727993 ], [ 232359.978916401363676, 900391.88470894866623 ], [ 232384.483201483759331, 900390.680890616727993 ], [ 232408.751496905402746, 900387.081029049470089 ], [ 232432.550085714989109, 900381.119792881770991 ], [ 232455.649774492630968, 900372.85459207650274 ], [ 232477.828100607875967, 900362.365025035804138 ], [ 232498.871474656276405, 900349.752112024347298 ], [ 232518.57723744228133, 900335.137322289403528 ], [ 232536.755611697997665, 900318.661404245300218 ], [ 232553.231529742042767, 900300.483029989525676 ], [ 232567.846319476986537, 900280.777267203549854 ], [ 232580.459232488443376, 900259.733893155120313 ], [ 232590.948799529171083, 900237.555567039991729 ], [ 232599.21400033441023, 900214.455878262291662 ], [ 232605.175236502167536, 900190.657289452734403 ], [ 232608.775098069425439, 900166.388994031003676 ], [ 232609.978916401363676, 900141.88470894866623 ] ] ] } },
{ "type": "Feature", "properties": { "newname": "71_Charlotte Cushman School", "element": "node" }, "geometry": { "type": "Polygon", "coordinates": [ [ [ 236947.821371348283719, 901625.054221153492108 ], [ 236946.617553016345482, 901600.549936071154661 ], [ 236943.017691449087579, 901576.281640649423935 ], [ 236937.056455281330273, 901552.483051839866675 ], [ 236928.791254476091126, 901529.383363062166609 ], [ 236918.301687435363419, 901507.205036947038025 ], [ 236905.68877442390658, 901486.161662898608483 ], [ 236891.07398468896281, 901466.455900112632662 ], [ 236874.598066644917708, 901448.277525856858119 ], [ 236856.419692389201373, 901431.80160781275481 ], [ 236836.713929603196448, 901417.18681807781104 ], [ 236815.67055555479601, 901404.5739050663542 ], [ 236793.492229439551011, 901394.084338025655597 ], [ 236770.392540661909152, 901385.819137220387347 ], [ 236746.593951852322789, 901379.857901052688248 ], [ 236722.325656430679373, 901376.258039485430345 ], [ 236697.821371348283719, 901375.054221153492108 ], [ 236673.317086265888065, 901376.258039485430345 ], [ 236649.04879084424465, 901379.857901052688248 ], [ 236625.250202034658287, 901385.819137220387347 ], [ 236602.150513257016428, 901394.084338025655597 ], [ 236579.972187141771428, 901404.5739050663542 ], [ 236558.928813093370991, 901417.18681807781104 ], [ 236539.223050307366066, 901431.80160781275481 ], [ 236521.044676051649731, 901448.277525856858119 ], [ 236504.568758007604629, 901466.455900112632662 ], [ 236489.953968272660859, 901486.161662898608483 ], [ 236477.341055261204019, 901507.205036947038025 ], [ 236466.851488220476313, 901529.383363062166609 ], [ 236458.586287415237166, 901552.483051839866675 ], [ 236452.62505124747986, 901576.281640649423935 ], [ 236449.025189680221956, 901600.549936071154661 ], [ 236447.821371348283719, 901625.054221153492108 ], [ 236449.025189680221956, 901649.558506235829554 ], [ 236452.62505124747986, 901673.826801657560281 ], [ 236458.586287415237166, 901697.625390467117541 ], [ 236466.851488220476313, 901720.725079244817607 ], [ 236477.341055261204019, 901742.903405359946191 ], [ 236489.953968272660859, 901763.946779408375733 ], [ 236504.568758007604629, 901783.652542194351554 ], [ 236521.044676051649731, 901801.830916450126097 ], [ 236539.223050307366066, 901818.306834494229406 ], [ 236558.928813093370991, 901832.921624229173176 ], [ 236579.972187141771428, 901845.534537240630016 ], [ 236602.150513257016428, 901856.024104281328619 ], [ 236625.250202034658287, 901864.289305086596869 ], [ 236649.04879084424465, 901870.250541254295968 ], [ 236673.317086265888065, 901873.850402821553871 ], [ 236697.821371348283719, 901875.054221153492108 ], [ 236722.325656430679373, 901873.850402821553871 ], [ 236746.593951852322789, 901870.250541254295968 ], [ 236770.392540661909152, 901864.289305086596869 ], [ 236793.492229439551011, 901856.024104281328619 ], [ 236815.67055555479601, 901845.534537240630016 ], [ 236836.713929603196448, 901832.921624229173176 ], [ 236856.419692389201373, 901818.306834494229406 ], [ 236874.598066644917708, 901801.830916450126097 ], [ 236891.07398468896281, 901783.652542194351554 ], [ 236905.68877442390658, 901763.946779408375733 ], [ 236918.301687435363419, 901742.903405359946191 ], [ 236928.791254476091126, 901720.725079244817607 ], [ 236937.056455281330273, 901697.625390467117541 ], [ 236943.017691449087579, 901673.826801657560281 ], [ 236946.617553016345482, 901649.558506235829554 ], [ 236947.821371348283719, 901625.054221153492108 ] ] ] } },
{ "type": "Feature", "properties": { "newname": "72_Hebrew Industrial School", "element": "node" }, "geometry": { "type": "Polygon", "coordinates": [ [ [ 236855.332406938076019, 901809.695020172395743 ], [ 236854.128588606137782, 901785.190735090058297 ], [ 236850.528727038879879, 901760.92243966832757 ], [ 236844.567490871122573, 901737.123850858770311 ], [ 236836.302290065883426, 901714.024162081070244 ], [ 236825.812723025155719, 901691.84583596594166 ], [ 236813.19981001369888, 901670.802461917512119 ], [ 236798.58502027875511, 901651.096699131536298 ], [ 236782.109102234710008, 901632.918324875761755 ], [ 236763.930727978993673, 901616.442406831658445 ], [ 236744.224965192988748, 901601.827617096714675 ], [ 236723.18159114458831, 901589.214704085257836 ], [ 236701.003265029343311, 901578.725137044559233 ], [ 236677.903576251701452, 901570.459936239290982 ], [ 236654.104987442115089, 901564.498700071591884 ], [ 236629.836692020471673, 901560.89883850433398 ], [ 236605.332406938076019, 901559.695020172395743 ], [ 236580.828121855680365, 901560.89883850433398 ], [ 236556.55982643403695, 901564.498700071591884 ], [ 236532.761237624450587, 901570.459936239290982 ], [ 236509.661548846808728, 901578.725137044559233 ], [ 236487.483222731563728, 901589.214704085257836 ], [ 236466.439848683163291, 901601.827617096714675 ], [ 236446.734085897158366, 901616.442406831658445 ], [ 236428.555711641442031, 901632.918324875761755 ], [ 236412.079793597396929, 901651.096699131536298 ], [ 236397.465003862453159, 901670.802461917512119 ], [ 236384.852090850996319, 901691.84583596594166 ], [ 236374.362523810268613, 901714.024162081070244 ], [ 236366.097323005029466, 901737.123850858770311 ], [ 236360.13608683727216, 901760.92243966832757 ], [ 236356.536225270014256, 901785.190735090058297 ], [ 236355.332406938076019, 901809.695020172395743 ], [ 236356.536225270014256, 901834.19930525473319 ], [ 236360.13608683727216, 901858.467600676463917 ], [ 236366.097323005029466, 901882.266189486021176 ], [ 236374.362523810268613, 901905.365878263721243 ], [ 236384.852090850996319, 901927.544204378849827 ], [ 236397.465003862453159, 901948.587578427279368 ], [ 236412.079793597396929, 901968.293341213255189 ], [ 236428.555711641442031, 901986.471715469029732 ], [ 236446.734085897158366, 902002.947633513133042 ], [ 236466.439848683163291, 902017.562423248076811 ], [ 236487.483222731563728, 902030.175336259533651 ], [ 236509.661548846808728, 902040.664903300232254 ], [ 236532.761237624450587, 902048.930104105500504 ], [ 236556.55982643403695, 902054.891340273199603 ], [ 236580.828121855680365, 902058.491201840457506 ], [ 236605.332406938076019, 902059.695020172395743 ], [ 236629.836692020471673, 902058.491201840457506 ], [ 236654.104987442115089, 902054.891340273199603 ], [ 236677.903576251701452, 902048.930104105500504 ], [ 236701.003265029343311, 902040.664903300232254 ], [ 236723.18159114458831, 902030.175336259533651 ], [ 236744.224965192988748, 902017.562423248076811 ], [ 236763.930727978993673, 902002.947633513133042 ], [ 236782.109102234710008, 901986.471715469029732 ], [ 236798.58502027875511, 901968.293341213255189 ], [ 236813.19981001369888, 901948.587578427279368 ], [ 236825.812723025155719, 901927.544204378849827 ], [ 236836.302290065883426, 901905.365878263721243 ], [ 236844.567490871122573, 901882.266189486021176 ], [ 236850.528727038879879, 901858.467600676463917 ], [ 236854.128588606137782, 901834.19930525473319 ], [ 236855.332406938076019, 901809.695020172395743 ] ] ] } },
{ "type": "Feature", "properties": { "newname": "73_School of Fashion Design", "element": "node" }, "geometry": { "type": "Polygon", "coordinates": [ [ [ 235112.483380465127993, 900131.926852318341844 ], [ 235111.279562133189756, 900107.422567236004397 ], [ 235107.679700565931853, 900083.15427181427367 ], [ 235101.718464398174547, 900059.355683004716411 ], [ 235093.4532635929354, 900036.255994227016345 ], [ 235082.963696552207693, 900014.07766811188776 ], [ 235070.350783540750854, 899993.034294063458219 ], [ 235055.735993805807084, 899973.328531277482398 ], [ 235039.260075761761982, 899955.150157021707855 ], [ 235021.081701506045647, 899938.674238977604546 ], [ 235001.375938720040722, 899924.059449242660776 ], [ 234980.332564671640284, 899911.446536231203936 ], [ 234958.154238556395285, 899900.956969190505333 ], [ 234935.054549778753426, 899892.691768385237083 ], [ 234911.255960969167063, 899886.730532217537984 ], [ 234886.987665547523648, 899883.130670650280081 ], [ 234862.483380465127993, 899881.926852318341844 ], [ 234837.979095382732339, 899883.130670650280081 ], [ 234813.710799961088924, 899886.730532217537984 ], [ 234789.912211151502561, 899892.691768385237083 ], [ 234766.812522373860702, 899900.956969190505333 ], [ 234744.634196258615702, 899911.446536231203936 ], [ 234723.590822210215265, 899924.059449242660776 ], [ 234703.88505942421034, 899938.674238977604546 ], [ 234685.706685168494005, 899955.150157021707855 ], [ 234669.230767124448903, 899973.328531277482398 ], [ 234654.615977389505133, 899993.034294063458219 ], [ 234642.003064378048293, 900014.07766811188776 ], [ 234631.513497337320587, 900036.255994227016345 ], [ 234623.24829653208144, 900059.355683004716411 ], [ 234617.287060364324134, 900083.15427181427367 ], [ 234613.68719879706623, 900107.422567236004397 ], [ 234612.483380465127993, 900131.926852318341844 ], [ 234613.68719879706623, 900156.43113740067929 ], [ 234617.287060364324134, 900180.699432822410017 ], [ 234623.24829653208144, 900204.498021631967276 ], [ 234631.513497337320587, 900227.597710409667343 ], [ 234642.003064378048293, 900249.776036524795927 ], [ 234654.615977389505133, 900270.819410573225468 ], [ 234669.230767124448903, 900290.52517335920129 ], [ 234685.706685168494005, 900308.703547614975832 ], [ 234703.88505942421034, 900325.179465659079142 ], [ 234723.590822210215265, 900339.794255394022912 ], [ 234744.634196258615702, 900352.407168405479752 ], [ 234766.812522373860702, 900362.896735446178354 ], [ 234789.912211151502561, 900371.161936251446605 ], [ 234813.710799961088924, 900377.123172419145703 ], [ 234837.979095382732339, 900380.723033986403607 ], [ 234862.483380465127993, 900381.926852318341844 ], [ 234886.987665547523648, 900380.723033986403607 ], [ 234911.255960969167063, 900377.123172419145703 ], [ 234935.054549778753426, 900371.161936251446605 ], [ 234958.154238556395285, 900362.896735446178354 ], [ 234980.332564671640284, 900352.407168405479752 ], [ 235001.375938720040722, 900339.794255394022912 ], [ 235021.081701506045647, 900325.179465659079142 ], [ 235039.260075761761982, 900308.703547614975832 ], [ 235055.735993805807084, 900290.52517335920129 ], [ 235070.350783540750854, 900270.819410573225468 ], [ 235082.963696552207693, 900249.776036524795927 ], [ 235093.4532635929354, 900227.597710409667343 ], [ 235101.718464398174547, 900204.498021631967276 ], [ 235107.679700565931853, 900180.699432822410017 ], [ 235111.279562133189756, 900156.43113740067929 ], [ 235112.483380465127993, 900131.926852318341844 ] ] ] } },
{ "type": "Feature", "properties": { "newname": "74_Boston Latin Academy", "element": "node" }, "geometry": { "type": "Polygon", "coordinates": [ [ [ 235730.77384320209967, 893411.538257162086666 ], [ 235729.570024870161433, 893387.033972079749219 ], [ 235725.970163302903529, 893362.765676658018492 ], [ 235720.008927135146223, 893338.967087848461233 ], [ 235711.743726329907076, 893315.867399070761167 ], [ 235701.25415928917937, 893293.689072955632582 ], [ 235688.64124627772253, 893272.645698907203041 ], [ 235674.02645654277876, 893252.93993612122722 ], [ 235657.550538498733658, 893234.761561865452677 ], [ 235639.372164243017323, 893218.285643821349367 ], [ 235619.666401457012398, 893203.670854086405598 ], [ 235598.623027408611961, 893191.057941074948758 ], [ 235576.444701293366961, 893180.568374034250155 ], [ 235553.345012515725102, 893172.303173228981905 ], [ 235529.546423706138739, 893166.341937061282806 ], [ 235505.278128284495324, 893162.742075494024903 ], [ 235480.77384320209967, 893161.538257162086666 ], [ 235456.269558119704016, 893162.742075494024903 ], [ 235432.0012626980606, 893166.341937061282806 ], [ 235408.202673888474237, 893172.303173228981905 ], [ 235385.102985110832378, 893180.568374034250155 ], [ 235362.924658995587379, 893191.057941074948758 ], [ 235341.881284947186941, 893203.670854086405598 ], [ 235322.175522161182016, 893218.285643821349367 ], [ 235303.997147905465681, 893234.761561865452677 ], [ 235287.521229861420579, 893252.93993612122722 ], [ 235272.906440126476809, 893272.645698907203041 ], [ 235260.29352711501997, 893293.689072955632582 ], [ 235249.803960074292263, 893315.867399070761167 ], [ 235241.538759269053116, 893338.967087848461233 ], [ 235235.57752310129581, 893362.765676658018492 ], [ 235231.977661534037907, 893387.033972079749219 ], [ 235230.77384320209967, 893411.538257162086666 ], [ 235231.977661534037907, 893436.042542244424112 ], [ 235235.57752310129581, 893460.310837666154839 ], [ 235241.538759269053116, 893484.109426475712098 ], [ 235249.803960074292263, 893507.209115253412165 ], [ 235260.29352711501997, 893529.387441368540749 ], [ 235272.906440126476809, 893550.43081541697029 ], [ 235287.521229861420579, 893570.136578202946112 ], [ 235303.997147905465681, 893588.314952458720654 ], [ 235322.175522161182016, 893604.790870502823964 ], [ 235341.881284947186941, 893619.405660237767734 ], [ 235362.924658995587379, 893632.018573249224573 ], [ 235385.102985110832378, 893642.508140289923176 ], [ 235408.202673888474237, 893650.773341095191427 ], [ 235432.0012626980606, 893656.734577262890525 ], [ 235456.269558119704016, 893660.334438830148429 ], [ 235480.77384320209967, 893661.538257162086666 ], [ 235505.278128284495324, 893660.334438830148429 ], [ 235529.546423706138739, 893656.734577262890525 ], [ 235553.345012515725102, 893650.773341095191427 ], [ 235576.444701293366961, 893642.508140289923176 ], [ 235598.623027408611961, 893632.018573249224573 ], [ 235619.666401457012398, 893619.405660237767734 ], [ 235639.372164243017323, 893604.790870502823964 ], [ 235657.550538498733658, 893588.314952458720654 ], [ 235674.02645654277876, 893570.136578202946112 ], [ 235688.64124627772253, 893550.43081541697029 ], [ 235701.25415928917937, 893529.387441368540749 ], [ 235711.743726329907076, 893507.209115253412165 ], [ 235720.008927135146223, 893484.109426475712098 ], [ 235725.970163302903529, 893460.310837666154839 ], [ 235729.570024870161433, 893436.042542244424112 ], [ 235730.77384320209967, 893411.538257162086666 ] ] ] } },
{ "type": "Feature", "properties": { "newname": "75_Margaret Fuller School", "element": "node" }, "geometry": { "type": "Polygon", "coordinates": [ [ [ 232903.382929664570838, 895465.046108874492347 ], [ 232902.179111332632601, 895440.541823792154901 ], [ 232898.579249765374698, 895416.273528370424174 ], [ 232892.618013597617391, 895392.474939560866915 ], [ 232884.352812792378245, 895369.375250783166848 ], [ 232873.863245751650538, 895347.196924668038264 ], [ 232861.250332740193699, 895326.153550619608723 ], [ 232846.635543005249929, 895306.447787833632901 ], [ 232830.159624961204827, 895288.269413577858359 ], [ 232811.981250705488492, 895271.793495533755049 ], [ 232792.275487919483567, 895257.178705798811279 ], [ 232771.232113871083129, 895244.565792787354439 ], [ 232749.05378775583813, 895234.076225746655837 ], [ 232725.954098978196271, 895225.811024941387586 ], [ 232702.155510168609908, 895219.849788773688488 ], [ 232677.887214746966492, 895216.249927206430584 ], [ 232653.382929664570838, 895215.046108874492347 ], [ 232628.878644582175184, 895216.249927206430584 ], [ 232604.610349160531769, 895219.849788773688488 ], [ 232580.811760350945406, 895225.811024941387586 ], [ 232557.712071573303547, 895234.076225746655837 ], [ 232535.533745458058547, 895244.565792787354439 ], [ 232514.49037140965811, 895257.178705798811279 ], [ 232494.784608623653185, 895271.793495533755049 ], [ 232476.60623436793685, 895288.269413577858359 ], [ 232460.130316323891748, 895306.447787833632901 ], [ 232445.515526588947978, 895326.153550619608723 ], [ 232432.902613577491138, 895347.196924668038264 ], [ 232422.413046536763432, 895369.375250783166848 ], [ 232414.147845731524285, 895392.474939560866915 ], [ 232408.186609563766979, 895416.273528370424174 ], [ 232404.586747996509075, 895440.541823792154901 ], [ 232403.382929664570838, 895465.046108874492347 ], [ 232404.586747996509075, 895489.550393956829794 ], [ 232408.186609563766979, 895513.818689378560521 ], [ 232414.147845731524285, 895537.61727818811778 ], [ 232422.413046536763432, 895560.716966965817846 ], [ 232432.902613577491138, 895582.895293080946431 ], [ 232445.515526588947978, 895603.938667129375972 ], [ 232460.130316323891748, 895623.644429915351793 ], [ 232476.60623436793685, 895641.822804171126336 ], [ 232494.784608623653185, 895658.298722215229645 ], [ 232514.49037140965811, 895672.913511950173415 ], [ 232535.533745458058547, 895685.526424961630255 ], [ 232557.712071573303547, 895696.015992002328858 ], [ 232580.811760350945406, 895704.281192807597108 ], [ 232604.610349160531769, 895710.242428975296207 ], [ 232628.878644582175184, 895713.84229054255411 ], [ 232653.382929664570838, 895715.046108874492347 ], [ 232677.887214746966492, 895713.84229054255411 ], [ 232702.155510168609908, 895710.242428975296207 ], [ 232725.954098978196271, 895704.281192807597108 ], [ 232749.05378775583813, 895696.015992002328858 ], [ 232771.232113871083129, 895685.526424961630255 ], [ 232792.275487919483567, 895672.913511950173415 ], [ 232811.981250705488492, 895658.298722215229645 ], [ 232830.159624961204827, 895641.822804171126336 ], [ 232846.635543005249929, 895623.644429915351793 ], [ 232861.250332740193699, 895603.938667129375972 ], [ 232873.863245751650538, 895582.895293080946431 ], [ 232884.352812792378245, 895560.716966965817846 ], [ 232892.618013597617391, 895537.61727818811778 ], [ 232898.579249765374698, 895513.818689378560521 ], [ 232902.179111332632601, 895489.550393956829794 ], [ 232903.382929664570838, 895465.046108874492347 ] ] ] } },
{ "type": "Feature", "properties": { "newname": "76_Henry Dearborn STEM Academy", "element": "node" }, "geometry": { "type": "Polygon", "coordinates": [ [ [ 234873.712815219623735, 895320.207576742977835 ], [ 234872.508996887685498, 895295.703291660640389 ], [ 234868.909135320427595, 895271.434996238909662 ], [ 234862.947899152670288, 895247.636407429352403 ], [ 234854.682698347431142, 895224.536718651652336 ], [ 234844.193131306703435, 895202.358392536523752 ], [ 234831.580218295246596, 895181.315018488094211 ], [ 234816.965428560302826, 895161.609255702118389 ], [ 234800.489510516257724, 895143.430881446343847 ], [ 234782.311136260541389, 895126.954963402240537 ], [ 234762.605373474536464, 895112.340173667296767 ], [ 234741.561999426136026, 895099.727260655839927 ], [ 234719.383673310891027, 895089.237693615141325 ], [ 234696.283984533249168, 895080.972492809873074 ], [ 234672.485395723662805, 895075.011256642173976 ], [ 234648.217100302019389, 895071.411395074916072 ], [ 234623.712815219623735, 895070.207576742977835 ], [ 234599.208530137228081, 895071.411395074916072 ], [ 234574.940234715584666, 895075.011256642173976 ], [ 234551.141645905998303, 895080.972492809873074 ], [ 234528.041957128356444, 895089.237693615141325 ], [ 234505.863631013111444, 895099.727260655839927 ], [ 234484.820256964711007, 895112.340173667296767 ], [ 234465.114494178706082, 895126.954963402240537 ], [ 234446.936119922989747, 895143.430881446343847 ], [ 234430.460201878944645, 895161.609255702118389 ], [ 234415.845412144000875, 895181.315018488094211 ], [ 234403.232499132544035, 895202.358392536523752 ], [ 234392.742932091816328, 895224.536718651652336 ], [ 234384.477731286577182, 895247.636407429352403 ], [ 234378.516495118819876, 895271.434996238909662 ], [ 234374.916633551561972, 895295.703291660640389 ], [ 234373.712815219623735, 895320.207576742977835 ], [ 234374.916633551561972, 895344.711861825315282 ], [ 234378.516495118819876, 895368.980157247046009 ], [ 234384.477731286577182, 895392.778746056603268 ], [ 234392.742932091816328, 895415.878434834303334 ], [ 234403.232499132544035, 895438.056760949431919 ], [ 234415.845412144000875, 895459.10013499786146 ], [ 234430.460201878944645, 895478.805897783837281 ], [ 234446.936119922989747, 895496.984272039611824 ], [ 234465.114494178706082, 895513.460190083715133 ], [ 234484.820256964711007, 895528.074979818658903 ], [ 234505.863631013111444, 895540.687892830115743 ], [ 234528.041957128356444, 895551.177459870814346 ], [ 234551.141645905998303, 895559.442660676082596 ], [ 234574.940234715584666, 895565.403896843781695 ], [ 234599.208530137228081, 895569.003758411039598 ], [ 234623.712815219623735, 895570.207576742977835 ], [ 234648.217100302019389, 895569.003758411039598 ], [ 234672.485395723662805, 895565.403896843781695 ], [ 234696.283984533249168, 895559.442660676082596 ], [ 234719.383673310891027, 895551.177459870814346 ], [ 234741.561999426136026, 895540.687892830115743 ], [ 234762.605373474536464, 895528.074979818658903 ], [ 234782.311136260541389, 895513.460190083715133 ], [ 234800.489510516257724, 895496.984272039611824 ], [ 234816.965428560302826, 895478.805897783837281 ], [ 234831.580218295246596, 895459.10013499786146 ], [ 234844.193131306703435, 895438.056760949431919 ], [ 234854.682698347431142, 895415.878434834303334 ], [ 234862.947899152670288, 895392.778746056603268 ], [ 234868.909135320427595, 895368.980157247046009 ], [ 234872.508996887685498, 895344.711861825315282 ], [ 234873.712815219623735, 895320.207576742977835 ] ] ] } },
{ "type": "Feature", "properties": { "newname": "77_Mary Lyon School", "element": "node" }, "geometry": { "type": "Polygon", "coordinates": [ [ [ 228144.012627130927285, 900134.357933789142407 ], [ 228142.808808798989048, 900109.853648706804961 ], [ 228139.208947231731145, 900085.585353285074234 ], [ 228133.247711063973838, 900061.786764475516975 ], [ 228124.982510258734692, 900038.687075697816908 ], [ 228114.492943218006985, 900016.508749582688324 ], [ 228101.880030206550146, 899995.465375534258783 ], [ 228087.265240471606376, 899975.759612748282962 ], [ 228070.789322427561274, 899957.581238492508419 ], [ 228052.610948171844939, 899941.105320448405109 ], [ 228032.905185385840014, 899926.490530713461339 ], [ 228011.861811337439576, 899913.8776177020045 ], [ 227989.683485222194577, 899903.388050661305897 ], [ 227966.583796444552718, 899895.122849856037647 ], [ 227942.785207634966355, 899889.161613688338548 ], [ 227918.516912213322939, 899885.561752121080644 ], [ 227894.012627130927285, 899884.357933789142407 ], [ 227869.508342048531631, 899885.561752121080644 ], [ 227845.240046626888216, 899889.161613688338548 ], [ 227821.441457817301853, 899895.122849856037647 ], [ 227798.341769039659994, 899903.388050661305897 ], [ 227776.163442924414994, 899913.8776177020045 ], [ 227755.120068876014557, 899926.490530713461339 ], [ 227735.414306090009632, 899941.105320448405109 ], [ 227717.235931834293297, 899957.581238492508419 ], [ 227700.760013790248195, 899975.759612748282962 ], [ 227686.145224055304425, 899995.465375534258783 ], [ 227673.532311043847585, 900016.508749582688324 ], [ 227663.042744003119878, 900038.687075697816908 ], [ 227654.777543197880732, 900061.786764475516975 ], [ 227648.816307030123426, 900085.585353285074234 ], [ 227645.216445462865522, 900109.853648706804961 ], [ 227644.012627130927285, 900134.357933789142407 ], [ 227645.216445462865522, 900158.862218871479854 ], [ 227648.816307030123426, 900183.130514293210581 ], [ 227654.777543197880732, 900206.92910310276784 ], [ 227663.042744003119878, 900230.028791880467907 ], [ 227673.532311043847585, 900252.207117995596491 ], [ 227686.145224055304425, 900273.250492044026032 ], [ 227700.760013790248195, 900292.956254830001853 ], [ 227717.235931834293297, 900311.134629085776396 ], [ 227735.414306090009632, 900327.610547129879706 ], [ 227755.120068876014557, 900342.225336864823475 ], [ 227776.163442924414994, 900354.838249876280315 ], [ 227798.341769039659994, 900365.327816916978918 ], [ 227821.441457817301853, 900373.593017722247168 ], [ 227845.240046626888216, 900379.554253889946267 ], [ 227869.508342048531631, 900383.154115457204171 ], [ 227894.012627130927285, 900384.357933789142407 ], [ 227918.516912213322939, 900383.154115457204171 ], [ 227942.785207634966355, 900379.554253889946267 ], [ 227966.583796444552718, 900373.593017722247168 ], [ 227989.683485222194577, 900365.327816916978918 ], [ 228011.861811337439576, 900354.838249876280315 ], [ 228032.905185385840014, 900342.225336864823475 ], [ 228052.610948171844939, 900327.610547129879706 ], [ 228070.789322427561274, 900311.134629085776396 ], [ 228087.265240471606376, 900292.956254830001853 ], [ 228101.880030206550146, 900273.250492044026032 ], [ 228114.492943218006985, 900252.207117995596491 ], [ 228124.982510258734692, 900230.028791880467907 ], [ 228133.247711063973838, 900206.92910310276784 ], [ 228139.208947231731145, 900183.130514293210581 ], [ 228142.808808798989048, 900158.862218871479854 ], [ 228144.012627130927285, 900134.357933789142407 ] ] ] } },
{ "type": "Feature", "properties": { "newname": "78_Neighborhood House School", "element": "node" }, "geometry": { "type": "Polygon", "coordinates": [ [ [ 236279.314799665240571, 893661.160904247546569 ], [ 236278.110981333302334, 893636.656619165209122 ], [ 236274.51111976604443, 893612.388323743478395 ], [ 236268.549883598287124, 893588.589734933921136 ], [ 236260.284682793047978, 893565.490046156221069 ], [ 236249.795115752320271, 893543.311720041092485 ], [ 236237.182202740863431, 893522.268345992662944 ], [ 236222.567413005919661, 893502.562583206687123 ], [ 236206.09149496187456, 893484.38420895091258 ], [ 236187.913120706158224, 893467.90829090680927 ], [ 236168.207357920153299, 893453.293501171865501 ], [ 236147.163983871752862, 893440.680588160408661 ], [ 236124.985657756507862, 893430.191021119710058 ], [ 236101.885968978866003, 893421.925820314441808 ], [ 236078.087380169279641, 893415.964584146742709 ], [ 236053.819084747636225, 893412.364722579484805 ], [ 236029.314799665240571, 893411.160904247546569 ], [ 236004.810514582844917, 893412.364722579484805 ], [ 235980.542219161201501, 893415.964584146742709 ], [ 235956.743630351615138, 893421.925820314441808 ], [ 235933.643941573973279, 893430.191021119710058 ], [ 235911.46561545872828, 893440.680588160408661 ], [ 235890.422241410327842, 893453.293501171865501 ], [ 235870.716478624322917, 893467.90829090680927 ], [ 235852.538104368606582, 893484.38420895091258 ], [ 235836.06218632456148, 893502.562583206687123 ], [ 235821.447396589617711, 893522.268345992662944 ], [ 235808.834483578160871, 893543.311720041092485 ], [ 235798.344916537433164, 893565.490046156221069 ], [ 235790.079715732194018, 893588.589734933921136 ], [ 235784.118479564436711, 893612.388323743478395 ], [ 235780.518617997178808, 893636.656619165209122 ], [ 235779.314799665240571, 893661.160904247546569 ], [ 235780.518617997178808, 893685.665189329884015 ], [ 235784.118479564436711, 893709.933484751614742 ], [ 235790.079715732194018, 893733.732073561172001 ], [ 235798.344916537433164, 893756.831762338872068 ], [ 235808.834483578160871, 893779.010088454000652 ], [ 235821.447396589617711, 893800.053462502430193 ], [ 235836.06218632456148, 893819.759225288406014 ], [ 235852.538104368606582, 893837.937599544180557 ], [ 235870.716478624322917, 893854.413517588283867 ], [ 235890.422241410327842, 893869.028307323227637 ], [ 235911.46561545872828, 893881.641220334684476 ], [ 235933.643941573973279, 893892.130787375383079 ], [ 235956.743630351615138, 893900.395988180651329 ], [ 235980.542219161201501, 893906.357224348350428 ], [ 236004.810514582844917, 893909.957085915608332 ], [ 236029.314799665240571, 893911.160904247546569 ], [ 236053.819084747636225, 893909.957085915608332 ], [ 236078.087380169279641, 893906.357224348350428 ], [ 236101.885968978866003, 893900.395988180651329 ], [ 236124.985657756507862, 893892.130787375383079 ], [ 236147.163983871752862, 893881.641220334684476 ], [ 236168.207357920153299, 893869.028307323227637 ], [ 236187.913120706158224, 893854.413517588283867 ], [ 236206.09149496187456, 893837.937599544180557 ], [ 236222.567413005919661, 893819.759225288406014 ], [ 236237.182202740863431, 893800.053462502430193 ], [ 236249.795115752320271, 893779.010088454000652 ], [ 236260.284682793047978, 893756.831762338872068 ], [ 236268.549883598287124, 893733.732073561172001 ], [ 236274.51111976604443, 893709.933484751614742 ], [ 236278.110981333302334, 893685.665189329884015 ], [ 236279.314799665240571, 893661.160904247546569 ] ] ] } },
{ "type": "Feature", "properties": { "newname": "79_Pauline Agassiz Shaw School", "element": "node" }, "geometry": { "type": "Polygon", "coordinates": [ [ [ 234328.816958743031137, 892486.338479217840359 ], [ 234327.6131404110929, 892461.834194135502912 ], [ 234324.013278843834996, 892437.565898713772185 ], [ 234318.05204267607769, 892413.767309904214926 ], [ 234309.786841870838543, 892390.667621126514859 ], [ 234299.297274830110837, 892368.489295011386275 ], [ 234286.684361818653997, 892347.445920962956734 ], [ 234272.069572083710227, 892327.740158176980913 ], [ 234255.593654039665125, 892309.56178392120637 ], [ 234237.41527978394879, 892293.08586587710306 ], [ 234217.709516997943865, 892278.471076142159291 ], [ 234196.666142949543428, 892265.858163130702451 ], [ 234174.487816834298428, 892255.368596090003848 ], [ 234151.388128056656569, 892247.103395284735598 ], [ 234127.589539247070206, 892241.142159117036499 ], [ 234103.321243825426791, 892237.542297549778596 ], [ 234078.816958743031137, 892236.338479217840359 ], [ 234054.312673660635483, 892237.542297549778596 ], [ 234030.044378238992067, 892241.142159117036499 ], [ 234006.245789429405704, 892247.103395284735598 ], [ 233983.146100651763845, 892255.368596090003848 ], [ 233960.967774536518846, 892265.858163130702451 ], [ 233939.924400488118408, 892278.471076142159291 ], [ 233920.218637702113483, 892293.08586587710306 ], [ 233902.040263446397148, 892309.56178392120637 ], [ 233885.564345402352046, 892327.740158176980913 ], [ 233870.949555667408276, 892347.445920962956734 ], [ 233858.336642655951437, 892368.489295011386275 ], [ 233847.84707561522373, 892390.667621126514859 ], [ 233839.581874809984583, 892413.767309904214926 ], [ 233833.620638642227277, 892437.565898713772185 ], [ 233830.020777074969374, 892461.834194135502912 ], [ 233828.816958743031137, 892486.338479217840359 ], [ 233830.020777074969374, 892510.842764300177805 ], [ 233833.620638642227277, 892535.111059721908532 ], [ 233839.581874809984583, 892558.909648531465791 ], [ 233847.84707561522373, 892582.009337309165858 ], [ 233858.336642655951437, 892604.187663424294442 ], [ 233870.949555667408276, 892625.231037472723983 ], [ 233885.564345402352046, 892644.936800258699805 ], [ 233902.040263446397148, 892663.115174514474347 ], [ 233920.218637702113483, 892679.591092558577657 ], [ 233939.924400488118408, 892694.205882293521427 ], [ 233960.967774536518846, 892706.818795304978266 ], [ 233983.146100651763845, 892717.308362345676869 ], [ 234006.245789429405704, 892725.57356315094512 ], [ 234030.044378238992067, 892731.534799318644218 ], [ 234054.312673660635483, 892735.134660885902122 ], [ 234078.816958743031137, 892736.338479217840359 ], [ 234103.321243825426791, 892735.134660885902122 ], [ 234127.589539247070206, 892731.534799318644218 ], [ 234151.388128056656569, 892725.57356315094512 ], [ 234174.487816834298428, 892717.308362345676869 ], [ 234196.666142949543428, 892706.818795304978266 ], [ 234217.709516997943865, 892694.205882293521427 ], [ 234237.41527978394879, 892679.591092558577657 ], [ 234255.593654039665125, 892663.115174514474347 ], [ 234272.069572083710227, 892644.936800258699805 ], [ 234286.684361818653997, 892625.231037472723983 ], [ 234299.297274830110837, 892604.187663424294442 ], [ 234309.786841870838543, 892582.009337309165858 ], [ 234318.05204267607769, 892558.909648531465791 ], [ 234324.013278843834996, 892535.111059721908532 ], [ 234327.6131404110929, 892510.842764300177805 ], [ 234328.816958743031137, 892486.338479217840359 ] ] ] } },
{ "type": "Feature", "properties": { "newname": "80_William E Endicott School", "element": "node" }, "geometry": { "type": "Polygon", "coordinates": [ [ [ 234419.11905295914039, 894608.336932810489088 ], [ 234417.915234627202153, 894583.832647728151642 ], [ 234414.31537305994425, 894559.564352306420915 ], [ 234408.354136892186943, 894535.765763496863656 ], [ 234400.088936086947797, 894512.666074719163589 ], [ 234389.59936904622009, 894490.487748604035005 ], [ 234376.98645603476325, 894469.444374555605464 ], [ 234362.371666299819481, 894449.738611769629642 ], [ 234345.895748255774379, 894431.5602375138551 ], [ 234327.717374000058044, 894415.08431946975179 ], [ 234308.011611214053119, 894400.46952973480802 ], [ 234286.968237165652681, 894387.856616723351181 ], [ 234264.789911050407682, 894377.367049682652578 ], [ 234241.690222272765823, 894369.101848877384327 ], [ 234217.89163346317946, 894363.140612709685229 ], [ 234193.623338041536044, 894359.540751142427325 ], [ 234169.11905295914039, 894358.336932810489088 ], [ 234144.614767876744736, 894359.540751142427325 ], [ 234120.346472455101321, 894363.140612709685229 ], [ 234096.547883645514958, 894369.101848877384327 ], [ 234073.448194867873099, 894377.367049682652578 ], [ 234051.269868752628099, 894387.856616723351181 ], [ 234030.226494704227662, 894400.46952973480802 ], [ 234010.520731918222737, 894415.08431946975179 ], [ 233992.342357662506402, 894431.5602375138551 ], [ 233975.8664396184613, 894449.738611769629642 ], [ 233961.25164988351753, 894469.444374555605464 ], [ 233948.63873687206069, 894490.487748604035005 ], [ 233938.149169831332983, 894512.666074719163589 ], [ 233929.883969026093837, 894535.765763496863656 ], [ 233923.922732858336531, 894559.564352306420915 ], [ 233920.322871291078627, 894583.832647728151642 ], [ 233919.11905295914039, 894608.336932810489088 ], [ 233920.322871291078627, 894632.841217892826535 ], [ 233923.922732858336531, 894657.109513314557262 ], [ 233929.883969026093837, 894680.908102124114521 ], [ 233938.149169831332983, 894704.007790901814587 ], [ 233948.63873687206069, 894726.186117016943172 ], [ 233961.25164988351753, 894747.229491065372713 ], [ 233975.8664396184613, 894766.935253851348534 ], [ 233992.342357662506402, 894785.113628107123077 ], [ 234010.520731918222737, 894801.589546151226386 ], [ 234030.226494704227662, 894816.204335886170156 ], [ 234051.269868752628099, 894828.817248897626996 ], [ 234073.448194867873099, 894839.306815938325599 ], [ 234096.547883645514958, 894847.572016743593849 ], [ 234120.346472455101321, 894853.533252911292948 ], [ 234144.614767876744736, 894857.133114478550851 ], [ 234169.11905295914039, 894858.336932810489088 ], [ 234193.623338041536044, 894857.133114478550851 ], [ 234217.89163346317946, 894853.533252911292948 ], [ 234241.690222272765823, 894847.572016743593849 ], [ 234264.789911050407682, 894839.306815938325599 ], [ 234286.968237165652681, 894828.817248897626996 ], [ 234308.011611214053119, 894816.204335886170156 ], [ 234327.717374000058044, 894801.589546151226386 ], [ 234345.895748255774379, 894785.113628107123077 ], [ 234362.371666299819481, 894766.935253851348534 ], [ 234376.98645603476325, 894747.229491065372713 ], [ 234389.59936904622009, 894726.186117016943172 ], [ 234400.088936086947797, 894704.007790901814587 ], [ 234408.354136892186943, 894680.908102124114521 ], [ 234414.31537305994425, 894657.109513314557262 ], [ 234417.915234627202153, 894632.841217892826535 ], [ 234419.11905295914039, 894608.336932810489088 ] ] ] } },
{ "type": "Feature", "properties": { "newname": "81_William Ellery Channing School", "element": "node" }, "geometry": { "type": "Polygon", "coordinates": [ [ [ 230434.356880749081029, 889098.083743627299555 ], [ 230433.153062417142792, 889073.579458544962108 ], [ 230429.553200849884888, 889049.311163123231381 ], [ 230423.591964682127582, 889025.512574313674122 ], [ 230415.326763876888435, 889002.412885535974056 ], [ 230404.837196836160729, 888980.234559420845471 ], [ 230392.224283824703889, 888959.19118537241593 ], [ 230377.609494089760119, 888939.485422586440109 ], [ 230361.133576045715017, 888921.307048330665566 ], [ 230342.955201789998682, 888904.831130286562257 ], [ 230323.249439003993757, 888890.216340551618487 ], [ 230302.20606495559332, 888877.603427540161647 ], [ 230280.02773884034832, 888867.113860499463044 ], [ 230256.928050062706461, 888858.848659694194794 ], [ 230233.129461253120098, 888852.887423526495695 ], [ 230208.861165831476683, 888849.287561959237792 ], [ 230184.356880749081029, 888848.083743627299555 ], [ 230159.852595666685374, 888849.287561959237792 ], [ 230135.584300245041959, 888852.887423526495695 ], [ 230111.785711435455596, 888858.848659694194794 ], [ 230088.686022657813737, 888867.113860499463044 ], [ 230066.507696542568738, 888877.603427540161647 ], [ 230045.4643224941683, 888890.216340551618487 ], [ 230025.758559708163375, 888904.831130286562257 ], [ 230007.58018545244704, 888921.307048330665566 ], [ 229991.104267408401938, 888939.485422586440109 ], [ 229976.489477673458168, 888959.19118537241593 ], [ 229963.876564662001329, 888980.234559420845471 ], [ 229953.386997621273622, 889002.412885535974056 ], [ 229945.121796816034475, 889025.512574313674122 ], [ 229939.160560648277169, 889049.311163123231381 ], [ 229935.560699081019266, 889073.579458544962108 ], [ 229934.356880749081029, 889098.083743627299555 ], [ 229935.560699081019266, 889122.588028709637001 ], [ 229939.160560648277169, 889146.856324131367728 ], [ 229945.121796816034475, 889170.654912940924987 ], [ 229953.386997621273622, 889193.754601718625054 ], [ 229963.876564662001329, 889215.932927833753638 ], [ 229976.489477673458168, 889236.976301882183179 ], [ 229991.104267408401938, 889256.682064668159001 ], [ 230007.58018545244704, 889274.860438923933543 ], [ 230025.758559708163375, 889291.336356968036853 ], [ 230045.4643224941683, 889305.951146702980623 ], [ 230066.507696542568738, 889318.564059714437462 ], [ 230088.686022657813737, 889329.053626755136065 ], [ 230111.785711435455596, 889337.318827560404316 ], [ 230135.584300245041959, 889343.280063728103414 ], [ 230159.852595666685374, 889346.879925295361318 ], [ 230184.356880749081029, 889348.083743627299555 ], [ 230208.861165831476683, 889346.879925295361318 ], [ 230233.129461253120098, 889343.280063728103414 ], [ 230256.928050062706461, 889337.318827560404316 ], [ 230280.02773884034832, 889329.053626755136065 ], [ 230302.20606495559332, 889318.564059714437462 ], [ 230323.249439003993757, 889305.951146702980623 ], [ 230342.955201789998682, 889291.336356968036853 ], [ 230361.133576045715017, 889274.860438923933543 ], [ 230377.609494089760119, 889256.682064668159001 ], [ 230392.224283824703889, 889236.976301882183179 ], [ 230404.837196836160729, 889215.932927833753638 ], [ 230415.326763876888435, 889193.754601718625054 ], [ 230423.591964682127582, 889170.654912940924987 ], [ 230429.553200849884888, 889146.856324131367728 ], [ 230433.153062417142792, 889122.588028709637001 ], [ 230434.356880749081029, 889098.083743627299555 ] ] ] } },
{ "type": "Feature", "properties": { "newname": "82_Little House Alternative School", "element": "node" }, "geometry": { "type": "Polygon", "coordinates": [ [ [ 236743.354443753749365, 896507.289905562880449 ], [ 236742.150625421811128, 896482.785620480543002 ], [ 236738.550763854553225, 896458.517325058812276 ], [ 236732.589527686795918, 896434.718736249255016 ], [ 236724.324326881556772, 896411.61904747155495 ], [ 236713.834759840829065, 896389.440721356426366 ], [ 236701.221846829372225, 896368.397347307996824 ], [ 236686.607057094428455, 896348.691584522021003 ], [ 236670.131139050383354, 896330.51321026624646 ], [ 236651.952764794667019, 896314.037292222143151 ], [ 236632.247002008662093, 896299.422502487199381 ], [ 236611.203627960261656, 896286.809589475742541 ], [ 236589.025301845016656, 896276.320022435043938 ], [ 236565.925613067374798, 896268.054821629775688 ], [ 236542.127024257788435, 896262.093585462076589 ], [ 236517.858728836145019, 896258.493723894818686 ], [ 236493.354443753749365, 896257.289905562880449 ], [ 236468.850158671353711, 896258.493723894818686 ], [ 236444.581863249710295, 896262.093585462076589 ], [ 236420.783274440123932, 896268.054821629775688 ], [ 236397.683585662482074, 896276.320022435043938 ], [ 236375.505259547237074, 896286.809589475742541 ], [ 236354.461885498836637, 896299.422502487199381 ], [ 236334.756122712831711, 896314.037292222143151 ], [ 236316.577748457115376, 896330.51321026624646 ], [ 236300.101830413070275, 896348.691584522021003 ], [ 236285.487040678126505, 896368.397347307996824 ], [ 236272.874127666669665, 896389.440721356426366 ], [ 236262.384560625941958, 896411.61904747155495 ], [ 236254.119359820702812, 896434.718736249255016 ], [ 236248.158123652945505, 896458.517325058812276 ], [ 236244.558262085687602, 896482.785620480543002 ], [ 236243.354443753749365, 896507.289905562880449 ], [ 236244.558262085687602, 896531.794190645217896 ], [ 236248.158123652945505, 896556.062486066948622 ], [ 236254.119359820702812, 896579.861074876505882 ], [ 236262.384560625941958, 896602.960763654205948 ], [ 236272.874127666669665, 896625.139089769334532 ], [ 236285.487040678126505, 896646.182463817764074 ], [ 236300.101830413070275, 896665.888226603739895 ], [ 236316.577748457115376, 896684.066600859514438 ], [ 236334.756122712831711, 896700.542518903617747 ], [ 236354.461885498836637, 896715.157308638561517 ], [ 236375.505259547237074, 896727.770221650018357 ], [ 236397.683585662482074, 896738.25978869071696 ], [ 236420.783274440123932, 896746.52498949598521 ], [ 236444.581863249710295, 896752.486225663684309 ], [ 236468.850158671353711, 896756.086087230942212 ], [ 236493.354443753749365, 896757.289905562880449 ], [ 236517.858728836145019, 896756.086087230942212 ], [ 236542.127024257788435, 896752.486225663684309 ], [ 236565.925613067374798, 896746.52498949598521 ], [ 236589.025301845016656, 896738.25978869071696 ], [ 236611.203627960261656, 896727.770221650018357 ], [ 236632.247002008662093, 896715.157308638561517 ], [ 236651.952764794667019, 896700.542518903617747 ], [ 236670.131139050383354, 896684.066600859514438 ], [ 236686.607057094428455, 896665.888226603739895 ], [ 236701.221846829372225, 896646.182463817764074 ], [ 236713.834759840829065, 896625.139089769334532 ], [ 236724.324326881556772, 896602.960763654205948 ], [ 236732.589527686795918, 896579.861074876505882 ], [ 236738.550763854553225, 896556.062486066948622 ], [ 236742.150625421811128, 896531.794190645217896 ], [ 236743.354443753749365, 896507.289905562880449 ] ] ] } },
{ "type": "Feature", "properties": { "newname": "83_Media and Technology Charter School", "element": "node" }, "geometry": { "type": "Polygon", "coordinates": [ [ [ 235536.98087791344733, 898711.572251210571267 ], [ 235535.777059581509093, 898687.06796612823382 ], [ 235532.177198014251189, 898662.799670706503093 ], [ 235526.215961846493883, 898639.001081896945834 ], [ 235517.950761041254736, 898615.901393119245768 ], [ 235507.46119400052703, 898593.723067004117183 ], [ 235494.84828098907019, 898572.679692955687642 ], [ 235480.23349125412642, 898552.973930169711821 ], [ 235463.757573210081318, 898534.795555913937278 ], [ 235445.579198954364983, 898518.319637869833969 ], [ 235425.873436168360058, 898503.704848134890199 ], [ 235404.830062119959621, 898491.091935123433359 ], [ 235382.651736004714621, 898480.602368082734756 ], [ 235359.552047227072762, 898472.337167277466506 ], [ 235335.753458417486399, 898466.375931109767407 ], [ 235311.485162995842984, 898462.776069542509504 ], [ 235286.98087791344733, 898461.572251210571267 ], [ 235262.476592831051676, 898462.776069542509504 ], [ 235238.20829740940826, 898466.375931109767407 ], [ 235214.409708599821897, 898472.337167277466506 ], [ 235191.310019822180038, 898480.602368082734756 ], [ 235169.131693706935039, 898491.091935123433359 ], [ 235148.088319658534601, 898503.704848134890199 ], [ 235128.382556872529676, 898518.319637869833969 ], [ 235110.204182616813341, 898534.795555913937278 ], [ 235093.728264572768239, 898552.973930169711821 ], [ 235079.113474837824469, 898572.679692955687642 ], [ 235066.50056182636763, 898593.723067004117183 ], [ 235056.010994785639923, 898615.901393119245768 ], [ 235047.745793980400776, 898639.001081896945834 ], [ 235041.78455781264347, 898662.799670706503093 ], [ 235038.184696245385567, 898687.06796612823382 ], [ 235036.98087791344733, 898711.572251210571267 ], [ 235038.184696245385567, 898736.076536292908713 ], [ 235041.78455781264347, 898760.34483171463944 ], [ 235047.745793980400776, 898784.143420524196699 ], [ 235056.010994785639923, 898807.243109301896766 ], [ 235066.50056182636763, 898829.42143541702535 ], [ 235079.113474837824469, 898850.464809465454891 ], [ 235093.728264572768239, 898870.170572251430713 ], [ 235110.204182616813341, 898888.348946507205255 ], [ 235128.382556872529676, 898904.824864551308565 ], [ 235148.088319658534601, 898919.439654286252335 ], [ 235169.131693706935039, 898932.052567297709174 ], [ 235191.310019822180038, 898942.542134338407777 ], [ 235214.409708599821897, 898950.807335143676028 ], [ 235238.20829740940826, 898956.768571311375126 ], [ 235262.476592831051676, 898960.36843287863303 ], [ 235286.98087791344733, 898961.572251210571267 ], [ 235311.485162995842984, 898960.36843287863303 ], [ 235335.753458417486399, 898956.768571311375126 ], [ 235359.552047227072762, 898950.807335143676028 ], [ 235382.651736004714621, 898942.542134338407777 ], [ 235404.830062119959621, 898932.052567297709174 ], [ 235425.873436168360058, 898919.439654286252335 ], [ 235445.579198954364983, 898904.824864551308565 ], [ 235463.757573210081318, 898888.348946507205255 ], [ 235480.23349125412642, 898870.170572251430713 ], [ 235494.84828098907019, 898850.464809465454891 ], [ 235507.46119400052703, 898829.42143541702535 ], [ 235517.950761041254736, 898807.243109301896766 ], [ 235526.215961846493883, 898784.143420524196699 ], [ 235532.177198014251189, 898760.34483171463944 ], [ 235535.777059581509093, 898736.076536292908713 ], [ 235536.98087791344733, 898711.572251210571267 ] ] ] } },
{ "type": "Feature", "properties": { "newname": "84_Nativity Preparatory School", "element": "node" }, "geometry": { "type": "Polygon", "coordinates": [ [ [ 234335.723047202132875, 898316.873096411582083 ], [ 234334.519228870194638, 898292.368811329244636 ], [ 234330.919367302936735, 898268.100515907513909 ], [ 234324.958131135179428, 898244.30192709795665 ], [ 234316.692930329940282, 898221.202238320256583 ], [ 234306.203363289212575, 898199.023912205127999 ], [ 234293.590450277755735, 898177.980538156698458 ], [ 234278.975660542811966, 898158.274775370722637 ], [ 234262.499742498766864, 898140.096401114948094 ], [ 234244.321368243050529, 898123.620483070844784 ], [ 234224.615605457045604, 898109.005693335901015 ], [ 234203.572231408645166, 898096.392780324444175 ], [ 234181.393905293400167, 898085.903213283745572 ], [ 234158.294216515758308, 898077.638012478477322 ], [ 234134.495627706171945, 898071.676776310778223 ], [ 234110.227332284528529, 898068.076914743520319 ], [ 234085.723047202132875, 898066.873096411582083 ], [ 234061.218762119737221, 898068.076914743520319 ], [ 234036.950466698093805, 898071.676776310778223 ], [ 234013.151877888507443, 898077.638012478477322 ], [ 233990.052189110865584, 898085.903213283745572 ], [ 233967.873862995620584, 898096.392780324444175 ], [ 233946.830488947220147, 898109.005693335901015 ], [ 233927.124726161215222, 898123.620483070844784 ], [ 233908.946351905498886, 898140.096401114948094 ], [ 233892.470433861453785, 898158.274775370722637 ], [ 233877.855644126510015, 898177.980538156698458 ], [ 233865.242731115053175, 898199.023912205127999 ], [ 233854.753164074325468, 898221.202238320256583 ], [ 233846.487963269086322, 898244.30192709795665 ], [ 233840.526727101329016, 898268.100515907513909 ], [ 233836.926865534071112, 898292.368811329244636 ], [ 233835.723047202132875, 898316.873096411582083 ], [ 233836.926865534071112, 898341.377381493919529 ], [ 233840.526727101329016, 898365.645676915650256 ], [ 233846.487963269086322, 898389.444265725207515 ], [ 233854.753164074325468, 898412.543954502907582 ], [ 233865.242731115053175, 898434.722280618036166 ], [ 233877.855644126510015, 898455.765654666465707 ], [ 233892.470433861453785, 898475.471417452441528 ], [ 233908.946351905498886, 898493.649791708216071 ], [ 233927.124726161215222, 898510.125709752319381 ], [ 233946.830488947220147, 898524.740499487263151 ], [ 233967.873862995620584, 898537.35341249871999 ], [ 233990.052189110865584, 898547.842979539418593 ], [ 234013.151877888507443, 898556.108180344686843 ], [ 234036.950466698093805, 898562.069416512385942 ], [ 234061.218762119737221, 898565.669278079643846 ], [ 234085.723047202132875, 898566.873096411582083 ], [ 234110.227332284528529, 898565.669278079643846 ], [ 234134.495627706171945, 898562.069416512385942 ], [ 234158.294216515758308, 898556.108180344686843 ], [ 234181.393905293400167, 898547.842979539418593 ], [ 234203.572231408645166, 898537.35341249871999 ], [ 234224.615605457045604, 898524.740499487263151 ], [ 234244.321368243050529, 898510.125709752319381 ], [ 234262.499742498766864, 898493.649791708216071 ], [ 234278.975660542811966, 898475.471417452441528 ], [ 234293.590450277755735, 898455.765654666465707 ], [ 234306.203363289212575, 898434.722280618036166 ], [ 234316.692930329940282, 898412.543954502907582 ], [ 234324.958131135179428, 898389.444265725207515 ], [ 234330.919367302936735, 898365.645676915650256 ], [ 234334.519228870194638, 898341.377381493919529 ], [ 234335.723047202132875, 898316.873096411582083 ] ] ] } },
{ "type": "Feature", "properties": { "newname": "85_Neighborhood School", "element": "node" }, "geometry": { "type": "Polygon", "coordinates": [ [ [ 233169.559651068033418, 895678.788107890170068 ], [ 233168.355832736095181, 895654.283822807832621 ], [ 233164.755971168837277, 895630.015527386101894 ], [ 233158.794735001079971, 895606.216938576544635 ], [ 233150.529534195840824, 895583.117249798844568 ], [ 233140.039967155113118, 895560.938923683715984 ], [ 233127.427054143656278, 895539.895549635286443 ], [ 233112.812264408712508, 895520.189786849310622 ], [ 233096.336346364667406, 895502.011412593536079 ], [ 233078.157972108951071, 895485.535494549432769 ], [ 233058.452209322946146, 895470.920704814489 ], [ 233037.408835274545709, 895458.30779180303216 ], [ 233015.230509159300709, 895447.818224762333557 ], [ 232992.13082038165885, 895439.553023957065307 ], [ 232968.332231572072487, 895433.591787789366208 ], [ 232944.063936150429072, 895429.991926222108305 ], [ 232919.559651068033418, 895428.788107890170068 ], [ 232895.055365985637764, 895429.991926222108305 ], [ 232870.787070563994348, 895433.591787789366208 ], [ 232846.988481754407985, 895439.553023957065307 ], [ 232823.888792976766126, 895447.818224762333557 ], [ 232801.710466861521127, 895458.30779180303216 ], [ 232780.667092813120689, 895470.920704814489 ], [ 232760.961330027115764, 895485.535494549432769 ], [ 232742.782955771399429, 895502.011412593536079 ], [ 232726.307037727354327, 895520.189786849310622 ], [ 232711.692247992410557, 895539.895549635286443 ], [ 232699.079334980953718, 895560.938923683715984 ], [ 232688.589767940226011, 895583.117249798844568 ], [ 232680.324567134986864, 895606.216938576544635 ], [ 232674.363330967229558, 895630.015527386101894 ], [ 232670.763469399971655, 895654.283822807832621 ], [ 232669.559651068033418, 895678.788107890170068 ], [ 232670.763469399971655, 895703.292392972507514 ], [ 232674.363330967229558, 895727.560688394238241 ], [ 232680.324567134986864, 895751.3592772037955 ], [ 232688.589767940226011, 895774.458965981495567 ], [ 232699.079334980953718, 895796.637292096624151 ], [ 232711.692247992410557, 895817.680666145053692 ], [ 232726.307037727354327, 895837.386428931029513 ], [ 232742.782955771399429, 895855.564803186804056 ], [ 232760.961330027115764, 895872.040721230907366 ], [ 232780.667092813120689, 895886.655510965851136 ], [ 232801.710466861521127, 895899.268423977307975 ], [ 232823.888792976766126, 895909.757991018006578 ], [ 232846.988481754407985, 895918.023191823274828 ], [ 232870.787070563994348, 895923.984427990973927 ], [ 232895.055365985637764, 895927.584289558231831 ], [ 232919.559651068033418, 895928.788107890170068 ], [ 232944.063936150429072, 895927.584289558231831 ], [ 232968.332231572072487, 895923.984427990973927 ], [ 232992.13082038165885, 895918.023191823274828 ], [ 233015.230509159300709, 895909.757991018006578 ], [ 233037.408835274545709, 895899.268423977307975 ], [ 233058.452209322946146, 895886.655510965851136 ], [ 233078.157972108951071, 895872.040721230907366 ], [ 233096.336346364667406, 895855.564803186804056 ], [ 233112.812264408712508, 895837.386428931029513 ], [ 233127.427054143656278, 895817.680666145053692 ], [ 233140.039967155113118, 895796.637292096624151 ], [ 233150.529534195840824, 895774.458965981495567 ], [ 233158.794735001079971, 895751.3592772037955 ], [ 233164.755971168837277, 895727.560688394238241 ], [ 233168.355832736095181, 895703.292392972507514 ], [ 233169.559651068033418, 895678.788107890170068 ] ] ] } },
{ "type": "Feature", "properties": { "newname": "86_Roxbury Charter High School", "element": "node" }, "geometry": { "type": "Polygon", "coordinates": [ [ [ 234234.493939514562953, 897094.532477050321177 ], [ 234233.290121182624716, 897070.02819196798373 ], [ 234229.690259615366813, 897045.759896546253003 ], [ 234223.729023447609507, 897021.961307736695744 ], [ 234215.46382264237036, 896998.861618958995678 ], [ 234204.974255601642653, 896976.683292843867093 ], [ 234192.361342590185814, 896955.639918795437552 ], [ 234177.746552855242044, 896935.934156009461731 ], [ 234161.270634811196942, 896917.755781753687188 ], [ 234143.092260555480607, 896901.279863709583879 ], [ 234123.386497769475682, 896886.665073974640109 ], [ 234102.343123721075244, 896874.052160963183269 ], [ 234080.164797605830245, 896863.562593922484666 ], [ 234057.065108828188386, 896855.297393117216416 ], [ 234033.266520018602023, 896849.336156949517317 ], [ 234008.998224596958607, 896845.736295382259414 ], [ 233984.493939514562953, 896844.532477050321177 ], [ 233959.989654432167299, 896845.736295382259414 ], [ 233935.721359010523884, 896849.336156949517317 ], [ 233911.922770200937521, 896855.297393117216416 ], [ 233888.823081423295662, 896863.562593922484666 ], [ 233866.644755308050662, 896874.052160963183269 ], [ 233845.601381259650225, 896886.665073974640109 ], [ 233825.8956184736453, 896901.279863709583879 ], [ 233807.717244217928965, 896917.755781753687188 ], [ 233791.241326173883863, 896935.934156009461731 ], [ 233776.626536438940093, 896955.639918795437552 ], [ 233764.013623427483253, 896976.683292843867093 ], [ 233753.524056386755547, 896998.861618958995678 ], [ 233745.2588555815164, 897021.961307736695744 ], [ 233739.297619413759094, 897045.759896546253003 ], [ 233735.69775784650119, 897070.02819196798373 ], [ 233734.493939514562953, 897094.532477050321177 ], [ 233735.69775784650119, 897119.036762132658623 ], [ 233739.297619413759094, 897143.30505755438935 ], [ 233745.2588555815164, 897167.103646363946609 ], [ 233753.524056386755547, 897190.203335141646676 ], [ 233764.013623427483253, 897212.38166125677526 ], [ 233776.626536438940093, 897233.425035305204801 ], [ 233791.241326173883863, 897253.130798091180623 ], [ 233807.717244217928965, 897271.309172346955165 ], [ 233825.8956184736453, 897287.785090391058475 ], [ 233845.601381259650225, 897302.399880126002245 ], [ 233866.644755308050662, 897315.012793137459084 ], [ 233888.823081423295662, 897325.502360178157687 ], [ 233911.922770200937521, 897333.767560983425938 ], [ 233935.721359010523884, 897339.728797151125036 ], [ 233959.989654432167299, 897343.32865871838294 ], [ 233984.493939514562953, 897344.532477050321177 ], [ 234008.998224596958607, 897343.32865871838294 ], [ 234033.266520018602023, 897339.728797151125036 ], [ 234057.065108828188386, 897333.767560983425938 ], [ 234080.164797605830245, 897325.502360178157687 ], [ 234102.343123721075244, 897315.012793137459084 ], [ 234123.386497769475682, 897302.399880126002245 ], [ 234143.092260555480607, 897287.785090391058475 ], [ 234161.270634811196942, 897271.309172346955165 ], [ 234177.746552855242044, 897253.130798091180623 ], [ 234192.361342590185814, 897233.425035305204801 ], [ 234204.974255601642653, 897212.38166125677526 ], [ 234215.46382264237036, 897190.203335141646676 ], [ 234223.729023447609507, 897167.103646363946609 ], [ 234229.690259615366813, 897143.30505755438935 ], [ 234233.290121182624716, 897119.036762132658623 ], [ 234234.493939514562953, 897094.532477050321177 ] ] ] } },
{ "type": "Feature", "properties": { "newname": "87_Saint Kevin Elementary School", "element": "node" }, "geometry": { "type": "Polygon", "coordinates": [ [ [ 235920.772378709370969, 896158.729473224608228 ], [ 235919.568560377432732, 896134.225188142270781 ], [ 235915.968698810174828, 896109.956892720540054 ], [ 235910.007462642417522, 896086.158303910982795 ], [ 235901.742261837178376, 896063.058615133282728 ], [ 235891.252694796450669, 896040.880289018154144 ], [ 235878.639781784993829, 896019.836914969724603 ], [ 235864.024992050050059, 896000.131152183748782 ], [ 235847.549074006004957, 895981.952777927974239 ], [ 235829.370699750288622, 895965.476859883870929 ], [ 235809.664936964283697, 895950.86207014892716 ], [ 235788.62156291588326, 895938.24915713747032 ], [ 235766.44323680063826, 895927.759590096771717 ], [ 235743.343548022996401, 895919.494389291503467 ], [ 235719.544959213410039, 895913.533153123804368 ], [ 235695.276663791766623, 895909.933291556546465 ], [ 235670.772378709370969, 895908.729473224608228 ], [ 235646.268093626975315, 895909.933291556546465 ], [ 235621.999798205331899, 895913.533153123804368 ], [ 235598.201209395745536, 895919.494389291503467 ], [ 235575.101520618103677, 895927.759590096771717 ], [ 235552.923194502858678, 895938.24915713747032 ], [ 235531.87982045445824, 895950.86207014892716 ], [ 235512.174057668453315, 895965.476859883870929 ], [ 235493.99568341273698, 895981.952777927974239 ], [ 235477.519765368691878, 896000.131152183748782 ], [ 235462.904975633748109, 896019.836914969724603 ], [ 235450.292062622291269, 896040.880289018154144 ], [ 235439.802495581563562, 896063.058615133282728 ], [ 235431.537294776324416, 896086.158303910982795 ], [ 235425.576058608567109, 896109.956892720540054 ], [ 235421.976197041309206, 896134.225188142270781 ], [ 235420.772378709370969, 896158.729473224608228 ], [ 235421.976197041309206, 896183.233758306945674 ], [ 235425.576058608567109, 896207.502053728676401 ], [ 235431.537294776324416, 896231.30064253823366 ], [ 235439.802495581563562, 896254.400331315933727 ], [ 235450.292062622291269, 896276.578657431062311 ], [ 235462.904975633748109, 896297.622031479491852 ], [ 235477.519765368691878, 896317.327794265467674 ], [ 235493.99568341273698, 896335.506168521242216 ], [ 235512.174057668453315, 896351.982086565345526 ], [ 235531.87982045445824, 896366.596876300289296 ], [ 235552.923194502858678, 896379.209789311746135 ], [ 235575.101520618103677, 896389.699356352444738 ], [ 235598.201209395745536, 896397.964557157712989 ], [ 235621.999798205331899, 896403.925793325412087 ], [ 235646.268093626975315, 896407.525654892669991 ], [ 235670.772378709370969, 896408.729473224608228 ], [ 235695.276663791766623, 896407.525654892669991 ], [ 235719.544959213410039, 896403.925793325412087 ], [ 235743.343548022996401, 896397.964557157712989 ], [ 235766.44323680063826, 896389.699356352444738 ], [ 235788.62156291588326, 896379.209789311746135 ], [ 235809.664936964283697, 896366.596876300289296 ], [ 235829.370699750288622, 896351.982086565345526 ], [ 235847.549074006004957, 896335.506168521242216 ], [ 235864.024992050050059, 896317.327794265467674 ], [ 235878.639781784993829, 896297.622031479491852 ], [ 235891.252694796450669, 896276.578657431062311 ], [ 235901.742261837178376, 896254.400331315933727 ], [ 235910.007462642417522, 896231.30064253823366 ], [ 235915.968698810174828, 896207.502053728676401 ], [ 235919.568560377432732, 896183.233758306945674 ], [ 235920.772378709370969, 896158.729473224608228 ] ] ] } },
{ "type": "Feature", "properties": { "newname": "88_Academy of the Pacific Rim Charter School", "element": "node" }, "geometry": { "type": "Polygon", "coordinates": [ [ [ 232701.83144042553613, 896987.321612955420278 ], [ 232700.627622093597893, 896962.817327873082832 ], [ 232697.027760526339989, 896938.549032451352105 ], [ 232691.066524358582683, 896914.750443641794845 ], [ 232682.801323553343536, 896891.650754864094779 ], [ 232672.31175651261583, 896869.472428748966195 ], [ 232659.69884350115899, 896848.429054700536653 ], [ 232645.08405376621522, 896828.723291914560832 ], [ 232628.608135722170118, 896810.544917658786289 ], [ 232610.429761466453783, 896794.06899961468298 ], [ 232590.723998680448858, 896779.45420987973921 ], [ 232569.680624632048421, 896766.84129686828237 ], [ 232547.502298516803421, 896756.351729827583767 ], [ 232524.402609739161562, 896748.086529022315517 ], [ 232500.604020929575199, 896742.125292854616418 ], [ 232476.335725507931784, 896738.525431287358515 ], [ 232451.83144042553613, 896737.321612955420278 ], [ 232427.327155343140475, 896738.525431287358515 ], [ 232403.05885992149706, 896742.125292854616418 ], [ 232379.260271111910697, 896748.086529022315517 ], [ 232356.160582334268838, 896756.351729827583767 ], [ 232333.982256219023839, 896766.84129686828237 ], [ 232312.938882170623401, 896779.45420987973921 ], [ 232293.233119384618476, 896794.06899961468298 ], [ 232275.054745128902141, 896810.544917658786289 ], [ 232258.578827084857039, 896828.723291914560832 ], [ 232243.964037349913269, 896848.429054700536653 ], [ 232231.35112433845643, 896869.472428748966195 ], [ 232220.861557297728723, 896891.650754864094779 ], [ 232212.596356492489576, 896914.750443641794845 ], [ 232206.63512032473227, 896938.549032451352105 ], [ 232203.035258757474367, 896962.817327873082832 ], [ 232201.83144042553613, 896987.321612955420278 ], [ 232203.035258757474367, 897011.825898037757725 ], [ 232206.63512032473227, 897036.094193459488451 ], [ 232212.596356492489576, 897059.892782269045711 ], [ 232220.861557297728723, 897082.992471046745777 ], [ 232231.35112433845643, 897105.170797161874361 ], [ 232243.964037349913269, 897126.214171210303903 ], [ 232258.578827084857039, 897145.919933996279724 ], [ 232275.054745128902141, 897164.098308252054267 ], [ 232293.233119384618476, 897180.574226296157576 ], [ 232312.938882170623401, 897195.189016031101346 ], [ 232333.982256219023839, 897207.801929042558186 ], [ 232356.160582334268838, 897218.291496083256789 ], [ 232379.260271111910697, 897226.556696888525039 ], [ 232403.05885992149706, 897232.517933056224138 ], [ 232427.327155343140475, 897236.117794623482041 ], [ 232451.83144042553613, 897237.321612955420278 ], [ 232476.335725507931784, 897236.117794623482041 ], [ 232500.604020929575199, 897232.517933056224138 ], [ 232524.402609739161562, 897226.556696888525039 ], [ 232547.502298516803421, 897218.291496083256789 ], [ 232569.680624632048421, 897207.801929042558186 ], [ 232590.723998680448858, 897195.189016031101346 ], [ 232610.429761466453783, 897180.574226296157576 ], [ 232628.608135722170118, 897164.098308252054267 ], [ 232645.08405376621522, 897145.919933996279724 ], [ 232659.69884350115899, 897126.214171210303903 ], [ 232672.31175651261583, 897105.170797161874361 ], [ 232682.801323553343536, 897082.992471046745777 ], [ 232691.066524358582683, 897059.892782269045711 ], [ 232697.027760526339989, 897036.094193459488451 ], [ 232700.627622093597893, 897011.825898037757725 ], [ 232701.83144042553613, 896987.321612955420278 ] ] ] } },
{ "type": "Feature", "properties": { "newname": "89_Blue Hill Avenue Early Childhood Learning Center", "element": "node" }, "geometry": { "type": "Polygon", "coordinates": [ [ [ 234956.204957922513131, 896165.010120673803613 ], [ 234955.001139590574894, 896140.505835591466166 ], [ 234951.401278023316991, 896116.237540169735439 ], [ 234945.440041855559684, 896092.43895136017818 ], [ 234937.174841050320538, 896069.339262582478113 ], [ 234926.685274009592831, 896047.160936467349529 ], [ 234914.072360998135991, 896026.117562418919988 ], [ 234899.457571263192222, 896006.411799632944167 ], [ 234882.98165321914712, 895988.233425377169624 ], [ 234864.803278963430785, 895971.757507333066314 ], [ 234845.097516177425859, 895957.142717598122545 ], [ 234824.054142129025422, 895944.529804586665705 ], [ 234801.875816013780423, 895934.040237545967102 ], [ 234778.776127236138564, 895925.775036740698852 ], [ 234754.977538426552201, 895919.813800572999753 ], [ 234730.709243004908785, 895916.21393900574185 ], [ 234706.204957922513131, 895915.010120673803613 ], [ 234681.700672840117477, 895916.21393900574185 ], [ 234657.432377418474061, 895919.813800572999753 ], [ 234633.633788608887699, 895925.775036740698852 ], [ 234610.53409983124584, 895934.040237545967102 ], [ 234588.35577371600084, 895944.529804586665705 ], [ 234567.312399667600403, 895957.142717598122545 ], [ 234547.606636881595477, 895971.757507333066314 ], [ 234529.428262625879142, 895988.233425377169624 ], [ 234512.952344581834041, 896006.411799632944167 ], [ 234498.337554846890271, 896026.117562418919988 ], [ 234485.724641835433431, 896047.160936467349529 ], [ 234475.235074794705724, 896069.339262582478113 ], [ 234466.969873989466578, 896092.43895136017818 ], [ 234461.008637821709272, 896116.237540169735439 ], [ 234457.408776254451368, 896140.505835591466166 ], [ 234456.204957922513131, 896165.010120673803613 ], [ 234457.408776254451368, 896189.514405756141059 ], [ 234461.008637821709272, 896213.782701177871786 ], [ 234466.969873989466578, 896237.581289987429045 ], [ 234475.235074794705724, 896260.680978765129112 ], [ 234485.724641835433431, 896282.859304880257696 ], [ 234498.337554846890271, 896303.902678928687237 ], [ 234512.952344581834041, 896323.608441714663059 ], [ 234529.428262625879142, 896341.786815970437601 ], [ 234547.606636881595477, 896358.262734014540911 ], [ 234567.312399667600403, 896372.877523749484681 ], [ 234588.35577371600084, 896385.49043676094152 ], [ 234610.53409983124584, 896395.980003801640123 ], [ 234633.633788608887699, 896404.245204606908374 ], [ 234657.432377418474061, 896410.206440774607472 ], [ 234681.700672840117477, 896413.806302341865376 ], [ 234706.204957922513131, 896415.010120673803613 ], [ 234730.709243004908785, 896413.806302341865376 ], [ 234754.977538426552201, 896410.206440774607472 ], [ 234778.776127236138564, 896404.245204606908374 ], [ 234801.875816013780423, 896395.980003801640123 ], [ 234824.054142129025422, 896385.49043676094152 ], [ 234845.097516177425859, 896372.877523749484681 ], [ 234864.803278963430785, 896358.262734014540911 ], [ 234882.98165321914712, 896341.786815970437601 ], [ 234899.457571263192222, 896323.608441714663059 ], [ 234914.072360998135991, 896303.902678928687237 ], [ 234926.685274009592831, 896282.859304880257696 ], [ 234937.174841050320538, 896260.680978765129112 ], [ 234945.440041855559684, 896237.581289987429045 ], [ 234951.401278023316991, 896213.782701177871786 ], [ 234955.001139590574894, 896189.514405756141059 ], [ 234956.204957922513131, 896165.010120673803613 ] ] ] } },
{ "type": "Feature", "properties": { "newname": "90_Boston Evening Academy HMCS School", "element": "node" }, "geometry": { "type": "Polygon", "coordinates": [ [ [ 231502.424225724302232, 900244.028621347737499 ], [ 231501.220407392363995, 900219.524336265400052 ], [ 231497.620545825106092, 900195.256040843669325 ], [ 231491.659309657348786, 900171.457452034112066 ], [ 231483.394108852109639, 900148.357763256411999 ], [ 231472.904541811381932, 900126.179437141283415 ], [ 231460.291628799925093, 900105.136063092853874 ], [ 231445.676839064981323, 900085.430300306878053 ], [ 231429.200921020936221, 900067.25192605110351 ], [ 231411.022546765219886, 900050.7760080070002 ], [ 231391.316783979214961, 900036.161218272056431 ], [ 231370.273409930814523, 900023.548305260599591 ], [ 231348.095083815569524, 900013.058738219900988 ], [ 231324.995395037927665, 900004.793537414632738 ], [ 231301.196806228341302, 899998.832301246933639 ], [ 231276.928510806697886, 899995.232439679675736 ], [ 231252.424225724302232, 899994.028621347737499 ], [ 231227.919940641906578, 899995.232439679675736 ], [ 231203.651645220263163, 899998.832301246933639 ], [ 231179.8530564106768, 900004.793537414632738 ], [ 231156.753367633034941, 900013.058738219900988 ], [ 231134.575041517789941, 900023.548305260599591 ], [ 231113.531667469389504, 900036.161218272056431 ], [ 231093.825904683384579, 900050.7760080070002 ], [ 231075.647530427668244, 900067.25192605110351 ], [ 231059.171612383623142, 900085.430300306878053 ], [ 231044.556822648679372, 900105.136063092853874 ], [ 231031.943909637222532, 900126.179437141283415 ], [ 231021.454342596494826, 900148.357763256411999 ], [ 231013.189141791255679, 900171.457452034112066 ], [ 231007.227905623498373, 900195.256040843669325 ], [ 231003.628044056240469, 900219.524336265400052 ], [ 231002.424225724302232, 900244.028621347737499 ], [ 231003.628044056240469, 900268.532906430074945 ], [ 231007.227905623498373, 900292.801201851805672 ], [ 231013.189141791255679, 900316.599790661362931 ], [ 231021.454342596494826, 900339.699479439062998 ], [ 231031.943909637222532, 900361.877805554191582 ], [ 231044.556822648679372, 900382.921179602621123 ], [ 231059.171612383623142, 900402.626942388596945 ], [ 231075.647530427668244, 900420.805316644371487 ], [ 231093.825904683384579, 900437.281234688474797 ], [ 231113.531667469389504, 900451.896024423418567 ], [ 231134.575041517789941, 900464.508937434875406 ], [ 231156.753367633034941, 900474.998504475574009 ], [ 231179.8530564106768, 900483.26370528084226 ], [ 231203.651645220263163, 900489.224941448541358 ], [ 231227.919940641906578, 900492.824803015799262 ], [ 231252.424225724302232, 900494.028621347737499 ], [ 231276.928510806697886, 900492.824803015799262 ], [ 231301.196806228341302, 900489.224941448541358 ], [ 231324.995395037927665, 900483.26370528084226 ], [ 231348.095083815569524, 900474.998504475574009 ], [ 231370.273409930814523, 900464.508937434875406 ], [ 231391.316783979214961, 900451.896024423418567 ], [ 231411.022546765219886, 900437.281234688474797 ], [ 231429.200921020936221, 900420.805316644371487 ], [ 231445.676839064981323, 900402.626942388596945 ], [ 231460.291628799925093, 900382.921179602621123 ], [ 231472.904541811381932, 900361.877805554191582 ], [ 231483.394108852109639, 900339.699479439062998 ], [ 231491.659309657348786, 900316.599790661362931 ], [ 231497.620545825106092, 900292.801201851805672 ], [ 231501.220407392363995, 900268.532906430074945 ], [ 231502.424225724302232, 900244.028621347737499 ] ] ] } },
{ "type": "Feature", "properties": { "newname": "91_Boston Middle School Academy", "element": "node" }, "geometry": { "type": "Polygon", "coordinates": [ [ [ 234427.868056989711476, 894618.45409883686807 ], [ 234426.66423865777324, 894593.949813754530624 ], [ 234423.064377090515336, 894569.681518332799897 ], [ 234417.10314092275803, 894545.882929523242638 ], [ 234408.837940117518883, 894522.783240745542571 ], [ 234398.348373076791177, 894500.604914630413987 ], [ 234385.735460065334337, 894479.561540581984445 ], [ 234371.120670330390567, 894459.855777796008624 ], [ 234354.644752286345465, 894441.677403540234081 ], [ 234336.46637803062913, 894425.201485496130772 ], [ 234316.760615244624205, 894410.586695761187002 ], [ 234295.717241196223767, 894397.973782749730162 ], [ 234273.538915080978768, 894387.48421570903156 ], [ 234250.439226303336909, 894379.219014903763309 ], [ 234226.640637493750546, 894373.257778736064211 ], [ 234202.372342072107131, 894369.657917168806307 ], [ 234177.868056989711476, 894368.45409883686807 ], [ 234153.363771907315822, 894369.657917168806307 ], [ 234129.095476485672407, 894373.257778736064211 ], [ 234105.296887676086044, 894379.219014903763309 ], [ 234082.197198898444185, 894387.48421570903156 ], [ 234060.018872783199186, 894397.973782749730162 ], [ 234038.975498734798748, 894410.586695761187002 ], [ 234019.269735948793823, 894425.201485496130772 ], [ 234001.091361693077488, 894441.677403540234081 ], [ 233984.615443649032386, 894459.855777796008624 ], [ 233970.000653914088616, 894479.561540581984445 ], [ 233957.387740902631776, 894500.604914630413987 ], [ 233946.89817386190407, 894522.783240745542571 ], [ 233938.632973056664923, 894545.882929523242638 ], [ 233932.671736888907617, 894569.681518332799897 ], [ 233929.071875321649713, 894593.949813754530624 ], [ 233927.868056989711476, 894618.45409883686807 ], [ 233929.071875321649713, 894642.958383919205517 ], [ 233932.671736888907617, 894667.226679340936244 ], [ 233938.632973056664923, 894691.025268150493503 ], [ 233946.89817386190407, 894714.124956928193569 ], [ 233957.387740902631776, 894736.303283043322153 ], [ 233970.000653914088616, 894757.346657091751695 ], [ 233984.615443649032386, 894777.052419877727516 ], [ 234001.091361693077488, 894795.230794133502059 ], [ 234019.269735948793823, 894811.706712177605368 ], [ 234038.975498734798748, 894826.321501912549138 ], [ 234060.018872783199186, 894838.934414924005978 ], [ 234082.197198898444185, 894849.423981964704581 ], [ 234105.296887676086044, 894857.689182769972831 ], [ 234129.095476485672407, 894863.65041893767193 ], [ 234153.363771907315822, 894867.250280504929833 ], [ 234177.868056989711476, 894868.45409883686807 ], [ 234202.372342072107131, 894867.250280504929833 ], [ 234226.640637493750546, 894863.65041893767193 ], [ 234250.439226303336909, 894857.689182769972831 ], [ 234273.538915080978768, 894849.423981964704581 ], [ 234295.717241196223767, 894838.934414924005978 ], [ 234316.760615244624205, 894826.321501912549138 ], [ 234336.46637803062913, 894811.706712177605368 ], [ 234354.644752286345465, 894795.230794133502059 ], [ 234371.120670330390567, 894777.052419877727516 ], [ 234385.735460065334337, 894757.346657091751695 ], [ 234398.348373076791177, 894736.303283043322153 ], [ 234408.837940117518883, 894714.124956928193569 ], [ 234417.10314092275803, 894691.025268150493503 ], [ 234423.064377090515336, 894667.226679340936244 ], [ 234426.66423865777324, 894642.958383919205517 ], [ 234427.868056989711476, 894618.45409883686807 ] ] ] } },
{ "type": "Feature", "properties": { "newname": "92_Boston Renaissance Charter School", "element": "node" }, "geometry": { "type": "Polygon", "coordinates": [ [ [ 235752.690066980896518, 900056.699818702298217 ], [ 235751.486248648958281, 900032.19553361996077 ], [ 235747.886387081700377, 900007.927238198230043 ], [ 235741.925150913943071, 899984.128649388672784 ], [ 235733.659950108703924, 899961.028960610972717 ], [ 235723.170383067976218, 899938.850634495844133 ], [ 235710.557470056519378, 899917.807260447414592 ], [ 235695.942680321575608, 899898.101497661438771 ], [ 235679.466762277530506, 899879.923123405664228 ], [ 235661.288388021814171, 899863.447205361560918 ], [ 235641.582625235809246, 899848.832415626617149 ], [ 235620.539251187408809, 899836.219502615160309 ], [ 235598.360925072163809, 899825.729935574461706 ], [ 235575.26123629452195, 899817.464734769193456 ], [ 235551.462647484935587, 899811.503498601494357 ], [ 235527.194352063292172, 899807.903637034236453 ], [ 235502.690066980896518, 899806.699818702298217 ], [ 235478.185781898500863, 899807.903637034236453 ], [ 235453.917486476857448, 899811.503498601494357 ], [ 235430.118897667271085, 899817.464734769193456 ], [ 235407.019208889629226, 899825.729935574461706 ], [ 235384.840882774384227, 899836.219502615160309 ], [ 235363.797508725983789, 899848.832415626617149 ], [ 235344.091745939978864, 899863.447205361560918 ], [ 235325.913371684262529, 899879.923123405664228 ], [ 235309.437453640217427, 899898.101497661438771 ], [ 235294.822663905273657, 899917.807260447414592 ], [ 235282.209750893816818, 899938.850634495844133 ], [ 235271.720183853089111, 899961.028960610972717 ], [ 235263.454983047849964, 899984.128649388672784 ], [ 235257.493746880092658, 900007.927238198230043 ], [ 235253.893885312834755, 900032.19553361996077 ], [ 235252.690066980896518, 900056.699818702298217 ], [ 235253.893885312834755, 900081.204103784635663 ], [ 235257.493746880092658, 900105.47239920636639 ], [ 235263.454983047849964, 900129.270988015923649 ], [ 235271.720183853089111, 900152.370676793623716 ], [ 235282.209750893816818, 900174.5490029087523 ], [ 235294.822663905273657, 900195.592376957181841 ], [ 235309.437453640217427, 900215.298139743157662 ], [ 235325.913371684262529, 900233.476513998932205 ], [ 235344.091745939978864, 900249.952432043035515 ], [ 235363.797508725983789, 900264.567221777979285 ], [ 235384.840882774384227, 900277.180134789436124 ], [ 235407.019208889629226, 900287.669701830134727 ], [ 235430.118897667271085, 900295.934902635402977 ], [ 235453.917486476857448, 900301.896138803102076 ], [ 235478.185781898500863, 900305.49600037035998 ], [ 235502.690066980896518, 900306.699818702298217 ], [ 235527.194352063292172, 900305.49600037035998 ], [ 235551.462647484935587, 900301.896138803102076 ], [ 235575.26123629452195, 900295.934902635402977 ], [ 235598.360925072163809, 900287.669701830134727 ], [ 235620.539251187408809, 900277.180134789436124 ], [ 235641.582625235809246, 900264.567221777979285 ], [ 235661.288388021814171, 900249.952432043035515 ], [ 235679.466762277530506, 900233.476513998932205 ], [ 235695.942680321575608, 900215.298139743157662 ], [ 235710.557470056519378, 900195.592376957181841 ], [ 235723.170383067976218, 900174.5490029087523 ], [ 235733.659950108703924, 900152.370676793623716 ], [ 235741.925150913943071, 900129.270988015923649 ], [ 235747.886387081700377, 900105.47239920636639 ], [ 235751.486248648958281, 900081.204103784635663 ], [ 235752.690066980896518, 900056.699818702298217 ] ] ] } },
{ "type": "Feature", "properties": { "newname": "93_City on a Hill Charter School", "element": "node" }, "geometry": { "type": "Polygon", "coordinates": [ [ [ 232239.48077884799568, 897151.818285150337033 ], [ 232238.276960516057443, 897127.314000067999586 ], [ 232234.677098948799539, 897103.04570464626886 ], [ 232228.715862781042233, 897079.2471158367116 ], [ 232220.450661975803087, 897056.147427059011534 ], [ 232209.96109493507538, 897033.96910094388295 ], [ 232197.34818192361854, 897012.925726895453408 ], [ 232182.73339218867477, 896993.219964109477587 ], [ 232166.257474144629668, 896975.041589853703044 ], [ 232148.079099888913333, 896958.565671809599735 ], [ 232128.373337102908408, 896943.950882074655965 ], [ 232107.329963054507971, 896931.337969063199125 ], [ 232085.151636939262971, 896920.848402022500522 ], [ 232062.051948161621112, 896912.583201217232272 ], [ 232038.253359352034749, 896906.621965049533173 ], [ 232013.985063930391334, 896903.02210348227527 ], [ 231989.48077884799568, 896901.818285150337033 ], [ 231964.976493765600026, 896903.02210348227527 ], [ 231940.70819834395661, 896906.621965049533173 ], [ 231916.909609534370247, 896912.583201217232272 ], [ 231893.809920756728388, 896920.848402022500522 ], [ 231871.631594641483389, 896931.337969063199125 ], [ 231850.588220593082951, 896943.950882074655965 ], [ 231830.882457807078026, 896958.565671809599735 ], [ 231812.704083551361691, 896975.041589853703044 ], [ 231796.228165507316589, 896993.219964109477587 ], [ 231781.613375772372819, 897012.925726895453408 ], [ 231769.00046276091598, 897033.96910094388295 ], [ 231758.510895720188273, 897056.147427059011534 ], [ 231750.245694914949127, 897079.2471158367116 ], [ 231744.28445874719182, 897103.04570464626886 ], [ 231740.684597179933917, 897127.314000067999586 ], [ 231739.48077884799568, 897151.818285150337033 ], [ 231740.684597179933917, 897176.322570232674479 ], [ 231744.28445874719182, 897200.590865654405206 ], [ 231750.245694914949127, 897224.389454463962466 ], [ 231758.510895720188273, 897247.489143241662532 ], [ 231769.00046276091598, 897269.667469356791116 ], [ 231781.613375772372819, 897290.710843405220658 ], [ 231796.228165507316589, 897310.416606191196479 ], [ 231812.704083551361691, 897328.594980446971022 ], [ 231830.882457807078026, 897345.070898491074331 ], [ 231850.588220593082951, 897359.685688226018101 ], [ 231871.631594641483389, 897372.298601237474941 ], [ 231893.809920756728388, 897382.788168278173544 ], [ 231916.909609534370247, 897391.053369083441794 ], [ 231940.70819834395661, 897397.014605251140893 ], [ 231964.976493765600026, 897400.614466818398796 ], [ 231989.48077884799568, 897401.818285150337033 ], [ 232013.985063930391334, 897400.614466818398796 ], [ 232038.253359352034749, 897397.014605251140893 ], [ 232062.051948161621112, 897391.053369083441794 ], [ 232085.151636939262971, 897382.788168278173544 ], [ 232107.329963054507971, 897372.298601237474941 ], [ 232128.373337102908408, 897359.685688226018101 ], [ 232148.079099888913333, 897345.070898491074331 ], [ 232166.257474144629668, 897328.594980446971022 ], [ 232182.73339218867477, 897310.416606191196479 ], [ 232197.34818192361854, 897290.710843405220658 ], [ 232209.96109493507538, 897269.667469356791116 ], [ 232220.450661975803087, 897247.489143241662532 ], [ 232228.715862781042233, 897224.389454463962466 ], [ 232234.677098948799539, 897200.590865654405206 ], [ 232238.276960516057443, 897176.322570232674479 ], [ 232239.48077884799568, 897151.818285150337033 ] ] ] } },
{ "type": "Feature", "properties": { "newname": "94_Codman Academy Charter Public School - Lower Middle School", "element": "node" }, "geometry": { "type": "Polygon", "coordinates": [ [ [ 235605.811497764952946, 893352.849363102926873 ], [ 235604.60767943301471, 893328.345078020589426 ], [ 235601.007817865756806, 893304.076782598858699 ], [ 235595.0465816979995, 893280.27819378930144 ], [ 235586.781380892760353, 893257.178505011601374 ], [ 235576.291813852032647, 893235.000178896472789 ], [ 235563.678900840575807, 893213.956804848043248 ], [ 235549.064111105632037, 893194.251042062067427 ], [ 235532.588193061586935, 893176.072667806292884 ], [ 235514.4098188058706, 893159.596749762189575 ], [ 235494.704056019865675, 893144.981960027245805 ], [ 235473.660681971465237, 893132.369047015788965 ], [ 235451.482355856220238, 893121.879479975090362 ], [ 235428.382667078578379, 893113.614279169822112 ], [ 235404.584078268992016, 893107.653043002123013 ], [ 235380.315782847348601, 893104.05318143486511 ], [ 235355.811497764952946, 893102.849363102926873 ], [ 235331.307212682557292, 893104.05318143486511 ], [ 235307.038917260913877, 893107.653043002123013 ], [ 235283.240328451327514, 893113.614279169822112 ], [ 235260.140639673685655, 893121.879479975090362 ], [ 235237.962313558440655, 893132.369047015788965 ], [ 235216.918939510040218, 893144.981960027245805 ], [ 235197.213176724035293, 893159.596749762189575 ], [ 235179.034802468318958, 893176.072667806292884 ], [ 235162.558884424273856, 893194.251042062067427 ], [ 235147.944094689330086, 893213.956804848043248 ], [ 235135.331181677873246, 893235.000178896472789 ], [ 235124.84161463714554, 893257.178505011601374 ], [ 235116.576413831906393, 893280.27819378930144 ], [ 235110.615177664149087, 893304.076782598858699 ], [ 235107.015316096891183, 893328.345078020589426 ], [ 235105.811497764952946, 893352.849363102926873 ], [ 235107.015316096891183, 893377.353648185264319 ], [ 235110.615177664149087, 893401.621943606995046 ], [ 235116.576413831906393, 893425.420532416552305 ], [ 235124.84161463714554, 893448.520221194252372 ], [ 235135.331181677873246, 893470.698547309380956 ], [ 235147.944094689330086, 893491.741921357810497 ], [ 235162.558884424273856, 893511.447684143786319 ], [ 235179.034802468318958, 893529.626058399560861 ], [ 235197.213176724035293, 893546.101976443664171 ], [ 235216.918939510040218, 893560.716766178607941 ], [ 235237.962313558440655, 893573.32967919006478 ], [ 235260.140639673685655, 893583.819246230763383 ], [ 235283.240328451327514, 893592.084447036031634 ], [ 235307.038917260913877, 893598.045683203730732 ], [ 235331.307212682557292, 893601.645544770988636 ], [ 235355.811497764952946, 893602.849363102926873 ], [ 235380.315782847348601, 893601.645544770988636 ], [ 235404.584078268992016, 893598.045683203730732 ], [ 235428.382667078578379, 893592.084447036031634 ], [ 235451.482355856220238, 893583.819246230763383 ], [ 235473.660681971465237, 893573.32967919006478 ], [ 235494.704056019865675, 893560.716766178607941 ], [ 235514.4098188058706, 893546.101976443664171 ], [ 235532.588193061586935, 893529.626058399560861 ], [ 235549.064111105632037, 893511.447684143786319 ], [ 235563.678900840575807, 893491.741921357810497 ], [ 235576.291813852032647, 893470.698547309380956 ], [ 235586.781380892760353, 893448.520221194252372 ], [ 235595.0465816979995, 893425.420532416552305 ], [ 235601.007817865756806, 893401.621943606995046 ], [ 235604.60767943301471, 893377.353648185264319 ], [ 235605.811497764952946, 893352.849363102926873 ] ] ] } },
{ "type": "Feature", "properties": { "newname": "95_East Boston Early Learning Center", "element": "node" }, "geometry": { "type": "Polygon", "coordinates": [ [ [ 228391.871786147064995, 890537.443310181843117 ], [ 228390.667967815126758, 890512.93902509950567 ], [ 228387.068106247868855, 890488.670729677774943 ], [ 228381.106870080111548, 890464.872140868217684 ], [ 228372.841669274872402, 890441.772452090517618 ], [ 228362.352102234144695, 890419.594125975389034 ], [ 228349.739189222687855, 890398.550751926959492 ], [ 228335.124399487744085, 890378.844989140983671 ], [ 228318.648481443698984, 890360.666614885209128 ], [ 228300.470107187982649, 890344.190696841105819 ], [ 228280.764344401977723, 890329.575907106162049 ], [ 228259.720970353577286, 890316.962994094705209 ], [ 228237.542644238332286, 890306.473427054006606 ], [ 228214.442955460690428, 890298.208226248738356 ], [ 228190.644366651104065, 890292.246990081039257 ], [ 228166.376071229460649, 890288.647128513781354 ], [ 228141.871786147064995, 890287.443310181843117 ], [ 228117.367501064669341, 890288.647128513781354 ], [ 228093.099205643025925, 890292.246990081039257 ], [ 228069.300616833439562, 890298.208226248738356 ], [ 228046.200928055797704, 890306.473427054006606 ], [ 228024.022601940552704, 890316.962994094705209 ], [ 228002.979227892152267, 890329.575907106162049 ], [ 227983.273465106147341, 890344.190696841105819 ], [ 227965.095090850431006, 890360.666614885209128 ], [ 227948.619172806385905, 890378.844989140983671 ], [ 227934.004383071442135, 890398.550751926959492 ], [ 227921.391470059985295, 890419.594125975389034 ], [ 227910.901903019257588, 890441.772452090517618 ], [ 227902.636702214018442, 890464.872140868217684 ], [ 227896.675466046261135, 890488.670729677774943 ], [ 227893.075604479003232, 890512.93902509950567 ], [ 227891.871786147064995, 890537.443310181843117 ], [ 227893.075604479003232, 890561.947595264180563 ], [ 227896.675466046261135, 890586.21589068591129 ], [ 227902.636702214018442, 890610.014479495468549 ], [ 227910.901903019257588, 890633.114168273168616 ], [ 227921.391470059985295, 890655.2924943882972 ], [ 227934.004383071442135, 890676.335868436726741 ], [ 227948.619172806385905, 890696.041631222702563 ], [ 227965.095090850431006, 890714.220005478477105 ], [ 227983.273465106147341, 890730.695923522580415 ], [ 228002.979227892152267, 890745.310713257524185 ], [ 228024.022601940552704, 890757.923626268981025 ], [ 228046.200928055797704, 890768.413193309679627 ], [ 228069.300616833439562, 890776.678394114947878 ], [ 228093.099205643025925, 890782.639630282646976 ], [ 228117.367501064669341, 890786.23949184990488 ], [ 228141.871786147064995, 890787.443310181843117 ], [ 228166.376071229460649, 890786.23949184990488 ], [ 228190.644366651104065, 890782.639630282646976 ], [ 228214.442955460690428, 890776.678394114947878 ], [ 228237.542644238332286, 890768.413193309679627 ], [ 228259.720970353577286, 890757.923626268981025 ], [ 228280.764344401977723, 890745.310713257524185 ], [ 228300.470107187982649, 890730.695923522580415 ], [ 228318.648481443698984, 890714.220005478477105 ], [ 228335.124399487744085, 890696.041631222702563 ], [ 228349.739189222687855, 890676.335868436726741 ], [ 228362.352102234144695, 890655.2924943882972 ], [ 228372.841669274872402, 890633.114168273168616 ], [ 228381.106870080111548, 890610.014479495468549 ], [ 228387.068106247868855, 890586.21589068591129 ], [ 228390.667967815126758, 890561.947595264180563 ], [ 228391.871786147064995, 890537.443310181843117 ] ] ] } },
{ "type": "Feature", "properties": { "newname": "96_Expulsion Alternative School", "element": "node" }, "geometry": { "type": "Polygon", "coordinates": [ [ [ 235627.045095782465069, 897190.263537749764509 ], [ 235625.841277450526832, 897165.759252667427063 ], [ 235622.241415883268928, 897141.490957245696336 ], [ 235616.280179715511622, 897117.692368436139077 ], [ 235608.014978910272475, 897094.59267965843901 ], [ 235597.525411869544769, 897072.414353543310426 ], [ 235584.912498858087929, 897051.370979494880885 ], [ 235570.297709123144159, 897031.665216708905064 ], [ 235553.821791079099057, 897013.486842453130521 ], [ 235535.643416823382722, 896997.010924409027211 ], [ 235515.937654037377797, 896982.396134674083441 ], [ 235494.89427998897736, 896969.783221662626602 ], [ 235472.71595387373236, 896959.293654621927999 ], [ 235449.616265096090501, 896951.028453816659749 ], [ 235425.817676286504138, 896945.06721764896065 ], [ 235401.549380864860723, 896941.467356081702746 ], [ 235377.045095782465069, 896940.263537749764509 ], [ 235352.540810700069414, 896941.467356081702746 ], [ 235328.272515278425999, 896945.06721764896065 ], [ 235304.473926468839636, 896951.028453816659749 ], [ 235281.374237691197777, 896959.293654621927999 ], [ 235259.195911575952778, 896969.783221662626602 ], [ 235238.15253752755234, 896982.396134674083441 ], [ 235218.446774741547415, 896997.010924409027211 ], [ 235200.26840048583108, 897013.486842453130521 ], [ 235183.792482441785978, 897031.665216708905064 ], [ 235169.177692706842208, 897051.370979494880885 ], [ 235156.564779695385369, 897072.414353543310426 ], [ 235146.075212654657662, 897094.59267965843901 ], [ 235137.810011849418515, 897117.692368436139077 ], [ 235131.848775681661209, 897141.490957245696336 ], [ 235128.248914114403306, 897165.759252667427063 ], [ 235127.045095782465069, 897190.263537749764509 ], [ 235128.248914114403306, 897214.767822832101956 ], [ 235131.848775681661209, 897239.036118253832683 ], [ 235137.810011849418515, 897262.834707063389942 ], [ 235146.075212654657662, 897285.934395841090009 ], [ 235156.564779695385369, 897308.112721956218593 ], [ 235169.177692706842208, 897329.156096004648134 ], [ 235183.792482441785978, 897348.861858790623955 ], [ 235200.26840048583108, 897367.040233046398498 ], [ 235218.446774741547415, 897383.516151090501808 ], [ 235238.15253752755234, 897398.130940825445578 ], [ 235259.195911575952778, 897410.743853836902417 ], [ 235281.374237691197777, 897421.23342087760102 ], [ 235304.473926468839636, 897429.49862168286927 ], [ 235328.272515278425999, 897435.459857850568369 ], [ 235352.540810700069414, 897439.059719417826273 ], [ 235377.045095782465069, 897440.263537749764509 ], [ 235401.549380864860723, 897439.059719417826273 ], [ 235425.817676286504138, 897435.459857850568369 ], [ 235449.616265096090501, 897429.49862168286927 ], [ 235472.71595387373236, 897421.23342087760102 ], [ 235494.89427998897736, 897410.743853836902417 ], [ 235515.937654037377797, 897398.130940825445578 ], [ 235535.643416823382722, 897383.516151090501808 ], [ 235553.821791079099057, 897367.040233046398498 ], [ 235570.297709123144159, 897348.861858790623955 ], [ 235584.912498858087929, 897329.156096004648134 ], [ 235597.525411869544769, 897308.112721956218593 ], [ 235608.014978910272475, 897285.934395841090009 ], [ 235616.280179715511622, 897262.834707063389942 ], [ 235622.241415883268928, 897239.036118253832683 ], [ 235625.841277450526832, 897214.767822832101956 ], [ 235627.045095782465069, 897190.263537749764509 ] ] ] } },
{ "type": "Feature", "properties": { "newname": "97_Frederick Douglass Charter School", "element": "node" }, "geometry": { "type": "Polygon", "coordinates": [ [ [ 231284.366694125637878, 889438.849640767672099 ], [ 231283.162875793699641, 889414.345355685334653 ], [ 231279.563014226441737, 889390.077060263603926 ], [ 231273.601778058684431, 889366.278471454046667 ], [ 231265.336577253445284, 889343.1787826763466 ], [ 231254.847010212717578, 889321.000456561218016 ], [ 231242.234097201260738, 889299.957082512788475 ], [ 231227.619307466316968, 889280.251319726812653 ], [ 231211.143389422271866, 889262.072945471038111 ], [ 231192.965015166555531, 889245.597027426934801 ], [ 231173.259252380550606, 889230.982237691991031 ], [ 231152.215878332150169, 889218.369324680534191 ], [ 231130.037552216905169, 889207.879757639835589 ], [ 231106.93786343926331, 889199.614556834567338 ], [ 231083.139274629676947, 889193.65332066686824 ], [ 231058.870979208033532, 889190.053459099610336 ], [ 231034.366694125637878, 889188.849640767672099 ], [ 231009.862409043242224, 889190.053459099610336 ], [ 230985.594113621598808, 889193.65332066686824 ], [ 230961.795524812012445, 889199.614556834567338 ], [ 230938.695836034370586, 889207.879757639835589 ], [ 230916.517509919125587, 889218.369324680534191 ], [ 230895.474135870725149, 889230.982237691991031 ], [ 230875.768373084720224, 889245.597027426934801 ], [ 230857.589998829003889, 889262.072945471038111 ], [ 230841.114080784958787, 889280.251319726812653 ], [ 230826.499291050015017, 889299.957082512788475 ], [ 230813.886378038558178, 889321.000456561218016 ], [ 230803.396810997830471, 889343.1787826763466 ], [ 230795.131610192591324, 889366.278471454046667 ], [ 230789.170374024834018, 889390.077060263603926 ], [ 230785.570512457576115, 889414.345355685334653 ], [ 230784.366694125637878, 889438.849640767672099 ], [ 230785.570512457576115, 889463.353925850009546 ], [ 230789.170374024834018, 889487.622221271740273 ], [ 230795.131610192591324, 889511.420810081297532 ], [ 230803.396810997830471, 889534.520498858997598 ], [ 230813.886378038558178, 889556.698824974126182 ], [ 230826.499291050015017, 889577.742199022555724 ], [ 230841.114080784958787, 889597.447961808531545 ], [ 230857.589998829003889, 889615.626336064306088 ], [ 230875.768373084720224, 889632.102254108409397 ], [ 230895.474135870725149, 889646.717043843353167 ], [ 230916.517509919125587, 889659.329956854810007 ], [ 230938.695836034370586, 889669.81952389550861 ], [ 230961.795524812012445, 889678.08472470077686 ], [ 230985.594113621598808, 889684.045960868475959 ], [ 231009.862409043242224, 889687.645822435733862 ], [ 231034.366694125637878, 889688.849640767672099 ], [ 231058.870979208033532, 889687.645822435733862 ], [ 231083.139274629676947, 889684.045960868475959 ], [ 231106.93786343926331, 889678.08472470077686 ], [ 231130.037552216905169, 889669.81952389550861 ], [ 231152.215878332150169, 889659.329956854810007 ], [ 231173.259252380550606, 889646.717043843353167 ], [ 231192.965015166555531, 889632.102254108409397 ], [ 231211.143389422271866, 889615.626336064306088 ], [ 231227.619307466316968, 889597.447961808531545 ], [ 231242.234097201260738, 889577.742199022555724 ], [ 231254.847010212717578, 889556.698824974126182 ], [ 231265.336577253445284, 889534.520498858997598 ], [ 231273.601778058684431, 889511.420810081297532 ], [ 231279.563014226441737, 889487.622221271740273 ], [ 231283.162875793699641, 889463.353925850009546 ], [ 231284.366694125637878, 889438.849640767672099 ] ] ] } },
{ "type": "Feature", "properties": { "newname": "98_Margarita Muñiz Academy", "element": "node" }, "geometry": { "type": "Polygon", "coordinates": [ [ [ 232051.472721738828113, 895250.751660448033363 ], [ 232050.268903406889876, 895226.247375365695916 ], [ 232046.669041839631973, 895201.979079943965189 ], [ 232040.707805671874667, 895178.18049113440793 ], [ 232032.44260486663552, 895155.080802356707864 ], [ 232021.953037825907813, 895132.902476241579279 ], [ 232009.340124814450974, 895111.859102193149738 ], [ 231994.725335079507204, 895092.153339407173917 ], [ 231978.249417035462102, 895073.974965151399374 ], [ 231960.071042779745767, 895057.499047107296064 ], [ 231940.365279993740842, 895042.884257372352295 ], [ 231919.321905945340404, 895030.271344360895455 ], [ 231897.143579830095405, 895019.781777320196852 ], [ 231874.043891052453546, 895011.516576514928602 ], [ 231850.245302242867183, 895005.555340347229503 ], [ 231825.977006821223767, 895001.9554787799716 ], [ 231801.472721738828113, 895000.751660448033363 ], [ 231776.968436656432459, 895001.9554787799716 ], [ 231752.700141234789044, 895005.555340347229503 ], [ 231728.901552425202681, 895011.516576514928602 ], [ 231705.801863647560822, 895019.781777320196852 ], [ 231683.623537532315822, 895030.271344360895455 ], [ 231662.580163483915385, 895042.884257372352295 ], [ 231642.87440069791046, 895057.499047107296064 ], [ 231624.696026442194125, 895073.974965151399374 ], [ 231608.220108398149023, 895092.153339407173917 ], [ 231593.605318663205253, 895111.859102193149738 ], [ 231580.992405651748413, 895132.902476241579279 ], [ 231570.502838611020707, 895155.080802356707864 ], [ 231562.23763780578156, 895178.18049113440793 ], [ 231556.276401638024254, 895201.979079943965189 ], [ 231552.67654007076635, 895226.247375365695916 ], [ 231551.472721738828113, 895250.751660448033363 ], [ 231552.67654007076635, 895275.255945530370809 ], [ 231556.276401638024254, 895299.524240952101536 ], [ 231562.23763780578156, 895323.322829761658795 ], [ 231570.502838611020707, 895346.422518539358862 ], [ 231580.992405651748413, 895368.600844654487446 ], [ 231593.605318663205253, 895389.644218702916987 ], [ 231608.220108398149023, 895409.349981488892809 ], [ 231624.696026442194125, 895427.528355744667351 ], [ 231642.87440069791046, 895444.004273788770661 ], [ 231662.580163483915385, 895458.619063523714431 ], [ 231683.623537532315822, 895471.23197653517127 ], [ 231705.801863647560822, 895481.721543575869873 ], [ 231728.901552425202681, 895489.986744381138124 ], [ 231752.700141234789044, 895495.947980548837222 ], [ 231776.968436656432459, 895499.547842116095126 ], [ 231801.472721738828113, 895500.751660448033363 ], [ 231825.977006821223767, 895499.547842116095126 ], [ 231850.245302242867183, 895495.947980548837222 ], [ 231874.043891052453546, 895489.986744381138124 ], [ 231897.143579830095405, 895481.721543575869873 ], [ 231919.321905945340404, 895471.23197653517127 ], [ 231940.365279993740842, 895458.619063523714431 ], [ 231960.071042779745767, 895444.004273788770661 ], [ 231978.249417035462102, 895427.528355744667351 ], [ 231994.725335079507204, 895409.349981488892809 ], [ 232009.340124814450974, 895389.644218702916987 ], [ 232021.953037825907813, 895368.600844654487446 ], [ 232032.44260486663552, 895346.422518539358862 ], [ 232040.707805671874667, 895323.322829761658795 ], [ 232046.669041839631973, 895299.524240952101536 ], [ 232050.268903406889876, 895275.255945530370809 ], [ 232051.472721738828113, 895250.751660448033363 ] ] ] } },
{ "type": "Feature", "properties": { "newname": "99_Mission Hill School", "element": "node" }, "geometry": { "type": "Polygon", "coordinates": [ [ [ 232054.102652559638955, 895279.965603100834414 ], [ 232052.898834227700718, 895255.461318018496968 ], [ 232049.298972660442814, 895231.193022596766241 ], [ 232043.337736492685508, 895207.394433787208982 ], [ 232035.072535687446361, 895184.294745009508915 ], [ 232024.582968646718655, 895162.116418894380331 ], [ 232011.970055635261815, 895141.07304484595079 ], [ 231997.355265900318045, 895121.367282059974968 ], [ 231980.879347856272943, 895103.188907804200426 ], [ 231962.700973600556608, 895086.712989760097116 ], [ 231942.995210814551683, 895072.098200025153346 ], [ 231921.951836766151246, 895059.485287013696507 ], [ 231899.773510650906246, 895048.995719972997904 ], [ 231876.673821873264387, 895040.730519167729653 ], [ 231852.875233063678024, 895034.769283000030555 ], [ 231828.606937642034609, 895031.169421432772651 ], [ 231804.102652559638955, 895029.965603100834414 ], [ 231779.598367477243301, 895031.169421432772651 ], [ 231755.330072055599885, 895034.769283000030555 ], [ 231731.531483246013522, 895040.730519167729653 ], [ 231708.431794468371663, 895048.995719972997904 ], [ 231686.253468353126664, 895059.485287013696507 ], [ 231665.210094304726226, 895072.098200025153346 ], [ 231645.504331518721301, 895086.712989760097116 ], [ 231627.325957263004966, 895103.188907804200426 ], [ 231610.850039218959864, 895121.367282059974968 ], [ 231596.235249484016094, 895141.07304484595079 ], [ 231583.622336472559255, 895162.116418894380331 ], [ 231573.132769431831548, 895184.294745009508915 ], [ 231564.867568626592401, 895207.394433787208982 ], [ 231558.906332458835095, 895231.193022596766241 ], [ 231555.306470891577192, 895255.461318018496968 ], [ 231554.102652559638955, 895279.965603100834414 ], [ 231555.306470891577192, 895304.469888183171861 ], [ 231558.906332458835095, 895328.738183604902588 ], [ 231564.867568626592401, 895352.536772414459847 ], [ 231573.132769431831548, 895375.636461192159913 ], [ 231583.622336472559255, 895397.814787307288498 ], [ 231596.235249484016094, 895418.858161355718039 ], [ 231610.850039218959864, 895438.56392414169386 ], [ 231627.325957263004966, 895456.742298397468403 ], [ 231645.504331518721301, 895473.218216441571712 ], [ 231665.210094304726226, 895487.833006176515482 ], [ 231686.253468353126664, 895500.445919187972322 ], [ 231708.431794468371663, 895510.935486228670925 ], [ 231731.531483246013522, 895519.200687033939175 ], [ 231755.330072055599885, 895525.161923201638274 ], [ 231779.598367477243301, 895528.761784768896177 ], [ 231804.102652559638955, 895529.965603100834414 ], [ 231828.606937642034609, 895528.761784768896177 ], [ 231852.875233063678024, 895525.161923201638274 ], [ 231876.673821873264387, 895519.200687033939175 ], [ 231899.773510650906246, 895510.935486228670925 ], [ 231921.951836766151246, 895500.445919187972322 ], [ 231942.995210814551683, 895487.833006176515482 ], [ 231962.700973600556608, 895473.218216441571712 ], [ 231980.879347856272943, 895456.742298397468403 ], [ 231997.355265900318045, 895438.56392414169386 ], [ 232011.970055635261815, 895418.858161355718039 ], [ 232024.582968646718655, 895397.814787307288498 ], [ 232035.072535687446361, 895375.636461192159913 ], [ 232043.337736492685508, 895352.536772414459847 ], [ 232049.298972660442814, 895328.738183604902588 ], [ 232052.898834227700718, 895304.469888183171861 ], [ 232054.102652559638955, 895279.965603100834414 ] ] ] } },
{ "type": "Feature", "properties": { "newname": "100_The Mosaic School", "element": "node" }, "geometry": { "type": "Polygon", "coordinates": [ [ [ 232436.011765376897529, 895662.440804220503196 ], [ 232434.807947044959292, 895637.93651913816575 ], [ 232431.208085477701388, 895613.668223716435023 ], [ 232425.246849309944082, 895589.869634906877764 ], [ 232416.981648504704935, 895566.769946129177697 ], [ 232406.492081463977229, 895544.591620014049113 ], [ 232393.879168452520389, 895523.548245965619572 ], [ 232379.264378717576619, 895503.84248317964375 ], [ 232362.788460673531517, 895485.664108923869208 ], [ 232344.610086417815182, 895469.188190879765898 ], [ 232324.904323631810257, 895454.573401144822128 ], [ 232303.86094958340982, 895441.960488133365288 ], [ 232281.68262346816482, 895431.470921092666686 ], [ 232258.582934690522961, 895423.205720287398435 ], [ 232234.784345880936598, 895417.244484119699337 ], [ 232210.516050459293183, 895413.644622552441433 ], [ 232186.011765376897529, 895412.440804220503196 ], [ 232161.507480294501875, 895413.644622552441433 ], [ 232137.239184872858459, 895417.244484119699337 ], [ 232113.440596063272096, 895423.205720287398435 ], [ 232090.340907285630237, 895431.470921092666686 ], [ 232068.162581170385238, 895441.960488133365288 ], [ 232047.1192071219848, 895454.573401144822128 ], [ 232027.413444335979875, 895469.188190879765898 ], [ 232009.23507008026354, 895485.664108923869208 ], [ 231992.759152036218438, 895503.84248317964375 ], [ 231978.144362301274668, 895523.548245965619572 ], [ 231965.531449289817829, 895544.591620014049113 ], [ 231955.041882249090122, 895566.769946129177697 ], [ 231946.776681443850975, 895589.869634906877764 ], [ 231940.815445276093669, 895613.668223716435023 ], [ 231937.215583708835766, 895637.93651913816575 ], [ 231936.011765376897529, 895662.440804220503196 ], [ 231937.215583708835766, 895686.945089302840643 ], [ 231940.815445276093669, 895711.21338472457137 ], [ 231946.776681443850975, 895735.011973534128629 ], [ 231955.041882249090122, 895758.111662311828695 ], [ 231965.531449289817829, 895780.289988426957279 ], [ 231978.144362301274668, 895801.333362475386821 ], [ 231992.759152036218438, 895821.039125261362642 ], [ 232009.23507008026354, 895839.217499517137185 ], [ 232027.413444335979875, 895855.693417561240494 ], [ 232047.1192071219848, 895870.308207296184264 ], [ 232068.162581170385238, 895882.921120307641104 ], [ 232090.340907285630237, 895893.410687348339707 ], [ 232113.440596063272096, 895901.675888153607957 ], [ 232137.239184872858459, 895907.637124321307056 ], [ 232161.507480294501875, 895911.236985888564959 ], [ 232186.011765376897529, 895912.440804220503196 ], [ 232210.516050459293183, 895911.236985888564959 ], [ 232234.784345880936598, 895907.637124321307056 ], [ 232258.582934690522961, 895901.675888153607957 ], [ 232281.68262346816482, 895893.410687348339707 ], [ 232303.86094958340982, 895882.921120307641104 ], [ 232324.904323631810257, 895870.308207296184264 ], [ 232344.610086417815182, 895855.693417561240494 ], [ 232362.788460673531517, 895839.217499517137185 ], [ 232379.264378717576619, 895821.039125261362642 ], [ 232393.879168452520389, 895801.333362475386821 ], [ 232406.492081463977229, 895780.289988426957279 ], [ 232416.981648504704935, 895758.111662311828695 ], [ 232425.246849309944082, 895735.011973534128629 ], [ 232431.208085477701388, 895711.21338472457137 ], [ 232434.807947044959292, 895686.945089302840643 ], [ 232436.011765376897529, 895662.440804220503196 ] ] ] } },
{ "type": "Feature", "properties": { "newname": "101_Community Boat Building", "element": "node" }, "geometry": { "type": "Polygon", "coordinates": [ [ [ 237675.74845328181982, 900531.051297952770256 ], [ 237674.544634949881583, 900506.547012870432809 ], [ 237670.94477338262368, 900482.278717448702082 ], [ 237664.983537214866374, 900458.480128639144823 ], [ 237656.718336409627227, 900435.380439861444756 ], [ 237646.22876936889952, 900413.202113746316172 ], [ 237633.615856357442681, 900392.158739697886631 ], [ 237619.001066622498911, 900372.45297691191081 ], [ 237602.525148578453809, 900354.274602656136267 ], [ 237584.346774322737474, 900337.798684612032957 ], [ 237564.641011536732549, 900323.183894877089188 ], [ 237543.597637488332111, 900310.570981865632348 ], [ 237521.419311373087112, 900300.081414824933745 ], [ 237498.319622595445253, 900291.816214019665495 ], [ 237474.52103378585889, 900285.854977851966396 ], [ 237450.252738364215475, 900282.255116284708492 ], [ 237425.74845328181982, 900281.051297952770256 ], [ 237401.244168199424166, 900282.255116284708492 ], [ 237376.975872777780751, 900285.854977851966396 ], [ 237353.177283968194388, 900291.816214019665495 ], [ 237330.077595190552529, 900300.081414824933745 ], [ 237307.899269075307529, 900310.570981865632348 ], [ 237286.855895026907092, 900323.183894877089188 ], [ 237267.150132240902167, 900337.798684612032957 ], [ 237248.971757985185832, 900354.274602656136267 ], [ 237232.49583994114073, 900372.45297691191081 ], [ 237217.88105020619696, 900392.158739697886631 ], [ 237205.26813719474012, 900413.202113746316172 ], [ 237194.778570154012414, 900435.380439861444756 ], [ 237186.513369348773267, 900458.480128639144823 ], [ 237180.552133181015961, 900482.278717448702082 ], [ 237176.952271613758057, 900506.547012870432809 ], [ 237175.74845328181982, 900531.051297952770256 ], [ 237176.952271613758057, 900555.555583035107702 ], [ 237180.552133181015961, 900579.823878456838429 ], [ 237186.513369348773267, 900603.622467266395688 ], [ 237194.778570154012414, 900626.722156044095755 ], [ 237205.26813719474012, 900648.900482159224339 ], [ 237217.88105020619696, 900669.94385620765388 ], [ 237232.49583994114073, 900689.649618993629701 ], [ 237248.971757985185832, 900707.827993249404244 ], [ 237267.150132240902167, 900724.303911293507554 ], [ 237286.855895026907092, 900738.918701028451324 ], [ 237307.899269075307529, 900751.531614039908163 ], [ 237330.077595190552529, 900762.021181080606766 ], [ 237353.177283968194388, 900770.286381885875016 ], [ 237376.975872777780751, 900776.247618053574115 ], [ 237401.244168199424166, 900779.847479620832019 ], [ 237425.74845328181982, 900781.051297952770256 ], [ 237450.252738364215475, 900779.847479620832019 ], [ 237474.52103378585889, 900776.247618053574115 ], [ 237498.319622595445253, 900770.286381885875016 ], [ 237521.419311373087112, 900762.021181080606766 ], [ 237543.597637488332111, 900751.531614039908163 ], [ 237564.641011536732549, 900738.918701028451324 ], [ 237584.346774322737474, 900724.303911293507554 ], [ 237602.525148578453809, 900707.827993249404244 ], [ 237619.001066622498911, 900689.649618993629701 ], [ 237633.615856357442681, 900669.94385620765388 ], [ 237646.22876936889952, 900648.900482159224339 ], [ 237656.718336409627227, 900626.722156044095755 ], [ 237664.983537214866374, 900603.622467266395688 ], [ 237670.94477338262368, 900579.823878456838429 ], [ 237674.544634949881583, 900555.555583035107702 ], [ 237675.74845328181982, 900531.051297952770256 ] ] ] } },
{ "type": "Feature", "properties": { "newname": "102_City on a Hill", "element": "node" }, "geometry": { "type": "Polygon", "coordinates": [ [ [ 234229.571397277642973, 897142.616215607849881 ], [ 234228.367578945704736, 897118.111930525512435 ], [ 234224.767717378446832, 897093.843635103781708 ], [ 234218.806481210689526, 897070.045046294224449 ], [ 234210.541280405450379, 897046.945357516524382 ], [ 234200.051713364722673, 897024.767031401395798 ], [ 234187.438800353265833, 897003.723657352966256 ], [ 234172.824010618322063, 896984.017894566990435 ], [ 234156.348092574276961, 896965.839520311215892 ], [ 234138.169718318560626, 896949.363602267112583 ], [ 234118.463955532555701, 896934.748812532168813 ], [ 234097.420581484155264, 896922.135899520711973 ], [ 234075.242255368910264, 896911.646332480013371 ], [ 234052.142566591268405, 896903.38113167474512 ], [ 234028.343977781682042, 896897.419895507046022 ], [ 234004.075682360038627, 896893.820033939788118 ], [ 233979.571397277642973, 896892.616215607849881 ], [ 233955.067112195247319, 896893.820033939788118 ], [ 233930.798816773603903, 896897.419895507046022 ], [ 233907.00022796401754, 896903.38113167474512 ], [ 233883.900539186375681, 896911.646332480013371 ], [ 233861.722213071130682, 896922.135899520711973 ], [ 233840.678839022730244, 896934.748812532168813 ], [ 233820.973076236725319, 896949.363602267112583 ], [ 233802.794701981008984, 896965.839520311215892 ], [ 233786.318783936963882, 896984.017894566990435 ], [ 233771.703994202020112, 897003.723657352966256 ], [ 233759.091081190563273, 897024.767031401395798 ], [ 233748.601514149835566, 897046.945357516524382 ], [ 233740.336313344596419, 897070.045046294224449 ], [ 233734.375077176839113, 897093.843635103781708 ], [ 233730.77521560958121, 897118.111930525512435 ], [ 233729.571397277642973, 897142.616215607849881 ], [ 233730.77521560958121, 897167.120500690187328 ], [ 233734.375077176839113, 897191.388796111918055 ], [ 233740.336313344596419, 897215.187384921475314 ], [ 233748.601514149835566, 897238.28707369917538 ], [ 233759.091081190563273, 897260.465399814303964 ], [ 233771.703994202020112, 897281.508773862733506 ], [ 233786.318783936963882, 897301.214536648709327 ], [ 233802.794701981008984, 897319.39291090448387 ], [ 233820.973076236725319, 897335.868828948587179 ], [ 233840.678839022730244, 897350.483618683530949 ], [ 233861.722213071130682, 897363.096531694987789 ], [ 233883.900539186375681, 897373.586098735686392 ], [ 233907.00022796401754, 897381.851299540954642 ], [ 233930.798816773603903, 897387.812535708653741 ], [ 233955.067112195247319, 897391.412397275911644 ], [ 233979.571397277642973, 897392.616215607849881 ], [ 234004.075682360038627, 897391.412397275911644 ], [ 234028.343977781682042, 897387.812535708653741 ], [ 234052.142566591268405, 897381.851299540954642 ], [ 234075.242255368910264, 897373.586098735686392 ], [ 234097.420581484155264, 897363.096531694987789 ], [ 234118.463955532555701, 897350.483618683530949 ], [ 234138.169718318560626, 897335.868828948587179 ], [ 234156.348092574276961, 897319.39291090448387 ], [ 234172.824010618322063, 897301.214536648709327 ], [ 234187.438800353265833, 897281.508773862733506 ], [ 234200.051713364722673, 897260.465399814303964 ], [ 234210.541280405450379, 897238.28707369917538 ], [ 234218.806481210689526, 897215.187384921475314 ], [ 234224.767717378446832, 897191.388796111918055 ], [ 234228.367578945704736, 897167.120500690187328 ], [ 234229.571397277642973, 897142.616215607849881 ] ] ] } },
{ "type": "Feature", "properties": { "newname": "103_City on a Hill Charter Public School Circuit Street", "element": "node" }, "geometry": { "type": "Polygon", "coordinates": [ [ [ 234229.81807075405959, 897132.509383071912453 ], [ 234228.614252422121353, 897108.005097989575006 ], [ 234225.01439085486345, 897083.736802567844279 ], [ 234219.053154687106144, 897059.93821375828702 ], [ 234210.787953881866997, 897036.838524980586953 ], [ 234200.29838684113929, 897014.660198865458369 ], [ 234187.685473829682451, 896993.616824817028828 ], [ 234173.070684094738681, 896973.911062031053007 ], [ 234156.594766050693579, 896955.732687775278464 ], [ 234138.416391794977244, 896939.256769731175154 ], [ 234118.710629008972319, 896924.641979996231385 ], [ 234097.667254960571881, 896912.029066984774545 ], [ 234075.488928845326882, 896901.539499944075942 ], [ 234052.389240067685023, 896893.274299138807692 ], [ 234028.59065125809866, 896887.313062971108593 ], [ 234004.322355836455245, 896883.71320140385069 ], [ 233979.81807075405959, 896882.509383071912453 ], [ 233955.313785671663936, 896883.71320140385069 ], [ 233931.045490250020521, 896887.313062971108593 ], [ 233907.246901440434158, 896893.274299138807692 ], [ 233884.147212662792299, 896901.539499944075942 ], [ 233861.968886547547299, 896912.029066984774545 ], [ 233840.925512499146862, 896924.641979996231385 ], [ 233821.219749713141937, 896939.256769731175154 ], [ 233803.041375457425602, 896955.732687775278464 ], [ 233786.5654574133805, 896973.911062031053007 ], [ 233771.95066767843673, 896993.616824817028828 ], [ 233759.33775466697989, 897014.660198865458369 ], [ 233748.848187626252184, 897036.838524980586953 ], [ 233740.582986821013037, 897059.93821375828702 ], [ 233734.621750653255731, 897083.736802567844279 ], [ 233731.021889085997827, 897108.005097989575006 ], [ 233729.81807075405959, 897132.509383071912453 ], [ 233731.021889085997827, 897157.013668154249899 ], [ 233734.621750653255731, 897181.281963575980626 ], [ 233740.582986821013037, 897205.080552385537885 ], [ 233748.848187626252184, 897228.180241163237952 ], [ 233759.33775466697989, 897250.358567278366536 ], [ 233771.95066767843673, 897271.401941326796077 ], [ 233786.5654574133805, 897291.107704112771899 ], [ 233803.041375457425602, 897309.286078368546441 ], [ 233821.219749713141937, 897325.761996412649751 ], [ 233840.925512499146862, 897340.376786147593521 ], [ 233861.968886547547299, 897352.98969915905036 ], [ 233884.147212662792299, 897363.479266199748963 ], [ 233907.246901440434158, 897371.744467005017214 ], [ 233931.045490250020521, 897377.705703172716312 ], [ 233955.313785671663936, 897381.305564739974216 ], [ 233979.81807075405959, 897382.509383071912453 ], [ 234004.322355836455245, 897381.305564739974216 ], [ 234028.59065125809866, 897377.705703172716312 ], [ 234052.389240067685023, 897371.744467005017214 ], [ 234075.488928845326882, 897363.479266199748963 ], [ 234097.667254960571881, 897352.98969915905036 ], [ 234118.710629008972319, 897340.376786147593521 ], [ 234138.416391794977244, 897325.761996412649751 ], [ 234156.594766050693579, 897309.286078368546441 ], [ 234173.070684094738681, 897291.107704112771899 ], [ 234187.685473829682451, 897271.401941326796077 ], [ 234200.29838684113929, 897250.358567278366536 ], [ 234210.787953881866997, 897228.180241163237952 ], [ 234219.053154687106144, 897205.080552385537885 ], [ 234225.01439085486345, 897181.281963575980626 ], [ 234228.614252422121353, 897157.013668154249899 ], [ 234229.81807075405959, 897132.509383071912453 ] ] ] } },
{ "type": "Feature", "properties": { "newname": "104_Kingsley Montessori School", "element": "node" }, "geometry": { "type": "Polygon", "coordinates": [ [ [ 234868.975373844587011, 900094.589435437927023 ], [ 234867.771555512648774, 900070.085150355589576 ], [ 234864.171693945390871, 900045.816854933858849 ], [ 234858.210457777633565, 900022.01826612430159 ], [ 234849.945256972394418, 899998.918577346601523 ], [ 234839.455689931666711, 899976.740251231472939 ], [ 234826.842776920209872, 899955.696877183043398 ], [ 234812.227987185266102, 899935.991114397067577 ], [ 234795.752069141221, 899917.812740141293034 ], [ 234777.573694885504665, 899901.336822097189724 ], [ 234757.86793209949974, 899886.722032362245955 ], [ 234736.824558051099302, 899874.109119350789115 ], [ 234714.646231935854303, 899863.619552310090512 ], [ 234691.546543158212444, 899855.354351504822262 ], [ 234667.747954348626081, 899849.393115337123163 ], [ 234643.479658926982665, 899845.79325376986526 ], [ 234618.975373844587011, 899844.589435437927023 ], [ 234594.471088762191357, 899845.79325376986526 ], [ 234570.202793340547942, 899849.393115337123163 ], [ 234546.404204530961579, 899855.354351504822262 ], [ 234523.30451575331972, 899863.619552310090512 ], [ 234501.12618963807472, 899874.109119350789115 ], [ 234480.082815589674283, 899886.722032362245955 ], [ 234460.377052803669358, 899901.336822097189724 ], [ 234442.198678547953023, 899917.812740141293034 ], [ 234425.722760503907921, 899935.991114397067577 ], [ 234411.107970768964151, 899955.696877183043398 ], [ 234398.495057757507311, 899976.740251231472939 ], [ 234388.005490716779605, 899998.918577346601523 ], [ 234379.740289911540458, 900022.01826612430159 ], [ 234373.779053743783152, 900045.816854933858849 ], [ 234370.179192176525248, 900070.085150355589576 ], [ 234368.975373844587011, 900094.589435437927023 ], [ 234370.179192176525248, 900119.093720520264469 ], [ 234373.779053743783152, 900143.362015941995196 ], [ 234379.740289911540458, 900167.160604751552455 ], [ 234388.005490716779605, 900190.260293529252522 ], [ 234398.495057757507311, 900212.438619644381106 ], [ 234411.107970768964151, 900233.481993692810647 ], [ 234425.722760503907921, 900253.187756478786469 ], [ 234442.198678547953023, 900271.366130734561011 ], [ 234460.377052803669358, 900287.842048778664321 ], [ 234480.082815589674283, 900302.456838513608091 ], [ 234501.12618963807472, 900315.06975152506493 ], [ 234523.30451575331972, 900325.559318565763533 ], [ 234546.404204530961579, 900333.824519371031784 ], [ 234570.202793340547942, 900339.785755538730882 ], [ 234594.471088762191357, 900343.385617105988786 ], [ 234618.975373844587011, 900344.589435437927023 ], [ 234643.479658926982665, 900343.385617105988786 ], [ 234667.747954348626081, 900339.785755538730882 ], [ 234691.546543158212444, 900333.824519371031784 ], [ 234714.646231935854303, 900325.559318565763533 ], [ 234736.824558051099302, 900315.06975152506493 ], [ 234757.86793209949974, 900302.456838513608091 ], [ 234777.573694885504665, 900287.842048778664321 ], [ 234795.752069141221, 900271.366130734561011 ], [ 234812.227987185266102, 900253.187756478786469 ], [ 234826.842776920209872, 900233.481993692810647 ], [ 234839.455689931666711, 900212.438619644381106 ], [ 234849.945256972394418, 900190.260293529252522 ], [ 234858.210457777633565, 900167.160604751552455 ], [ 234864.171693945390871, 900143.362015941995196 ], [ 234867.771555512648774, 900119.093720520264469 ], [ 234868.975373844587011, 900094.589435437927023 ] ] ] } },
{ "type": "Feature", "properties": { "newname": "105_Boston Community Leadership Academy", "element": "node" }, "geometry": { "type": "Polygon", "coordinates": [ [ [ 231774.241468440653989, 890375.971849475987256 ], [ 231773.037650108715752, 890351.467564393649809 ], [ 231769.437788541457849, 890327.199268971919082 ], [ 231763.476552373700542, 890303.400680162361823 ], [ 231755.211351568461396, 890280.300991384661756 ], [ 231744.721784527733689, 890258.122665269533172 ], [ 231732.108871516276849, 890237.079291221103631 ], [ 231717.49408178133308, 890217.37352843512781 ], [ 231701.018163737287978, 890199.195154179353267 ], [ 231682.839789481571643, 890182.719236135249957 ], [ 231663.134026695566718, 890168.104446400306188 ], [ 231642.09065264716628, 890155.491533388849348 ], [ 231619.912326531921281, 890145.001966348150745 ], [ 231596.812637754279422, 890136.736765542882495 ], [ 231573.014048944693059, 890130.775529375183396 ], [ 231548.745753523049643, 890127.175667807925493 ], [ 231524.241468440653989, 890125.971849475987256 ], [ 231499.737183358258335, 890127.175667807925493 ], [ 231475.468887936614919, 890130.775529375183396 ], [ 231451.670299127028557, 890136.736765542882495 ], [ 231428.570610349386698, 890145.001966348150745 ], [ 231406.392284234141698, 890155.491533388849348 ], [ 231385.348910185741261, 890168.104446400306188 ], [ 231365.643147399736336, 890182.719236135249957 ], [ 231347.46477314402, 890199.195154179353267 ], [ 231330.988855099974899, 890217.37352843512781 ], [ 231316.374065365031129, 890237.079291221103631 ], [ 231303.761152353574289, 890258.122665269533172 ], [ 231293.271585312846582, 890280.300991384661756 ], [ 231285.006384507607436, 890303.400680162361823 ], [ 231279.04514833985013, 890327.199268971919082 ], [ 231275.445286772592226, 890351.467564393649809 ], [ 231274.241468440653989, 890375.971849475987256 ], [ 231275.445286772592226, 890400.476134558324702 ], [ 231279.04514833985013, 890424.744429980055429 ], [ 231285.006384507607436, 890448.543018789612688 ], [ 231293.271585312846582, 890471.642707567312755 ], [ 231303.761152353574289, 890493.821033682441339 ], [ 231316.374065365031129, 890514.86440773087088 ], [ 231330.988855099974899, 890534.570170516846702 ], [ 231347.46477314402, 890552.748544772621244 ], [ 231365.643147399736336, 890569.224462816724554 ], [ 231385.348910185741261, 890583.839252551668324 ], [ 231406.392284234141698, 890596.452165563125163 ], [ 231428.570610349386698, 890606.941732603823766 ], [ 231451.670299127028557, 890615.206933409092017 ], [ 231475.468887936614919, 890621.168169576791115 ], [ 231499.737183358258335, 890624.768031144049019 ], [ 231524.241468440653989, 890625.971849475987256 ], [ 231548.745753523049643, 890624.768031144049019 ], [ 231573.014048944693059, 890621.168169576791115 ], [ 231596.812637754279422, 890615.206933409092017 ], [ 231619.912326531921281, 890606.941732603823766 ], [ 231642.09065264716628, 890596.452165563125163 ], [ 231663.134026695566718, 890583.839252551668324 ], [ 231682.839789481571643, 890569.224462816724554 ], [ 231701.018163737287978, 890552.748544772621244 ], [ 231717.49408178133308, 890534.570170516846702 ], [ 231732.108871516276849, 890514.86440773087088 ], [ 231744.721784527733689, 890493.821033682441339 ], [ 231755.211351568461396, 890471.642707567312755 ], [ 231763.476552373700542, 890448.543018789612688 ], [ 231769.437788541457849, 890424.744429980055429 ], [ 231773.037650108715752, 890400.476134558324702 ], [ 231774.241468440653989, 890375.971849475987256 ] ] ] } },
{ "type": "Feature", "properties": { "newname": "106_Saint Herman of Alaska Christian School", "element": "node" }, "geometry": { "type": "Polygon", "coordinates": [ [ [ 230569.919978023070144, 900474.817126400768757 ], [ 230568.716159691131907, 900450.31284131843131 ], [ 230565.116298123874003, 900426.044545896700583 ], [ 230559.155061956116697, 900402.245957087143324 ], [ 230550.88986115087755, 900379.146268309443258 ], [ 230540.400294110149844, 900356.967942194314674 ], [ 230527.787381098693004, 900335.924568145885132 ], [ 230513.172591363749234, 900316.218805359909311 ], [ 230496.696673319704132, 900298.040431104134768 ], [ 230478.518299063987797, 900281.564513060031459 ], [ 230458.812536277982872, 900266.949723325087689 ], [ 230437.769162229582435, 900254.336810313630849 ], [ 230415.590836114337435, 900243.847243272932246 ], [ 230392.491147336695576, 900235.582042467663996 ], [ 230368.692558527109213, 900229.620806299964897 ], [ 230344.424263105465798, 900226.020944732706994 ], [ 230319.919978023070144, 900224.817126400768757 ], [ 230295.415692940674489, 900226.020944732706994 ], [ 230271.147397519031074, 900229.620806299964897 ], [ 230247.348808709444711, 900235.582042467663996 ], [ 230224.249119931802852, 900243.847243272932246 ], [ 230202.070793816557853, 900254.336810313630849 ], [ 230181.027419768157415, 900266.949723325087689 ], [ 230161.32165698215249, 900281.564513060031459 ], [ 230143.143282726436155, 900298.040431104134768 ], [ 230126.667364682391053, 900316.218805359909311 ], [ 230112.052574947447283, 900335.924568145885132 ], [ 230099.439661935990443, 900356.967942194314674 ], [ 230088.950094895262737, 900379.146268309443258 ], [ 230080.68489409002359, 900402.245957087143324 ], [ 230074.723657922266284, 900426.044545896700583 ], [ 230071.12379635500838, 900450.31284131843131 ], [ 230069.919978023070144, 900474.817126400768757 ], [ 230071.12379635500838, 900499.321411483106203 ], [ 230074.723657922266284, 900523.58970690483693 ], [ 230080.68489409002359, 900547.388295714394189 ], [ 230088.950094895262737, 900570.487984492094256 ], [ 230099.439661935990443, 900592.66631060722284 ], [ 230112.052574947447283, 900613.709684655652381 ], [ 230126.667364682391053, 900633.415447441628203 ], [ 230143.143282726436155, 900651.593821697402745 ], [ 230161.32165698215249, 900668.069739741506055 ], [ 230181.027419768157415, 900682.684529476449825 ], [ 230202.070793816557853, 900695.297442487906665 ], [ 230224.249119931802852, 900705.787009528605267 ], [ 230247.348808709444711, 900714.052210333873518 ], [ 230271.147397519031074, 900720.013446501572616 ], [ 230295.415692940674489, 900723.61330806883052 ], [ 230319.919978023070144, 900724.817126400768757 ], [ 230344.424263105465798, 900723.61330806883052 ], [ 230368.692558527109213, 900720.013446501572616 ], [ 230392.491147336695576, 900714.052210333873518 ], [ 230415.590836114337435, 900705.787009528605267 ], [ 230437.769162229582435, 900695.297442487906665 ], [ 230458.812536277982872, 900682.684529476449825 ], [ 230478.518299063987797, 900668.069739741506055 ], [ 230496.696673319704132, 900651.593821697402745 ], [ 230513.172591363749234, 900633.415447441628203 ], [ 230527.787381098693004, 900613.709684655652381 ], [ 230540.400294110149844, 900592.66631060722284 ], [ 230550.88986115087755, 900570.487984492094256 ], [ 230559.155061956116697, 900547.388295714394189 ], [ 230565.116298123874003, 900523.58970690483693 ], [ 230568.716159691131907, 900499.321411483106203 ], [ 230569.919978023070144, 900474.817126400768757 ] ] ] } },
{ "type": "Feature", "properties": { "newname": "107_Pardee School of Global Studies", "element": "node" }, "geometry": { "type": "Polygon", "coordinates": [ [ [ 233296.123783387884032, 900066.43465345504228 ], [ 233294.919965055945795, 900041.930368372704834 ], [ 233291.320103488687892, 900017.662072950974107 ], [ 233285.358867320930585, 899993.863484141416848 ], [ 233277.093666515691439, 899970.763795363716781 ], [ 233266.604099474963732, 899948.585469248588197 ], [ 233253.991186463506892, 899927.542095200158656 ], [ 233239.376396728563122, 899907.836332414182834 ], [ 233222.900478684518021, 899889.657958158408292 ], [ 233204.722104428801686, 899873.182040114304982 ], [ 233185.01634164279676, 899858.567250379361212 ], [ 233163.972967594396323, 899845.954337367904373 ], [ 233141.794641479151323, 899835.46477032720577 ], [ 233118.694952701509465, 899827.199569521937519 ], [ 233094.896363891923102, 899821.238333354238421 ], [ 233070.628068470279686, 899817.638471786980517 ], [ 233046.123783387884032, 899816.43465345504228 ], [ 233021.619498305488378, 899817.638471786980517 ], [ 232997.351202883844962, 899821.238333354238421 ], [ 232973.552614074258599, 899827.199569521937519 ], [ 232950.452925296616741, 899835.46477032720577 ], [ 232928.274599181371741, 899845.954337367904373 ], [ 232907.231225132971304, 899858.567250379361212 ], [ 232887.525462346966378, 899873.182040114304982 ], [ 232869.347088091250043, 899889.657958158408292 ], [ 232852.871170047204942, 899907.836332414182834 ], [ 232838.256380312261172, 899927.542095200158656 ], [ 232825.643467300804332, 899948.585469248588197 ], [ 232815.153900260076625, 899970.763795363716781 ], [ 232806.888699454837479, 899993.863484141416848 ], [ 232800.927463287080172, 900017.662072950974107 ], [ 232797.327601719822269, 900041.930368372704834 ], [ 232796.123783387884032, 900066.43465345504228 ], [ 232797.327601719822269, 900090.938938537379727 ], [ 232800.927463287080172, 900115.207233959110454 ], [ 232806.888699454837479, 900139.005822768667713 ], [ 232815.153900260076625, 900162.105511546367779 ], [ 232825.643467300804332, 900184.283837661496364 ], [ 232838.256380312261172, 900205.327211709925905 ], [ 232852.871170047204942, 900225.032974495901726 ], [ 232869.347088091250043, 900243.211348751676269 ], [ 232887.525462346966378, 900259.687266795779578 ], [ 232907.231225132971304, 900274.302056530723348 ], [ 232928.274599181371741, 900286.914969542180188 ], [ 232950.452925296616741, 900297.404536582878791 ], [ 232973.552614074258599, 900305.669737388147041 ], [ 232997.351202883844962, 900311.63097355584614 ], [ 233021.619498305488378, 900315.230835123104043 ], [ 233046.123783387884032, 900316.43465345504228 ], [ 233070.628068470279686, 900315.230835123104043 ], [ 233094.896363891923102, 900311.63097355584614 ], [ 233118.694952701509465, 900305.669737388147041 ], [ 233141.794641479151323, 900297.404536582878791 ], [ 233163.972967594396323, 900286.914969542180188 ], [ 233185.01634164279676, 900274.302056530723348 ], [ 233204.722104428801686, 900259.687266795779578 ], [ 233222.900478684518021, 900243.211348751676269 ], [ 233239.376396728563122, 900225.032974495901726 ], [ 233253.991186463506892, 900205.327211709925905 ], [ 233266.604099474963732, 900184.283837661496364 ], [ 233277.093666515691439, 900162.105511546367779 ], [ 233285.358867320930585, 900139.005822768667713 ], [ 233291.320103488687892, 900115.207233959110454 ], [ 233294.919965055945795, 900090.938938537379727 ], [ 233296.123783387884032, 900066.43465345504228 ] ] ] } },
{ "type": "Feature", "properties": { "newname": "108_Codman Academy Charter Public School - Upper School", "element": "node" }, "geometry": { "type": "Polygon", "coordinates": [ [ [ 235528.061851654900238, 893333.787049335660413 ], [ 235526.858033322962001, 893309.282764253322966 ], [ 235523.258171755704097, 893285.014468831592239 ], [ 235517.296935587946791, 893261.21588002203498 ], [ 235509.031734782707645, 893238.116191244334914 ], [ 235498.542167741979938, 893215.93786512920633 ], [ 235485.929254730523098, 893194.894491080776788 ], [ 235471.314464995579328, 893175.188728294800967 ], [ 235454.838546951534227, 893157.010354039026424 ], [ 235436.660172695817892, 893140.534435994923115 ], [ 235416.954409909812966, 893125.919646259979345 ], [ 235395.911035861412529, 893113.306733248522505 ], [ 235373.732709746167529, 893102.817166207823902 ], [ 235350.63302096852567, 893094.551965402555652 ], [ 235326.834432158939308, 893088.590729234856553 ], [ 235302.566136737295892, 893084.99086766759865 ], [ 235278.061851654900238, 893083.787049335660413 ], [ 235253.557566572504584, 893084.99086766759865 ], [ 235229.289271150861168, 893088.590729234856553 ], [ 235205.490682341274805, 893094.551965402555652 ], [ 235182.390993563632946, 893102.817166207823902 ], [ 235160.212667448387947, 893113.306733248522505 ], [ 235139.169293399987509, 893125.919646259979345 ], [ 235119.463530613982584, 893140.534435994923115 ], [ 235101.285156358266249, 893157.010354039026424 ], [ 235084.809238314221147, 893175.188728294800967 ], [ 235070.194448579277378, 893194.894491080776788 ], [ 235057.581535567820538, 893215.93786512920633 ], [ 235047.091968527092831, 893238.116191244334914 ], [ 235038.826767721853685, 893261.21588002203498 ], [ 235032.865531554096378, 893285.014468831592239 ], [ 235029.265669986838475, 893309.282764253322966 ], [ 235028.061851654900238, 893333.787049335660413 ], [ 235029.265669986838475, 893358.291334417997859 ], [ 235032.865531554096378, 893382.559629839728586 ], [ 235038.826767721853685, 893406.358218649285845 ], [ 235047.091968527092831, 893429.457907426985912 ], [ 235057.581535567820538, 893451.636233542114496 ], [ 235070.194448579277378, 893472.679607590544038 ], [ 235084.809238314221147, 893492.385370376519859 ], [ 235101.285156358266249, 893510.563744632294402 ], [ 235119.463530613982584, 893527.039662676397711 ], [ 235139.169293399987509, 893541.654452411341481 ], [ 235160.212667448387947, 893554.267365422798321 ], [ 235182.390993563632946, 893564.756932463496923 ], [ 235205.490682341274805, 893573.022133268765174 ], [ 235229.289271150861168, 893578.983369436464272 ], [ 235253.557566572504584, 893582.583231003722176 ], [ 235278.061851654900238, 893583.787049335660413 ], [ 235302.566136737295892, 893582.583231003722176 ], [ 235326.834432158939308, 893578.983369436464272 ], [ 235350.63302096852567, 893573.022133268765174 ], [ 235373.732709746167529, 893564.756932463496923 ], [ 235395.911035861412529, 893554.267365422798321 ], [ 235416.954409909812966, 893541.654452411341481 ], [ 235436.660172695817892, 893527.039662676397711 ], [ 235454.838546951534227, 893510.563744632294402 ], [ 235471.314464995579328, 893492.385370376519859 ], [ 235485.929254730523098, 893472.679607590544038 ], [ 235498.542167741979938, 893451.636233542114496 ], [ 235509.031734782707645, 893429.457907426985912 ], [ 235517.296935587946791, 893406.358218649285845 ], [ 235523.258171755704097, 893382.559629839728586 ], [ 235526.858033322962001, 893358.291334417997859 ], [ 235528.061851654900238, 893333.787049335660413 ] ] ] } },
{ "type": "Feature", "properties": { "newname": "109_Kingsley Montessori School", "element": "node" }, "geometry": { "type": "Polygon", "coordinates": [ [ [ 234898.80594361416297, 900105.399925609934144 ], [ 234897.602125282224733, 900080.895640527596697 ], [ 234894.00226371496683, 900056.62734510586597 ], [ 234888.041027547209524, 900032.828756296308711 ], [ 234879.775826741970377, 900009.729067518608645 ], [ 234869.28625970124267, 899987.55074140348006 ], [ 234856.673346689785831, 899966.507367355050519 ], [ 234842.058556954842061, 899946.801604569074698 ], [ 234825.582638910796959, 899928.623230313300155 ], [ 234807.404264655080624, 899912.147312269196846 ], [ 234787.698501869075699, 899897.532522534253076 ], [ 234766.655127820675261, 899884.919609522796236 ], [ 234744.476801705430262, 899874.430042482097633 ], [ 234721.377112927788403, 899866.164841676829383 ], [ 234697.57852411820204, 899860.203605509130284 ], [ 234673.310228696558625, 899856.603743941872381 ], [ 234648.80594361416297, 899855.399925609934144 ], [ 234624.301658531767316, 899856.603743941872381 ], [ 234600.033363110123901, 899860.203605509130284 ], [ 234576.234774300537538, 899866.164841676829383 ], [ 234553.135085522895679, 899874.430042482097633 ], [ 234530.956759407650679, 899884.919609522796236 ], [ 234509.913385359250242, 899897.532522534253076 ], [ 234490.207622573245317, 899912.147312269196846 ], [ 234472.029248317528982, 899928.623230313300155 ], [ 234455.55333027348388, 899946.801604569074698 ], [ 234440.93854053854011, 899966.507367355050519 ], [ 234428.32562752708327, 899987.55074140348006 ], [ 234417.836060486355564, 900009.729067518608645 ], [ 234409.570859681116417, 900032.828756296308711 ], [ 234403.609623513359111, 900056.62734510586597 ], [ 234400.009761946101207, 900080.895640527596697 ], [ 234398.80594361416297, 900105.399925609934144 ], [ 234400.009761946101207, 900129.90421069227159 ], [ 234403.609623513359111, 900154.172506114002317 ], [ 234409.570859681116417, 900177.971094923559576 ], [ 234417.836060486355564, 900201.070783701259643 ], [ 234428.32562752708327, 900223.249109816388227 ], [ 234440.93854053854011, 900244.292483864817768 ], [ 234455.55333027348388, 900263.99824665079359 ], [ 234472.029248317528982, 900282.176620906568132 ], [ 234490.207622573245317, 900298.652538950671442 ], [ 234509.913385359250242, 900313.267328685615212 ], [ 234530.956759407650679, 900325.880241697072051 ], [ 234553.135085522895679, 900336.369808737770654 ], [ 234576.234774300537538, 900344.635009543038905 ], [ 234600.033363110123901, 900350.596245710738003 ], [ 234624.301658531767316, 900354.196107277995907 ], [ 234648.80594361416297, 900355.399925609934144 ], [ 234673.310228696558625, 900354.196107277995907 ], [ 234697.57852411820204, 900350.596245710738003 ], [ 234721.377112927788403, 900344.635009543038905 ], [ 234744.476801705430262, 900336.369808737770654 ], [ 234766.655127820675261, 900325.880241697072051 ], [ 234787.698501869075699, 900313.267328685615212 ], [ 234807.404264655080624, 900298.652538950671442 ], [ 234825.582638910796959, 900282.176620906568132 ], [ 234842.058556954842061, 900263.99824665079359 ], [ 234856.673346689785831, 900244.292483864817768 ], [ 234869.28625970124267, 900223.249109816388227 ], [ 234879.775826741970377, 900201.070783701259643 ], [ 234888.041027547209524, 900177.971094923559576 ], [ 234894.00226371496683, 900154.172506114002317 ], [ 234897.602125282224733, 900129.90421069227159 ], [ 234898.80594361416297, 900105.399925609934144 ] ] ] } },
{ "type": "Feature", "properties": { "newname": "110_Garfield James A. Elementary School", "element": "relation" }, "geometry": { "type": "Polygon", "coordinates": [ [ [ 227927.787295965244994, 900233.284350064350292 ], [ 227935.633244293450844, 900234.759541822830215 ], [ 227929.144455986563116, 900269.101115384954028 ], [ 227937.122097655199468, 900270.599047951167449 ], [ 227936.827599245472811, 900272.141853900044225 ], [ 227949.926013887044974, 900274.615426185773686 ], [ 227950.144995716982521, 900273.416660546790808 ], [ 227959.777359120344045, 900275.243325036251917 ], [ 227966.375696196744684, 900240.324611958116293 ], [ 227968.903184650436742, 900240.801196081331 ], [ 227970.392816264298744, 900232.931733324774541 ], [ 227967.865325073944405, 900232.455148673383519 ], [ 227969.195278831932228, 900225.373700222698972 ], [ 227968.396677609416656, 900225.226121165556833 ], [ 227961.761052356014261, 900223.955647953087464 ], [ 227960.574349469970912, 900230.237910062773153 ], [ 227949.706925353850238, 900228.195285530178808 ], [ 227954.832683095592074, 900201.001698539941572 ], [ 227934.604448990896344, 900197.177951484918594 ], [ 227927.787295965244994, 900233.284350064350292 ] ], [ [ 227955.722697995603085, 900240.30444101896137 ], [ 227951.236637944472022, 900264.101603438029997 ], [ 227942.723861918813782, 900262.501557334675454 ], [ 227947.226371923432453, 900238.704455085564405 ], [ 227955.722697995603085, 900240.30444101896137 ] ] ] } },
{ "type": "Feature", "properties": { "newname": "111_John P Holland", "element": "relation" }, "geometry": { "type": "Polygon", "coordinates": [ [ [ 235109.623973558365833, 895102.384609470842406 ], [ 235118.613902944431175, 895110.093799659516662 ], [ 235119.008082624030067, 895117.015856271027587 ], [ 235147.296748149150517, 895115.435488520539366 ], [ 235147.948077063600067, 895126.99073727009818 ], [ 235137.077963555755559, 895127.602879342157394 ], [ 235137.608322641724953, 895136.969308703322895 ], [ 235126.342359764152206, 895137.601704855915159 ], [ 235126.736807426961605, 895144.468225207179785 ], [ 235110.142999619274633, 895145.407267945120111 ], [ 235111.225912973633967, 895164.662295184796676 ], [ 235113.634133065206697, 895164.529919149819762 ], [ 235114.01276717626024, 895171.263067879714072 ], [ 235097.460248657560442, 895172.202346429927275 ], [ 235098.831659819465131, 895196.4350562695181 ], [ 235109.446018396673026, 895195.832686383277178 ], [ 235109.764241380325984, 895201.454764922498725 ], [ 235142.275299996923422, 895199.617767782416195 ], [ 235140.873557445331244, 895174.885051102377474 ], [ 235153.360088327637641, 895174.181025783065706 ], [ 235153.746873120660894, 895180.925325396819972 ], [ 235162.076717103278497, 895180.456015436444432 ], [ 235163.310882512014359, 895202.410977089311928 ], [ 235160.91086364549119, 895202.554484756081365 ], [ 235161.676058409211691, 895216.065259225200862 ], [ 235175.036745128396433, 895215.310104991658591 ], [ 235174.86289280661731, 895212.154651968274266 ], [ 235196.520419684471563, 895210.930088584311306 ], [ 235196.717940501577687, 895214.296706720720977 ], [ 235206.441564552485943, 895213.745563785894774 ], [ 235206.040733829897363, 895206.523559689987451 ], [ 235191.566940284625161, 895194.099366831709631 ], [ 235195.381906736671226, 895189.653167905984446 ], [ 235210.356523314636433, 895202.501968157943338 ], [ 235217.003902757103788, 895202.124268969055265 ], [ 235216.444124433444813, 895192.069007949321531 ], [ 235213.945162933552638, 895192.212002068059519 ], [ 235212.726141509599984, 895170.557014571502805 ], [ 235215.406497444579145, 895170.414928319165483 ], [ 235214.663520533649717, 895157.426321230013855 ], [ 235201.113031726883492, 895158.191558301215991 ], [ 235201.241463317128364, 895160.535923180053942 ], [ 235179.913686109619448, 895161.739906852366403 ], [ 235179.724400388397044, 895158.373330759583041 ], [ 235174.611027045175433, 895158.658768624067307 ], [ 235173.543720343383029, 895139.61485509108752 ], [ 235181.057148299820255, 895139.185914870700799 ], [ 235180.322404559672577, 895126.186245995690115 ], [ 235173.501756973826559, 895126.574221228482202 ], [ 235173.305499889916973, 895122.952133900020272 ], [ 235169.874562369775958, 895123.146021008724347 ], [ 235169.654679519415367, 895119.301661939243786 ], [ 235157.044320268527372, 895120.016147385700606 ], [ 235157.196280482428847, 895122.604997935937718 ], [ 235152.742696945206262, 895122.849319505621679 ], [ 235151.750722997356206, 895105.216463517397642 ], [ 235156.096441586734727, 895100.161974122514948 ], [ 235139.356334712792886, 895085.804934189654887 ], [ 235141.438083902176004, 895083.360537776025012 ], [ 235132.505637719208607, 895075.696036746609025 ], [ 235109.623973558365833, 895102.384609470842406 ] ], [ [ 235133.51218444420374, 895174.592794064781629 ], [ 235119.557685311330715, 895175.367277412908152 ], [ 235119.00429053750122, 895165.65639551950153 ], [ 235132.967164701083675, 895164.859737459337339 ], [ 235133.51218444420374, 895174.592794064781629 ] ] ] } },
{ "type": "Feature", "properties": { "newname": "112_Joseph Lee School", "element": "relation" }, "geometry": { "type": "Polygon", "coordinates": [ [ [ 234575.333300571073778, 893501.633347279625013 ], [ 234569.742899754957762, 893504.771550699719228 ], [ 234572.578067714086501, 893511.849949256051332 ], [ 234570.43145942222327, 893519.048263135598972 ], [ 234582.28160625428427, 893522.560991049162112 ], [ 234586.172232370561687, 893527.989544751588255 ], [ 234592.697074547177181, 893526.011145145166665 ], [ 234599.120385291695129, 893527.90882171690464 ], [ 234603.464404026133707, 893533.372938189888373 ], [ 234599.447490972175729, 893546.915618694387376 ], [ 234587.770302611985244, 893543.459250167245045 ], [ 234585.254441330500413, 893551.955339307663962 ], [ 234580.22026784249465, 893556.029311944264919 ], [ 234582.200528385583311, 893562.537022337084636 ], [ 234579.8438254542707, 893570.534051880473271 ], [ 234574.273085286607966, 893574.71646758238785 ], [ 234576.823627329460578, 893582.648758974508382 ], [ 234576.54642619373044, 893597.098449328215793 ], [ 234574.55581362528028, 893602.764674005680718 ], [ 234581.357808076281799, 893608.140890924609266 ], [ 234583.522974915802479, 893615.615877053351142 ], [ 234562.461646759882569, 893623.765343745006248 ], [ 234566.150445445935475, 893633.336049706093036 ], [ 234564.754086246452061, 893633.873462889809161 ], [ 234575.06353630128433, 893660.538062849664129 ], [ 234589.002353294490604, 893655.163842057227157 ], [ 234589.735264522110811, 893657.055746876168996 ], [ 234621.03378971159691, 893644.957986252498813 ], [ 234619.706424700416392, 893641.530296490527689 ], [ 234627.605473666248145, 893638.47014305985067 ], [ 234626.115364631608827, 893634.597344896756113 ], [ 234630.932405591127463, 893632.743865951662883 ], [ 234633.660362208203878, 893639.799548191018403 ], [ 234638.791376004752237, 893637.825436365325004 ], [ 234636.9918928144034, 893633.140253822668456 ], [ 234640.371284228225704, 893631.835084813879803 ], [ 234641.682311866024975, 893635.229375040042214 ], [ 234645.094689780264162, 893633.924370750202797 ], [ 234643.311374848446576, 893629.305912151001394 ], [ 234657.118140733044129, 893623.975606336607598 ], [ 234644.390421798161697, 893591.056475995806977 ], [ 234639.515403093944769, 893592.954090835526586 ], [ 234635.036704870901303, 893581.357864927384071 ], [ 234626.416718462074641, 893578.405222179368138 ], [ 234628.965607305377489, 893569.909309743437916 ], [ 234619.615901988028781, 893556.034263173933141 ], [ 234614.08338055483182, 893554.118735738098621 ], [ 234618.721019426273415, 893538.457557117100805 ], [ 234626.704117692366708, 893536.775164884980768 ], [ 234632.970939749269746, 893538.627671557827853 ], [ 234637.478219947312027, 893544.425842619733885 ], [ 234643.707655184640316, 893542.14612910116557 ], [ 234656.875238189415541, 893546.065347176627256 ], [ 234659.290585047769127, 893537.902017540065572 ], [ 234664.671874875202775, 893535.362667608191259 ], [ 234662.401604247366777, 893530.819558889139444 ], [ 234664.850332892907318, 893522.578642281354405 ], [ 234651.402647613896988, 893518.591383911203593 ], [ 234648.241504837409593, 893512.41106702957768 ], [ 234640.871194550447399, 893515.251648158766329 ], [ 234634.785564403835451, 893513.444457361241803 ], [ 234630.383019949600566, 893506.46939329453744 ], [ 234622.733740991679952, 893509.019821122055873 ], [ 234619.563259877322707, 893508.082281672162935 ], [ 234615.082376244652551, 893501.93991544097662 ], [ 234607.713544071040815, 893504.480632004560903 ], [ 234600.664385514362948, 893502.391039210604504 ], [ 234597.512530294741737, 893495.988638273905963 ], [ 234588.726557266898453, 893498.255821116035804 ], [ 234577.337539138621651, 893494.878641172777861 ], [ 234575.333300571073778, 893501.633347279625013 ] ], [ [ 234615.021854510821868, 893611.438829890452325 ], [ 234606.023896222235635, 893614.915681702434085 ], [ 234600.86106794315856, 893601.561102765379474 ], [ 234609.86723270919174, 893598.095392390969209 ], [ 234615.021854510821868, 893611.438829890452325 ] ] ] } },
{ "type": "Feature", "properties": { "newname": "113_Catholic Memorial", "element": "relation" }, "geometry": { "type": "Polygon", "coordinates": [ [ [ 227587.613306596496841, 891880.88443811959587 ], [ 227480.980668125470402, 891912.545791966258548 ], [ 227393.174676149850711, 892272.066458639106713 ], [ 227476.554020353796659, 892298.305571687757038 ], [ 227711.233218125998974, 892108.44231066852808 ], [ 227729.756426849722629, 892029.695959056727588 ], [ 227673.446604141616262, 891953.231886042514816 ], [ 227587.613306596496841, 891880.88443811959587 ] ] ] } },
{ "type": "Feature", "properties": { "newname": "114_Showa Boston", "element": "relation" }, "geometry": { "type": "Polygon", "coordinates": [ [ [ 230150.448273247835459, 895286.332692672149278 ], [ 230230.79508108535083, 895380.181865412159823 ], [ 230287.212240380409639, 895445.670996412052773 ], [ 230282.918021835997934, 895512.387313656858169 ], [ 230505.742072506371187, 895513.061598362168297 ], [ 230525.843877444276586, 895512.726737930672243 ], [ 230548.11300919909263, 895427.21670629887376 ], [ 230568.687434076389764, 895384.597163959522732 ], [ 230561.504184733581496, 895381.27807605068665 ], [ 230586.634481283021159, 895324.349511700682342 ], [ 230618.674757960543502, 895263.552336313994601 ], [ 230623.762174007075373, 895265.37392864166759 ], [ 230627.758203458215576, 895243.287095838692039 ], [ 230652.769390109198866, 895212.028049861313775 ], [ 230582.504651186580304, 895126.981844403548166 ], [ 230548.991504576639272, 895086.426546841394156 ], [ 230470.623145988007309, 895116.554847521241754 ], [ 230454.413294923549984, 895120.37231070024427 ], [ 230433.137070529046468, 895119.380486945505254 ], [ 230363.599763514386723, 895117.102749706245959 ], [ 230276.066004885127768, 895114.226140909129754 ], [ 230167.960360740777105, 895088.369478069245815 ], [ 230148.441110834479332, 895094.861501370789483 ], [ 230162.232325963297626, 895095.520450227195397 ], [ 230169.949507076729788, 895112.870378648512997 ], [ 230150.963633452367503, 895137.281322738621384 ], [ 230210.471431948390091, 895242.070814937120304 ], [ 230150.448273247835459, 895286.332692672149278 ] ] ] } },
{ "type": "Feature", "properties": { "newname": "115_Cathleen Stone Island Outward Bound Education Center", "element": "relation" }, "geometry": { "type": "Polygon", "coordinates": [ [ [ 239804.398064424400218, 895853.880079346243292 ], [ 239809.050950376316905, 895832.9461138646584 ], [ 239823.980761771148536, 895798.130133677041158 ], [ 239844.632793722499628, 895764.690644130343571 ], [ 239862.754304376780055, 895731.192439848091453 ], [ 239878.287211073911749, 895702.056051591876894 ], [ 239889.985286068171263, 895671.687200626474805 ], [ 239917.008244672557339, 895640.194600956281647 ], [ 239947.165596852690214, 895609.941761446534656 ], [ 239968.220243257295806, 895585.646593982703052 ], [ 239984.583333037851844, 895574.4874789431924 ], [ 240015.241955548757687, 895567.808397203218192 ], [ 240020.243247433012584, 895564.026904619648121 ], [ 240036.516224574064836, 895552.789643141091801 ], [ 240066.025745253573405, 895548.125848057447001 ], [ 240090.677228755143005, 895548.144159155432135 ], [ 240113.691321512596915, 895550.474733175709844 ], [ 240128.066607962973649, 895556.85483586974442 ], [ 240143.664834103052272, 895568.529232156812213 ], [ 240149.340969217155362, 895580.857902391464449 ], [ 240147.366825292963767, 895587.278011417714879 ], [ 240141.135102025931701, 895588.50871843402274 ], [ 240112.831087671074783, 895581.316011098329909 ], [ 240093.839423582947347, 895582.062999667366967 ], [ 240085.966099695157027, 895580.563000562484376 ], [ 240078.167146953084739, 895577.58610517741181 ], [ 240069.595557735767215, 895574.193829658557661 ], [ 240056.883818715112284, 895575.376582914963365 ], [ 240047.283693548233714, 895580.309278217609972 ], [ 240031.951835276151542, 895588.441706349956803 ], [ 240021.063529503939208, 895596.632778754690662 ], [ 240008.924860401835758, 895602.884007810731418 ], [ 240002.531602266477421, 895607.879441130207852 ], [ 239996.097858049120987, 895614.196470655035228 ], [ 239971.136956877075136, 895632.393419184256345 ], [ 239973.595331611722941, 895639.383052127435803 ], [ 239973.800997217796976, 895639.461975390324369 ], [ 239984.394523505994584, 895643.943081731209531 ], [ 239991.981111180619337, 895646.563218346098438 ], [ 240003.445071107329568, 895647.305996328941546 ], [ 240014.256880112632643, 895646.74547677708324 ], [ 240028.865454296261305, 895646.884157299995422 ], [ 240037.77825538199977, 895648.25671846116893 ], [ 240049.20130296816933, 895648.943799455766566 ], [ 240060.02683631691616, 895650.316174841369502 ], [ 240080.950648804340744, 895656.255859120399691 ], [ 240090.520338151021861, 895653.755630702245981 ], [ 240098.818176140310243, 895648.748921564780176 ], [ 240106.47038221146795, 895645.637963140150532 ], [ 240128.848029633751139, 895633.747053941711783 ], [ 240135.915544567804318, 895626.189695636858232 ], [ 240146.136279038648354, 895623.748797296662815 ], [ 240161.440604278759565, 895617.560314202448353 ], [ 240170.382668228907278, 895613.81254305539187 ], [ 240183.174493907165015, 895604.377403274527751 ], [ 240190.23391581577016, 895596.808945497847162 ], [ 240199.232131507538725, 895586.130303353304043 ], [ 240205.662528319633566, 895580.435473016579635 ], [ 240219.14660183043452, 895565.306087099947035 ], [ 240224.95176080512465, 895556.497531989356503 ], [ 240230.715537958807545, 895546.278062343480997 ], [ 240237.140400589909405, 895531.474884683033451 ], [ 240241.918815849901875, 895516.240197106613778 ], [ 240248.424771168618463, 895497.3609550393885 ], [ 240252.934026220114902, 895481.624887008802034 ], [ 240258.424857758451253, 895477.335409671417437 ], [ 240264.968274083657889, 895476.406499735778198 ], [ 240270.385327809257433, 895477.803770241560414 ], [ 240275.563594410894439, 895483.46504811081104 ], [ 240279.290528291021474, 895494.927363057155162 ], [ 240280.145811702066567, 895501.063732748501934 ], [ 240281.371812955127098, 895508.690662899753079 ], [ 240281.880627916340018, 895522.056185323512182 ], [ 240281.664882657991257, 895525.176223687361926 ], [ 240281.146494658838492, 895532.193344358238392 ], [ 240281.627480986411683, 895534.5842631009873 ], [ 240284.78721152068465, 895550.064334352384321 ], [ 240288.521412027504994, 895560.249307643971406 ], [ 240290.331032583781052, 895571.056397193460725 ], [ 240294.026767227274831, 895585.073323384509422 ], [ 240303.423948852054309, 895599.756067763548344 ], [ 240324.76752597495215, 895631.690994038712233 ], [ 240336.031396818201756, 895651.505156978731975 ], [ 240343.52606073327479, 895668.687394565204158 ], [ 240349.144094809889793, 895679.57189113390632 ], [ 240353.430901542218635, 895695.436129041947424 ], [ 240360.231810452853097, 895717.124148521223105 ], [ 240363.942774601950077, 895729.886029045563191 ], [ 240367.614709576300811, 895745.135822233045474 ], [ 240377.594324378849706, 895767.441927627776749 ], [ 240399.704319773882162, 895783.497423131251708 ], [ 240425.471880561410217, 895818.690443597966805 ], [ 240450.676979513285914, 895845.560625174781308 ], [ 240463.221616369031835, 895864.74922997248359 ], [ 240485.816740738751832, 895896.691871566232294 ], [ 240497.734582847624552, 895915.888039823039435 ], [ 240503.346153687598417, 895929.249657665612176 ], [ 240512.080973879958037, 895947.127911760238931 ], [ 240513.180510948499432, 895968.061244806973264 ], [ 240519.383561099559302, 895984.636424482683651 ], [ 240536.462772673694417, 895993.687708030687645 ], [ 240548.486815575015498, 896000.132882937788963 ], [ 240571.230143068096368, 896016.24812208279036 ], [ 240576.884491228149273, 896026.444340298767202 ], [ 240593.390225355775328, 896029.127713336027227 ], [ 240598.557110429566819, 896020.937807814916596 ], [ 240603.058247022621799, 896015.254413500311784 ], [ 240623.977312186936615, 896021.751086500356905 ], [ 240625.114615773491096, 896038.941347973886877 ], [ 240624.642436861322494, 896040.760291202110238 ], [ 240621.817868893907871, 896051.629569457611069 ], [ 240620.440338995133061, 896061.751881024800241 ], [ 240619.081900262390263, 896069.997093252139166 ], [ 240615.836566703248536, 896079.497690306510776 ], [ 240615.06716429349035, 896092.811440946534276 ], [ 240615.577123307652073, 896093.014326064032502 ], [ 240624.582748054090189, 896096.754123401944526 ], [ 240636.553649855253752, 896109.497240403317846 ], [ 240646.541617590322858, 896128.693627946544439 ], [ 240650.553802989656106, 896177.635369798401371 ], [ 240657.706644154968672, 896232.315772220725194 ], [ 240664.418181385961361, 896263.500730941770598 ], [ 240673.063212343782652, 896289.631745069054887 ], [ 240687.474248187616467, 896315.129668946145102 ], [ 240715.096950539737009, 896355.377462960314006 ], [ 240740.910699833737453, 896384.807038521044888 ], [ 240760.921275492815766, 896421.245387986069545 ], [ 240770.895955870684702, 896445.440383422421291 ], [ 240774.522044583165552, 896468.376722016953863 ], [ 240795.832469737943029, 896500.935000151861459 ], [ 240827.862621562147979, 896545.696369666722603 ], [ 240855.442314085259568, 896591.631668302579783 ], [ 240891.34529351053061, 896629.440167049295269 ], [ 240899.742917131690774, 896636.942322144750506 ], [ 240932.980654094135389, 896666.626865992206149 ], [ 240976.381914591765963, 896690.694725910783745 ], [ 241019.104212304810062, 896706.750193996122107 ], [ 241064.688176373310853, 896712.681242792983539 ], [ 241100.069285056873923, 896706.911996089038439 ], [ 241119.451085950800916, 896696.750633240444586 ], [ 241140.672590728616342, 896676.492017944226973 ], [ 241150.778368783590849, 896654.057924586930312 ], [ 241174.203971767099574, 896630.491088320035487 ], [ 241192.990067736362107, 896623.569907835684717 ], [ 241212.221320905926405, 896620.872338798595592 ], [ 241226.594559549062978, 896625.655187572119758 ], [ 241237.651395240362035, 896629.463346050237305 ], [ 241242.441580910002813, 896637.766730575356632 ], [ 241247.288284136622678, 896646.27038996713236 ], [ 241248.897126372205094, 896654.466254652361386 ], [ 241246.698630267987028, 896670.903964511235245 ], [ 241242.020414285711013, 896689.893024700577371 ], [ 241239.460590689326636, 896710.316308086272329 ], [ 241243.34803562547313, 896737.597581231500953 ], [ 241253.089860014501028, 896761.780813717283309 ], [ 241258.108023028180469, 896777.572187910205685 ], [ 241263.715562087483704, 896788.446281869197264 ], [ 241263.601111846859567, 896799.52005979930982 ], [ 241262.648780489864293, 896811.49975799722597 ], [ 241256.48255887045525, 896827.003347599762492 ], [ 241227.086018187110312, 896848.313347063027322 ], [ 241207.237942224484868, 896862.126139407511801 ], [ 241144.145007859973703, 896876.185637127258815 ], [ 241063.921366327878786, 896886.313444303465076 ], [ 241015.583541768864961, 896887.752995115472004 ], [ 240966.577304617821937, 896882.246625840896741 ], [ 240917.318439791939454, 896879.060652671731077 ], [ 240862.805550946679432, 896862.226359686115757 ], [ 240787.371428816230036, 896846.781748774694279 ], [ 240680.626298891962506, 896809.074471077648923 ], [ 240646.360747094731778, 896793.136588139808737 ], [ 240624.74418394593522, 896776.505512244766578 ], [ 240600.60804798087338, 896756.505408650729805 ], [ 240576.479533319041366, 896728.019100672681816 ], [ 240547.915435383300064, 896698.185472701210529 ], [ 240522.117524989473168, 896667.501500172656961 ], [ 240493.095784497098066, 896641.186624309164472 ], [ 240467.251850303728133, 896615.556625575525686 ], [ 240454.020629423263017, 896602.750991135369986 ], [ 240445.163047170906793, 896596.301963294157758 ], [ 240438.23217816313263, 896587.375889185466804 ], [ 240436.114938440907281, 896578.544150345260277 ], [ 240435.172968569386285, 896574.628801307757385 ], [ 240436.321893174463185, 896568.359523908351548 ], [ 240436.827342885400867, 896565.041210352093913 ], [ 240432.60945459609502, 896547.355615070555359 ], [ 240417.393839412165107, 896519.776428795652464 ], [ 240401.317484427738236, 896484.161422190489247 ], [ 240391.810134544299217, 896461.635804501362145 ], [ 240380.994643226265907, 896438.647270056651905 ], [ 240368.966442595381523, 896418.673100852640346 ], [ 240353.50097184596234, 896392.880976832238957 ], [ 240332.734490317176096, 896368.558026379207149 ], [ 240296.131157801864902, 896337.124260747921653 ], [ 240270.29644837079104, 896309.562314842478372 ], [ 240231.093593792931642, 896272.737854836275801 ], [ 240192.647725377581082, 896244.748607767047361 ], [ 240150.959400323103182, 896212.831130153499544 ], [ 240097.232134487392614, 896178.445967537583783 ], [ 240050.69088721004664, 896153.132746874238364 ], [ 240014.840409032825846, 896138.199765235302038 ], [ 239968.646776765148388, 896116.898967527085915 ], [ 239927.834291799925268, 896090.130695282481611 ], [ 239907.451207169506233, 896077.729816069011576 ], [ 239883.285791991453152, 896063.563626331626438 ], [ 239862.861416023864876, 896045.331077732611448 ], [ 239841.151525308174314, 896019.704656197107397 ], [ 239827.929785888205515, 895994.637332171783783 ], [ 239815.090756338177016, 895968.939060366014019 ], [ 239811.183320866693975, 895951.411134877474979 ], [ 239810.236162581248209, 895939.598242735490203 ], [ 239814.704950783459935, 895922.051096729002893 ], [ 239826.699013416597154, 895903.358043331769295 ], [ 239846.661644814390456, 895880.955744600621983 ], [ 239856.267641263752012, 895874.889819415751845 ], [ 239871.53853988359333, 895874.454327347339131 ], [ 239878.832976815989241, 895877.672505673952401 ], [ 239873.54874751783791, 895890.694135768339038 ], [ 239859.602409719693242, 895910.531248051906005 ], [ 239846.787882845674176, 895948.880300314398482 ], [ 239843.284079934179317, 895953.248004461987875 ], [ 239839.722133322211448, 895957.693135137436911 ], [ 239839.912687436299166, 895961.892941452446394 ], [ 239842.13325851096306, 895968.659030508133583 ], [ 239844.592894229688682, 895981.246932333451696 ], [ 239853.535142252454534, 895978.809473985573277 ], [ 239863.056727133545792, 895978.885661186766811 ], [ 239883.452176357823191, 895974.63597008807119 ], [ 239898.145835344359512, 895968.376805384643376 ], [ 239910.048617138701957, 895967.244715714361519 ], [ 239924.840016601840034, 895958.298087526345626 ], [ 239943.375481846742332, 895960.75819425447844 ], [ 239974.920077671529725, 895967.602098474511877 ], [ 240005.501483154628659, 895981.438543672324158 ], [ 240016.276496288948692, 895987.253665834432468 ], [ 240031.451095841417555, 895995.004382230341434 ], [ 240048.567737728531938, 896003.377118171192706 ], [ 240059.941717555368086, 896011.128467002068646 ], [ 240066.833513813151512, 896021.309105208027177 ], [ 240073.736635595356347, 896030.945535460254177 ], [ 240076.848271494323853, 896040.438177020172589 ], [ 240083.804255675699096, 896043.687964712968096 ], [ 240109.285079193301499, 896038.201636174926534 ], [ 240116.364857083652169, 896031.310789607698098 ], [ 240143.165463718032697, 896021.37790679896716 ], [ 240160.386255949066253, 896015.811288896016777 ], [ 240166.787884064280661, 896010.749398038955405 ], [ 240173.204555292526493, 896004.499070076853968 ], [ 240175.811999134923099, 895996.882945528137498 ], [ 240182.286301330401329, 895984.879142655292526 ], [ 240190.634949753264664, 895976.696015546680428 ], [ 240200.233200490125455, 895969.130968229728751 ], [ 240208.391590176499449, 895981.251734332065098 ], [ 240207.948057565779891, 895989.613331172149628 ], [ 240207.635500833916012, 895995.254279181128368 ], [ 240205.63270928314887, 896006.694914221181534 ], [ 240203.000822532339953, 896014.255349531187676 ], [ 240194.695157584123081, 896019.250784683274105 ], [ 240182.526978958718246, 896029.322612105170265 ], [ 240172.277502204000484, 896036.895071108010598 ], [ 240171.31791737570893, 896037.467191864037886 ], [ 240149.255753285164246, 896050.626052646199241 ], [ 240140.284197754808702, 896058.19474724913016 ], [ 240133.225350723601878, 896065.752154372865334 ], [ 240128.086241982062347, 896072.065348435658962 ], [ 240122.926340587611776, 896077.689747285214253 ], [ 240115.848198386956938, 896087.190917656756938 ], [ 240118.820289073133608, 896092.228576253401116 ], [ 240119.612330078583909, 896093.566025026724674 ], [ 240126.557529766287189, 896098.69300362165086 ], [ 240138.534337109071203, 896113.445803913404234 ], [ 240142.254806061013369, 896121.686776442453265 ], [ 240142.194819045049371, 896129.306349605438299 ], [ 240149.162416923529236, 896131.945343271130696 ], [ 240160.611877177958377, 896130.755551580805331 ], [ 240171.533782233600505, 896119.454713005572557 ], [ 240177.314899707242148, 896111.878935048589483 ], [ 240185.633376241952647, 896107.505586325773038 ], [ 240199.66391098924214, 896101.876402094261721 ], [ 240209.887535630230559, 896098.813580589368939 ], [ 240226.422210322809406, 896096.431124781025574 ], [ 240236.347909090924077, 896090.689669828396291 ], [ 240237.307428488624282, 896090.128665274009109 ], [ 240234.945792412443552, 896069.188153246650472 ], [ 240233.284067499218509, 896041.187119975103997 ], [ 240230.384558326011756, 896011.946046878583729 ], [ 240228.371255217702128, 895997.838797580101527 ], [ 240227.388093085348373, 895991.001908742124215 ], [ 240241.024598955613328, 895960.63360138121061 ], [ 240263.412546570878476, 895946.810428838944063 ], [ 240279.951160007040016, 895943.806086231721565 ], [ 240292.132422176830005, 895934.378751636482775 ], [ 240300.995249085885007, 895925.698852973524481 ], [ 240301.136160452268086, 895925.566367622464895 ], [ 240301.208191470010206, 895917.313725286978297 ], [ 240298.097183403267991, 895907.754342375323176 ], [ 240289.305125388404122, 895896.885018015862443 ], [ 240277.952041558193741, 895884.057179751689546 ], [ 240257.754769010760356, 895868.001906269229949 ], [ 240243.866906650160672, 895855.814969907514751 ], [ 240219.816938882868271, 895841.62607531901449 ], [ 240206.515497839835007, 895836.440446330816485 ], [ 240195.732915761065669, 895831.935705150943249 ], [ 240179.95443226757925, 895821.626406166586094 ], [ 240167.61739873958868, 895778.935517020057887 ], [ 240156.862228654208593, 895772.498246134491637 ], [ 240151.223870412970427, 895762.246927738422528 ], [ 240141.807316342892591, 895749.497019138070755 ], [ 240128.693863297230564, 895721.441775267827325 ], [ 240117.384907367406413, 895708.003529858426191 ], [ 240109.772614437155426, 895704.127935823285952 ], [ 240093.304148443829035, 895697.635962830390781 ], [ 240075.507867996988352, 895695.557341446983628 ], [ 240073.526923102384899, 895703.188176846480928 ], [ 240072.786792109865928, 895715.880105185671709 ], [ 240073.150391434348421, 895718.625788887729868 ], [ 240075.166892370354617, 895733.688267970341258 ], [ 240045.231384544167668, 895736.561249984195456 ], [ 240018.477352858550148, 895743.939990966580808 ], [ 239998.003666562319268, 895754.564690316095948 ], [ 239960.334377464343561, 895772.056263529229909 ], [ 239946.913763945252867, 895777.63385051174555 ], [ 239924.560623073106399, 895788.24808664387092 ], [ 239898.380806724133436, 895802.006386236753315 ], [ 239886.830244048120221, 895810.760404215427116 ], [ 239884.176705794408917, 895822.186325259273872 ], [ 239880.92754020987195, 895831.065196885960177 ], [ 239881.922456950589549, 895837.346712850034237 ], [ 239882.14566831177217, 895838.6920154041145 ], [ 239880.934033746365458, 895840.095826593926176 ], [ 239875.696943055110751, 895846.253138008294627 ], [ 239870.983740065072197, 895858.889236593269743 ], [ 239855.394311755371746, 895858.789753110264428 ], [ 239842.047578470199369, 895858.647472121869214 ], [ 239841.232298813876696, 895859.942458471516147 ], [ 239832.953014234139118, 895861.750546963885427 ], [ 239824.678077800635947, 895864.247349716373719 ], [ 239817.004139478929574, 895865.436851879465394 ], [ 239810.705354933103081, 895859.636271327268332 ], [ 239806.063055704784347, 895855.400157023803331 ], [ 239804.398064424400218, 895853.880079346243292 ] ] ] } },
{ "type": "Feature", "properties": { "newname": "116_The English High", "element": "relation" }, "geometry": { "type": "Polygon", "coordinates": [ [ [ 232276.092018478288082, 895085.49921828485094 ], [ 232228.34416667863843, 895094.566249091178179 ], [ 232159.840432026830968, 895131.352247007656842 ], [ 232241.047983180324081, 895294.606895123491995 ], [ 232261.873215468745911, 895336.23397484770976 ], [ 232359.23293044505408, 895444.503459484665655 ], [ 232398.023513744585216, 895416.035377128049731 ], [ 232441.039446070586564, 895309.911059671663679 ], [ 232286.411062778410269, 895088.134670670726337 ], [ 232276.092018478288082, 895085.49921828485094 ] ] ] } },
{ "type": "Feature", "properties": { "newname": "117_St Peter Academy", "element": "way" }, "geometry": { "type": "Polygon", "coordinates": [ [ [ 237930.43477773462655, 898180.858899528277107 ], [ 237930.340587755228626, 898184.568387601408176 ], [ 237927.786018429993419, 898184.510172854876146 ], [ 237927.494971978769172, 898195.683022684417665 ], [ 237935.504622701031622, 898195.892859690124169 ], [ 237935.525840780202998, 898195.015460072318092 ], [ 237945.686293323000427, 898195.270239371573552 ], [ 237945.665014018391958, 898196.15874640760012 ], [ 237952.652861805545399, 898196.340871736872941 ], [ 237952.944308049918618, 898185.101378238759935 ], [ 237950.290903199871536, 898185.031513918074779 ], [ 237950.384863840503385, 898181.366455907584168 ], [ 237943.866696598823182, 898181.197975913528353 ], [ 237943.887735879106913, 898180.353898697998375 ], [ 237940.154835552180884, 898180.255995858926326 ], [ 237937.509610149514629, 898180.197288293740712 ], [ 237937.488571635913104, 898181.04136552917771 ], [ 237930.43477773462655, 898180.858899528277107 ] ] ] } },
{ "type": "Feature", "properties": { "newname": "118_Oliver Hazard Perry School", "element": "way" }, "geometry": { "type": "Polygon", "coordinates": [ [ [ 238705.001385775511153, 898046.278240888379514 ], [ 238704.776575968135148, 898055.674182545859367 ], [ 238707.726716635632329, 898055.745965335518122 ], [ 238707.320147882855963, 898072.705302776652388 ], [ 238704.180460963048972, 898072.632476499537006 ], [ 238703.944659255997976, 898082.528208132949658 ], [ 238732.448981644352898, 898083.196163897868246 ], [ 238732.676398416340817, 898073.333710123319179 ], [ 238729.437875774718123, 898073.249220207566395 ], [ 238729.825016309710918, 898056.834057792904787 ], [ 238733.022400367364753, 898056.907213393133134 ], [ 238733.258610681659775, 898046.944838584051467 ], [ 238705.001385775511153, 898046.278240888379514 ] ] ] } },
{ "type": "Feature", "properties": { "newname": "119_Harvard-Kent School", "element": "way" }, "geometry": { "type": "Polygon", "coordinates": [ [ [ 236416.656521878903732, 902955.478274745400995 ], [ 236409.614064035995398, 902960.384770621778443 ], [ 236412.074764580611372, 902963.918718874687329 ], [ 236405.164607806858839, 902968.725934205460362 ], [ 236406.660574936802732, 902970.888613354531117 ], [ 236399.105741725623375, 902976.136808256269433 ], [ 236400.46273824601667, 902978.098824417684227 ], [ 236396.891966989205685, 902980.579592593945563 ], [ 236388.324478242575424, 902968.272122040158138 ], [ 236377.0728494701616, 902971.712825397960842 ], [ 236386.555962063022889, 902985.335753276129253 ], [ 236384.704436007537879, 902986.625783494557254 ], [ 236402.9346978305839, 903012.834828765597194 ], [ 236405.67338054990978, 903016.758991176611744 ], [ 236399.193145061173709, 903021.257420399459079 ], [ 236415.935434986837208, 903045.32608117966447 ], [ 236421.961087244126247, 903041.136330599780194 ], [ 236432.547644937760197, 903056.34236221248284 ], [ 236448.483818316919496, 903045.261622690130025 ], [ 236432.583747153490549, 903022.385793725494295 ], [ 236437.311707021755865, 903019.100171398255043 ], [ 236431.540196039655712, 903010.805982549674809 ], [ 236432.623042612889549, 903010.045155584812164 ], [ 236434.037384726223536, 903012.063015208230354 ], [ 236441.625321402738336, 903006.781705676694401 ], [ 236440.113016658491688, 903004.596718340180814 ], [ 236447.163630005845334, 902999.701402893057093 ], [ 236445.634854077419732, 902997.516328939935192 ], [ 236452.644242302223574, 902992.631912991404533 ], [ 236450.502343371364987, 902989.566134839667939 ], [ 236458.115081367490347, 902984.273863999522291 ], [ 236456.790756650210824, 902982.367545489105396 ], [ 236463.510765054234071, 902977.703795962734148 ], [ 236455.221443459100556, 902965.775354709010571 ], [ 236448.112852533988189, 902970.725900450954214 ], [ 236446.257177747320384, 902968.050384232308716 ], [ 236443.01696594862733, 902970.310686710290611 ], [ 236439.657096151291626, 902965.47244263975881 ], [ 236432.416283775382908, 902970.511181269655935 ], [ 236424.731794418068603, 902959.463434857549146 ], [ 236421.152711816073861, 902961.955255471169949 ], [ 236416.656521878903732, 902955.478274745400995 ] ] ] } },
{ "type": "Feature", "properties": { "newname": "120_Excel Academy Charter School", "element": "way" }, "geometry": { "type": "Polygon", "coordinates": [ [ [ 241262.207837051944807, 903867.459218866424635 ], [ 241249.878398848639335, 903873.362865372560918 ], [ 241269.534641228208784, 903914.100032590446062 ], [ 241281.85579044665792, 903908.196371688274667 ], [ 241262.207837051944807, 903867.459218866424635 ] ] ] } },
{ "type": "Feature", "properties": { "newname": "121_Berea Seventh Day Adventist Academy", "element": "way" }, "geometry": { "type": "Polygon", "coordinates": [ [ [ 234001.826849452103488, 892510.53602182189934 ], [ 233987.26681579335127, 892522.906205707462505 ], [ 233989.571451439667726, 892525.616492583067156 ], [ 233990.126264609396458, 892525.163760520401411 ], [ 233997.368199800053844, 892533.684978393954225 ], [ 233981.483187608537264, 892547.159534136997536 ], [ 233982.467359163769288, 892548.319480960373767 ], [ 233973.166585404484067, 892556.216512505314313 ], [ 233978.423673434735974, 892562.417740728938952 ], [ 233977.554048570629675, 892563.157751528313383 ], [ 233979.497751693765167, 892565.455310037941672 ], [ 233980.483330043643946, 892564.615890917717479 ], [ 233984.821845089987619, 892569.735247683478519 ], [ 233996.968000885070069, 892560.174729583552107 ], [ 233998.230986733367899, 892561.669254770386033 ], [ 234007.091903547872789, 892554.336618827073835 ], [ 234005.716400257661007, 892552.230628813966177 ], [ 234012.740120377071435, 892546.166496688034385 ], [ 234017.588007629790809, 892551.69931834761519 ], [ 234020.462068713444751, 892549.22510808671359 ], [ 234021.092026512109442, 892548.583912201807834 ], [ 234021.440426878572907, 892548.174614905845374 ], [ 234021.780686787329614, 892547.743063008412719 ], [ 234022.096256666845875, 892547.300284100463614 ], [ 234022.370694372919388, 892546.835091042681597 ], [ 234022.645185831264826, 892546.358790627447888 ], [ 234022.87024346072576, 892545.871143530239351 ], [ 234023.08710690838052, 892545.37234919029288 ], [ 234023.271032376680523, 892544.86228793754708 ], [ 234023.422019862453453, 892544.340959767694585 ], [ 234023.556565220816992, 892543.808444461319596 ], [ 234023.658118866733275, 892543.275769599480554 ], [ 234023.734928726509679, 892542.742975073400885 ], [ 234023.770606360631064, 892542.187766376067884 ], [ 234023.797928627871443, 892541.65473251673393 ], [ 234023.784064937644871, 892541.110391849419102 ], [ 234023.745457437093137, 892540.565931514836848 ], [ 234023.673804462567205, 892540.032418990740553 ], [ 234023.577461381850298, 892539.487679437734187 ], [ 234023.456267036381178, 892538.965034949127585 ], [ 234023.302080915338593, 892538.442230908083729 ], [ 234023.123097237024922, 892537.930414571426809 ], [ 234022.911121770390309, 892537.418438686290756 ], [ 234022.682542958966224, 892536.928597766673192 ], [ 234022.420918635179987, 892536.44970466743689 ], [ 234003.762667520350078, 892514.466369428671896 ], [ 234004.57429691310972, 892513.781619693152606 ], [ 234001.826849452103488, 892510.53602182189934 ] ] ] } },
{ "type": "Feature", "properties": { "newname": "122_Cristo Rey Boston High School", "element": "way" }, "geometry": { "type": "Polygon", "coordinates": [ [ [ 236769.172232288052328, 895821.847627742681652 ], [ 236746.235563031048514, 895833.079814254073426 ], [ 236749.514736275828909, 895839.783794575370848 ], [ 236752.672156034503132, 895838.23410876095295 ], [ 236767.110198443522677, 895867.756135753705166 ], [ 236765.233982197009027, 895868.668266202555969 ], [ 236770.013990823354106, 895878.445833117119037 ], [ 236772.444006860721856, 895877.258907104842365 ], [ 236778.33345014313818, 895889.286040164297447 ], [ 236781.10233984712977, 895887.934273816179484 ], [ 236782.236230608948972, 895890.239501945441589 ], [ 236792.237401957157999, 895885.337782555725425 ], [ 236791.185140223940834, 895883.188487926032394 ], [ 236794.036649364337791, 895881.803835788392462 ], [ 236783.252982390811667, 895859.776358715491369 ], [ 236789.121537721512141, 895856.885730393580161 ], [ 236774.960784791212063, 895827.953817431582138 ], [ 236772.696039592672605, 895829.063852829043753 ], [ 236769.172232288052328, 895821.847627742681652 ] ] ] } },
{ "type": "Feature", "properties": { "newname": "123_Unknown", "element": "way" }, "geometry": { "type": "Polygon", "coordinates": [ [ [ 233699.915007012110436, 891307.639816500246525 ], [ 233666.342261211073492, 891315.632080970332026 ], [ 233667.595828906079987, 891320.880865128943697 ], [ 233656.178309698705561, 891324.358460115035996 ], [ 233657.181345816585235, 891326.795821837731637 ], [ 233658.151224410015857, 891329.266347902826965 ], [ 233659.088158034719527, 891331.725608923006803 ], [ 233659.967186137277167, 891334.217915871646255 ], [ 233660.80486059843679, 891336.732240313664079 ], [ 233661.601287729339674, 891339.246367542655207 ], [ 233662.356361296784598, 891341.782512232428417 ], [ 233663.061938277998706, 891344.318420220399275 ], [ 233663.726161781523842, 891346.876345643773675 ], [ 233664.340782513201702, 891349.456249022041447 ], [ 233664.914156134764198, 891352.035955125000328 ], [ 233665.446282694698311, 891354.61546394135803 ], [ 233665.920610443019541, 891357.205803866498172 ], [ 233666.361834261362674, 891359.818200644804165 ], [ 233666.753561837860616, 891362.43036063935142 ], [ 233667.1039893940615, 891365.053430659230798 ], [ 233667.404920811502961, 891367.67626388114877 ], [ 233667.65630299775512, 891370.309967641136609 ], [ 233667.997110128490021, 891374.943467138102278 ], [ 233689.497912694700062, 891369.22599684773013 ], [ 233692.321292978856945, 891365.351855898043141 ], [ 233687.361346259480342, 891343.368384978733957 ], [ 233711.841924949752865, 891337.320913832169026 ], [ 233707.378208662761608, 891318.527687876368873 ], [ 233702.761491115612444, 891319.616333097219467 ], [ 233699.915007012110436, 891307.639816500246525 ] ] ] } },
{ "type": "Feature", "properties": { "newname": "124_David A Ellis School", "element": "way" }, "geometry": { "type": "Polygon", "coordinates": [ [ [ 233553.747979638981633, 896224.496270099887624 ], [ 233528.864799971575849, 896232.119637951604091 ], [ 233531.007742663787212, 896239.12770583096426 ], [ 233533.988079121627379, 896238.219979959307238 ], [ 233539.491516426613089, 896256.218483065254986 ], [ 233536.775352230644785, 896257.049712694250047 ], [ 233543.512606312520802, 896279.075091235805303 ], [ 233546.426926098327385, 896278.178163406904787 ], [ 233551.768025756726274, 896295.631626050337218 ], [ 233548.267573712073499, 896296.703478259267285 ], [ 233550.580993831536034, 896304.256643762928434 ], [ 233559.942986713838764, 896301.402211743989028 ], [ 233561.233773371990537, 896305.584867331315763 ], [ 233567.846644766919781, 896303.561509757884778 ], [ 233566.661648888781201, 896299.668158148531802 ], [ 233574.562374672677834, 896297.262185534113087 ], [ 233571.883746134320972, 896288.507636978756636 ], [ 233569.05202181841014, 896289.371625495841727 ], [ 233551.876025688892696, 896233.262418185477145 ], [ 233556.036952594411559, 896231.993781133322045 ], [ 233553.747979638981633, 896224.496270099887624 ] ] ] } },
{ "type": "Feature", "properties": { "newname": "125_Clap Innovation", "element": "way" }, "geometry": { "type": "Polygon", "coordinates": [ [ [ 236422.681474180193618, 897043.804517281008884 ], [ 236398.839341369632166, 897054.077883670339361 ], [ 236409.5672052904265, 897078.792607809300534 ], [ 236433.40927053251653, 897068.519277310115285 ], [ 236429.368984111293685, 897059.223380892071873 ], [ 236431.781302578456234, 897058.180645757587627 ], [ 236429.736745211004745, 897053.471478751045652 ], [ 236427.324425442318898, 897054.514214580878615 ], [ 236422.681474180193618, 897043.804517281008884 ] ] ] } },
{ "type": "Feature", "properties": { "newname": "126_The Advent School", "element": "way" }, "geometry": { "type": "Polygon", "coordinates": [ [ [ 235424.602777900086949, 901227.457388199400157 ], [ 235424.295003984065261, 901241.118455289397389 ], [ 235431.255330813408364, 901241.264627818251029 ], [ 235431.365945835132152, 901238.932543335366063 ], [ 235444.890743658150313, 901239.311774935573339 ], [ 235445.402821513765957, 901227.617823380162008 ], [ 235435.936972379306098, 901227.703372643794864 ], [ 235424.602777900086949, 901227.457388199400157 ] ] ] } },
{ "type": "Feature", "properties": { "newname": "127_Hollow Reed School", "element": "way" }, "geometry": { "type": "Polygon", "coordinates": [ [ [ 231985.593616904836381, 895364.207314482890069 ], [ 231979.686979359859833, 895364.946880516363308 ], [ 231980.08476420523948, 895368.125482399016619 ], [ 231979.251501820690464, 895368.243877466302365 ], [ 231980.031440605846001, 895374.412179828155786 ], [ 231977.086396126629552, 895374.776448338408954 ], [ 231979.044159509357996, 895390.269439965020865 ], [ 231993.744770943885669, 895388.414678947068751 ], [ 231991.771308096562279, 895372.754996701609343 ], [ 231989.494480372668477, 895373.033438590820879 ], [ 231988.71449919429142, 895366.876242636120878 ], [ 231985.975617178919492, 895367.23033756238874 ], [ 231985.593616904836381, 895364.207314482890069 ] ] ] } },
{ "type": "Feature", "properties": { "newname": "128_Gordon-Conwell Theological Seminary", "element": "way" }, "geometry": { "type": "Polygon", "coordinates": [ [ [ 234377.671830631094053, 897550.327930653933436 ], [ 234406.750405904400395, 897552.036376134841703 ], [ 234406.973623467318248, 897545.161782798590139 ], [ 234407.285426167625701, 897535.344074335647747 ], [ 234395.338593651511474, 897534.430318584782071 ], [ 234395.348592885071412, 897532.386544984765351 ], [ 234375.587279492930975, 897531.634533720323816 ], [ 234377.671830631094053, 897550.327930653933436 ] ] ] } },
{ "type": "Feature", "properties": { "newname": "129_William Monroe Trotter Innovation School", "element": "way" }, "geometry": { "type": "Polygon", "coordinates": [ [ [ 233951.712689637526637, 896155.550580201670527 ], [ 233942.421827162266709, 896155.55015634780284 ], [ 233937.981575221725507, 896163.426297553582117 ], [ 233929.736898723611375, 896158.4657987334067 ], [ 233926.485638832382392, 896164.248329567257315 ], [ 233934.722067104041344, 896169.2087848468218 ], [ 233930.156944433023455, 896177.339805554365739 ], [ 233935.531331345788203, 896186.007531133363955 ], [ 233938.012727392837405, 896186.008399595855735 ], [ 233937.907506277260836, 896190.728663859190419 ], [ 233935.838294748129556, 896190.729784719645977 ], [ 233930.267716974805808, 896200.511000306811184 ], [ 233943.012443551240722, 896221.055109173525125 ], [ 233953.300751318194671, 896221.049242870300077 ], [ 233954.531266523554223, 896218.889183356193826 ], [ 233958.478228402615059, 896220.974276247783564 ], [ 233957.655190045945346, 896222.403194731799886 ], [ 233963.773935935518239, 896232.263061717967503 ], [ 233965.175403009692673, 896232.258723595878109 ], [ 233964.915306162642082, 896236.611685720039532 ], [ 233962.384466309449635, 896236.610568863339722 ], [ 233957.154771135217743, 896245.793594671762548 ], [ 233960.001439197279979, 896250.383715333184227 ], [ 233956.195764577540103, 896253.186691934475675 ], [ 233950.331588686240138, 896252.069820509292185 ], [ 233946.085050906054676, 896260.813293767860159 ], [ 233951.860231024533277, 896270.116107493871823 ], [ 233961.710216969280737, 896270.385829901439138 ], [ 233961.944721693027532, 896266.210466998396441 ], [ 233967.347196010814514, 896262.215575378737412 ], [ 233970.071163085114677, 896266.60516896401532 ], [ 233981.093081982166041, 896266.602887883433141 ], [ 233982.165628044924233, 896264.719762119813822 ], [ 233987.460689126455691, 896267.600033750408329 ], [ 233986.462924723164178, 896269.361335464171134 ], [ 233991.970517689216649, 896277.729842274682596 ], [ 233997.485563419002574, 896277.734290384105407 ], [ 233997.517490605794592, 896276.246012766729109 ], [ 234004.91212218045257, 896276.248447199701332 ], [ 234004.872003589523956, 896277.725577473756857 ], [ 234014.871650770190172, 896277.729513362166472 ], [ 234020.201234570995439, 896268.358182044816203 ], [ 234008.070254204329103, 896248.816591423586942 ], [ 233998.161191722727381, 896248.824211097089574 ], [ 233993.424644500541035, 896246.368724288418889 ], [ 233987.363174550613621, 896236.609077136032283 ], [ 233985.145591586595401, 896236.609466255409643 ], [ 233985.40570096069132, 896232.256504877586849 ], [ 233986.683460256375838, 896232.262680825544521 ], [ 233992.21255171627854, 896222.547954733250663 ], [ 233979.47610749132582, 896202.026011358713731 ], [ 233969.311426342203049, 896202.032436736160889 ], [ 233968.511880368052516, 896203.716944505693391 ], [ 233964.828064479777822, 896201.766409569536336 ], [ 233965.461127239337657, 896200.414328185142949 ], [ 233959.465152106247842, 896190.73277656827122 ], [ 233958.426451317354804, 896190.727760124020278 ], [ 233958.548173534014495, 896186.007575795636512 ], [ 233959.743504608981311, 896186.01334872096777 ], [ 233964.948301243857713, 896176.874636178719811 ], [ 233951.712689637526637, 896155.550580201670527 ] ] ] } },
{ "type": "Feature", "properties": { "newname": "130_Paul A. Dever Elementary School", "element": "way" }, "geometry": { "type": "Polygon", "coordinates": [ [ [ 237638.852920011879178, 896352.477502302732319 ], [ 237638.720591207180405, 896349.477706339210272 ], [ 237630.272460138658062, 896349.16590313683264 ], [ 237630.214955016010208, 896352.209113894030452 ], [ 237627.454522683896357, 896351.983294314704835 ], [ 237625.638386355480179, 896418.697724809986539 ], [ 237630.773304829519475, 896418.858497341163456 ], [ 237634.569048537698109, 896419.711892827879637 ], [ 237637.752818574255798, 896420.928569711861201 ], [ 237641.625166819285369, 896422.870936955441721 ], [ 237643.268491890281439, 896423.879430621862411 ], [ 237640.427313482679892, 896427.962974066147581 ], [ 237680.306980796623975, 896456.201387737412006 ], [ 237683.575688386830734, 896458.484883272321895 ], [ 237691.26246068632463, 896463.935551096219569 ], [ 237694.111897757480619, 896459.852072108769789 ], [ 237701.672045817191247, 896470.467169266892597 ], [ 237707.400127734756097, 896461.467297288705595 ], [ 237701.529784386395477, 896457.026047370629385 ], [ 237717.137657862826018, 896434.994254631455988 ], [ 237722.318606389453635, 896438.865324296057224 ], [ 237725.175838175084209, 896434.870761637110263 ], [ 237736.516356054256903, 896443.051370538421907 ], [ 237741.791313713853015, 896435.548638963373378 ], [ 237709.752174422406824, 896413.327883152174763 ], [ 237696.132902560057119, 896431.926954977447167 ], [ 237685.378465255518677, 896422.05006963305641 ], [ 237681.571802813792601, 896427.850120699149556 ], [ 237684.224591731268447, 896429.697113956790417 ], [ 237681.258669720496982, 896433.979911707574502 ], [ 237651.15745953284204, 896413.13606097898446 ], [ 237648.990291274414631, 896416.045790417818353 ], [ 237644.430193990992848, 896413.222226090612821 ], [ 237645.761540379346116, 896352.403410262195393 ], [ 237638.852920011879178, 896352.477502302732319 ] ] ] } },
{ "type": "Feature", "properties": { "newname": "131_James Condon Elementary School", "element": "way" }, "geometry": { "type": "Polygon", "coordinates": [ [ [ 236846.720993872295367, 898705.679699298809282 ], [ 236841.707080587337259, 898700.043990947538987 ], [ 236815.942302597162779, 898722.75768944225274 ], [ 236821.316657150629908, 898728.806255519390106 ], [ 236822.335032396367751, 898727.900752722518519 ], [ 236831.731918660283554, 898738.480157842161134 ], [ 236830.829495098121697, 898739.275189100531861 ], [ 236836.416800703969784, 898745.569253973779269 ], [ 236860.351866033946862, 898724.467769583570771 ], [ 236868.40369640555582, 898733.807207302888855 ], [ 236845.548365506750997, 898753.303696847055107 ], [ 236862.773720181139652, 898773.365796018508263 ], [ 236860.878111672238447, 898774.977590366266668 ], [ 236866.054670712852385, 898781.014046623953618 ], [ 236893.429707631759811, 898757.664730133488774 ], [ 236894.568277945974842, 898758.98142405692488 ], [ 236897.622895184846129, 898756.364915041136555 ], [ 236896.091164281009696, 898754.5907379911514 ], [ 236912.945077576674521, 898740.216901256586425 ], [ 236914.394867427297868, 898741.901789384777658 ], [ 236917.184572932834271, 898739.517160950577818 ], [ 236915.93133429257432, 898738.066567849833518 ], [ 236935.492231142445235, 898721.385477370698936 ], [ 236930.037195694516413, 898715.025381967658177 ], [ 236928.042200886644423, 898716.725498219253495 ], [ 236909.981295541161671, 898695.714692511013709 ], [ 236892.18364493388799, 898710.883342166314833 ], [ 236893.494170161080547, 898712.411986024235375 ], [ 236884.322148994222516, 898720.2392636181321 ], [ 236878.948890770057915, 898713.990715004387312 ], [ 236879.869552457414102, 898705.009354647016153 ], [ 236887.990412036742782, 898698.054069149889983 ], [ 236888.393909494217951, 898693.402028624084778 ], [ 236885.567996675788891, 898690.121512671816163 ], [ 236886.195347573142499, 898682.071667467709631 ], [ 236878.609706738439854, 898673.401122915092856 ], [ 236872.209093965764623, 898672.901017716038041 ], [ 236872.085449690639507, 898674.477673199609853 ], [ 236871.823377292108489, 898674.165280748857185 ], [ 236846.955916333099594, 898695.450669448589906 ], [ 236851.936167072155513, 898701.219498317688704 ], [ 236846.720993872295367, 898705.679699298809282 ] ] ] } },
{ "type": "Feature", "properties": { "newname": "132_Our Lady of Grace Seminary", "element": "way" }, "geometry": { "type": "Polygon", "coordinates": [ [ [ 233802.68768172635464, 899717.294382662745193 ], [ 233799.850666537997313, 899724.678515483974479 ], [ 233793.609104312636191, 899740.954713153769262 ], [ 233797.910561243654229, 899742.597132894559763 ], [ 233798.486404473660514, 899741.078137077158317 ], [ 233803.382065336860251, 899742.523477871669456 ], [ 233804.264160158636514, 899740.717153413919732 ], [ 233806.451912012067623, 899741.549652086338028 ], [ 233814.087031255039619, 899721.636820479063317 ], [ 233810.969918481772766, 899720.444399582920596 ], [ 233802.68768172635464, 899717.294382662745193 ] ] ] } },
{ "type": "Feature", "properties": { "newname": "133_Greater Boston Joint Apprentice Training Center (JATC) - Electrical Industry Training Center", "element": "way" }, "geometry": { "type": "Polygon", "coordinates": [ [ [ 236738.120484406128526, 894943.488020677003078 ], [ 236707.786496029031696, 894948.105934486258775 ], [ 236715.181428471260006, 894964.11740218475461 ], [ 236721.601390228111995, 894963.140120956115425 ], [ 236731.776519123697653, 894985.164279972668737 ], [ 236729.594541586877313, 894986.163684198400006 ], [ 236732.831342342717107, 894993.167330477270298 ], [ 236731.236100676382193, 894993.914321816526353 ], [ 236739.201584622263908, 895011.172858636593446 ], [ 236741.044696731813019, 895010.327194777783006 ], [ 236742.683379970025271, 895013.890218866057694 ], [ 236754.858040868508397, 895008.266695962520316 ], [ 236751.523373293952318, 895001.062589232577011 ], [ 236758.705856319982558, 894997.74560284614563 ], [ 236755.191885990963783, 894990.140680280281231 ], [ 236756.894491095270496, 894989.36093241663184 ], [ 236753.551687455270439, 894982.134567098459229 ], [ 236754.584875891421689, 894981.651228076545522 ], [ 236751.935120096954051, 894975.91691695805639 ], [ 236753.68731485150056, 894975.115212078322656 ], [ 236749.977709009923274, 894967.076069987029769 ], [ 236744.026676735724322, 894969.833006630651653 ], [ 236739.460895991825964, 894959.956627280102111 ], [ 236744.634921919583576, 894957.573288692394271 ], [ 236738.120484406128526, 894943.488020677003078 ] ] ] } },
{ "type": "Feature", "properties": { "newname": "134_Jeremiah E Burke High School", "element": "way" }, "geometry": { "type": "Polygon", "coordinates": [ [ [ 234503.034301867708564, 895213.980379273882136 ], [ 234474.156101754750125, 895246.795251238276251 ], [ 234489.377069077541819, 895260.088026842684485 ], [ 234496.225588545115897, 895252.30180810962338 ], [ 234497.695134033594513, 895253.586400450323708 ], [ 234498.748102837067563, 895252.391936022322625 ], [ 234572.62726442902931, 895316.912738281767815 ], [ 234573.862602611829061, 895315.519243165850639 ], [ 234575.824726340768393, 895317.228365893941373 ], [ 234586.114116883021779, 895305.538139058393426 ], [ 234582.189921483804937, 895302.108781069866382 ], [ 234594.394637295219582, 895288.239771476248279 ], [ 234596.96424957193085, 895290.48505732929334 ], [ 234602.320392953086412, 895284.402182769495994 ], [ 234599.906774067960214, 895282.290954702999443 ], [ 234601.274859042197932, 895280.731502282549627 ], [ 234581.670245533721754, 895263.595881456043571 ], [ 234578.925833589979447, 895266.714753558044322 ], [ 234576.380831831222167, 895264.491810837993398 ], [ 234571.887008341960609, 895269.590360121103004 ], [ 234574.33345509917126, 895271.735062906751409 ], [ 234565.611077336769085, 895281.644671089248732 ], [ 234561.965978299384005, 895278.461065532406792 ], [ 234560.606200955167878, 895280.009458694956265 ], [ 234540.541636048903456, 895262.494031376205385 ], [ 234542.083833336742828, 895260.735484397155233 ], [ 234533.356865725218086, 895253.117183927213773 ], [ 234531.648846693104133, 895255.063749180873856 ], [ 234511.485691576090176, 895237.447953006834723 ], [ 234513.044431063288357, 895235.678373249131255 ], [ 234511.870388372248271, 895234.661812329199165 ], [ 234518.320972239191178, 895227.32907740410883 ], [ 234503.034301867708564, 895213.980379273882136 ] ] ] } },
{ "type": "Feature", "properties": { "newname": "135_Samuel Adams School", "element": "way" }, "geometry": { "type": "Polygon", "coordinates": [ [ [ 238320.691657709132414, 901751.083632173715159 ], [ 238281.536028676928254, 901772.863733614562079 ], [ 238294.963060936075635, 901797.01873684534803 ], [ 238334.126774717879016, 901775.24986163189169 ], [ 238320.691657709132414, 901751.083632173715159 ] ] ] } },
{ "type": "Feature", "properties": { "newname": "136_Thomas A. Edison Middle School", "element": "way" }, "geometry": { "type": "Polygon", "coordinates": [ [ [ 227996.226166241365718, 899458.381020391942002 ], [ 227990.6422874754644, 899501.123536327271722 ], [ 227970.102585738903144, 899498.453663624473847 ], [ 227972.924311520793708, 899476.827037670067511 ], [ 227955.448194258438889, 899474.558172715362161 ], [ 227954.286955787451006, 899474.409153399406932 ], [ 227948.210464534378843, 899520.915264339884743 ], [ 227966.666468545823591, 899523.321303821750917 ], [ 227967.79669956836733, 899514.695095393108204 ], [ 227990.922355426097056, 899517.697384311119094 ], [ 227990.65909297237522, 899519.662404002388939 ], [ 228000.508882705325959, 899520.945704740472138 ], [ 228000.755579853983363, 899519.002834859536961 ], [ 228026.03071997963707, 899522.280388977262191 ], [ 228024.866130884853192, 899531.239683352410793 ], [ 228043.173899996589171, 899533.612009720876813 ], [ 228049.327517246361822, 899486.517575440579094 ], [ 228031.118504897691309, 899484.145627613645047 ], [ 228028.288274353428278, 899505.794412749586627 ], [ 228006.299108171631815, 899502.94093017897103 ], [ 228011.865760060114553, 899460.409404347417876 ], [ 227998.548646714363713, 899458.679073060047813 ], [ 227996.226166241365718, 899458.381020391942002 ] ] ] } },
{ "type": "Feature", "properties": { "newname": "137_Pope John Paul II Catholic Academy", "element": "way" }, "geometry": { "type": "Polygon", "coordinates": [ [ [ 236415.219238170422614, 896749.84412970521953 ], [ 236404.042663556232583, 896775.078554276027717 ], [ 236413.657067898602691, 896779.304848163854331 ], [ 236417.819153692456894, 896769.895941681228578 ], [ 236436.661392668524059, 896778.179960984969512 ], [ 236434.084097235201625, 896783.998163844458759 ], [ 236439.898803137475625, 896786.549752931576222 ], [ 236438.230581730633276, 896790.328843417693861 ], [ 236447.540646659006597, 896794.420313936891034 ], [ 236448.599881242058473, 896792.037642723997124 ], [ 236452.432458770432277, 896793.723671770538203 ], [ 236453.886508208903251, 896794.686475492431782 ], [ 236458.629057598416694, 896787.802057302091271 ], [ 236456.45233396239928, 896786.313442017068155 ], [ 236460.297739024244947, 896780.757300990982912 ], [ 236458.613057289592689, 896779.759976843139157 ], [ 236454.780473578546662, 896778.073944474104792 ], [ 236458.884223211032804, 896768.798052340280265 ], [ 236449.409616536926478, 896764.639067744021304 ], [ 236448.091851037577726, 896767.598000523052178 ], [ 236423.426679082040209, 896756.751220465055667 ], [ 236424.652727416192647, 896753.991747163352557 ], [ 236415.219238170422614, 896749.84412970521953 ] ] ] } },
{ "type": "Feature", "properties": { "newname": "138_McKinley Elementary and Technical High School", "element": "way" }, "geometry": { "type": "Polygon", "coordinates": [ [ [ 235155.463547670427943, 899357.540924186818302 ], [ 235152.238930245308438, 899366.322154533932917 ], [ 235159.748431867570616, 899369.070014851167798 ], [ 235158.812890884670196, 899371.59790789836552 ], [ 235182.558748649142217, 899380.269723618868738 ], [ 235173.227631580462912, 899405.626506668399088 ], [ 235111.004910506657325, 899382.888785890769213 ], [ 235114.062284193641972, 899374.584335457882844 ], [ 235086.97689909779001, 899364.696439507300965 ], [ 235079.116288831399288, 899386.061886846553534 ], [ 235081.221935952227795, 899386.827725485898554 ], [ 235079.601383896311745, 899391.229424115153961 ], [ 235103.404784315498546, 899399.934583131456748 ], [ 235102.669687884801533, 899401.930311528267339 ], [ 235180.215503273240756, 899430.265209242934361 ], [ 235181.284772584040184, 899427.360323691857047 ], [ 235195.941730496328091, 899432.721009494736791 ], [ 235201.547057432471775, 899417.498102326644585 ], [ 235188.46099719958147, 899412.722874402184971 ], [ 235198.276694530330133, 899386.046712282230146 ], [ 235200.119096769718453, 899386.722406042506918 ], [ 235201.455729714973131, 899383.085749482153915 ], [ 235208.430601733271033, 899385.631044411449693 ], [ 235211.262606742442586, 899377.925326645257883 ], [ 235155.463547670427943, 899357.540924186818302 ] ] ] } },
{ "type": "Feature", "properties": { "newname": "139_Ripley School", "element": "way" }, "geometry": { "type": "Polygon", "coordinates": [ [ [ 227302.833674160821829, 892904.503020766424015 ], [ 227294.301806032599416, 892913.9891144776484 ], [ 227302.693360448058229, 892921.530406571808271 ], [ 227307.85392438955023, 892915.785599573515356 ], [ 227314.346891014894936, 892921.62007510161493 ], [ 227311.522250094159972, 892924.76366296375636 ], [ 227316.445414429501398, 892929.181382641429082 ], [ 227323.627172027685447, 892921.178488068166189 ], [ 227311.356274225574452, 892910.156541919102892 ], [ 227310.362261740898248, 892911.263441575923935 ], [ 227302.833674160821829, 892904.503020766424015 ] ] ] } },
{ "type": "Feature", "properties": { "newname": "140_Catholic Memorial High School", "element": "way" }, "geometry": { "type": "Polygon", "coordinates": [ [ [ 227534.132417037559208, 891905.011622427264228 ], [ 227523.554574870504439, 891941.591887160320766 ], [ 227511.895737612590892, 891938.225125031545758 ], [ 227509.41223303048173, 891946.823779852129519 ], [ 227520.972160531964619, 891950.167935936013237 ], [ 227514.851154242729535, 891971.370559956878424 ], [ 227511.975649037398398, 891970.526247535133734 ], [ 227511.406886201730231, 891970.424055388662964 ], [ 227510.936802586656995, 891970.400002122856677 ], [ 227510.46641495055519, 891970.453700688900426 ], [ 227510.01230738000595, 891970.563000784954056 ], [ 227509.582685058499919, 891970.739042061381042 ], [ 227509.177591426530853, 891970.970717115444131 ], [ 227508.805275093909586, 891971.258058193139732 ], [ 227508.482276702125091, 891971.590022391406819 ], [ 227508.200347645266447, 891971.966577452607453 ], [ 227507.984277158568148, 891972.376712723867968 ], [ 227507.825816630560439, 891972.820395947666839 ], [ 227497.983981617668178, 892006.871054377872497 ], [ 227522.916321848111693, 892014.077387737110257 ], [ 227523.727424994140165, 892011.27034552639816 ], [ 227527.682343032618519, 892012.407682907301933 ], [ 227529.764440105878748, 892005.207016671076417 ], [ 227537.196384937153198, 892007.346539120539092 ], [ 227544.446076607098803, 891982.294025045237504 ], [ 227538.596098350069951, 891980.604989720042795 ], [ 227539.666352698288392, 891976.921465842868201 ], [ 227535.802107692084974, 891975.79558430146426 ], [ 227538.787333360669436, 891965.466121256467886 ], [ 227567.666420705063501, 891973.821033548912965 ], [ 227567.014238707401091, 891976.062207218259573 ], [ 227583.847312581550796, 891980.926651941612363 ], [ 227584.432683336286573, 891978.896261675516143 ], [ 227602.921831154148094, 891984.244870682596229 ], [ 227607.863911337364698, 891967.147496413905174 ], [ 227583.532986113772495, 891960.109834296628833 ], [ 227584.235276200459339, 891957.713352679507807 ], [ 227574.290292697842233, 891954.84193940483965 ], [ 227573.663157451985171, 891957.005457574385218 ], [ 227534.18809262564173, 891945.587787464959547 ], [ 227540.877653189498233, 891922.454689568956383 ], [ 227561.18793354491936, 891928.321264704340138 ], [ 227564.566299442754826, 891916.616014828439802 ], [ 227546.365300440287683, 891911.357496756128967 ], [ 227547.117857444653055, 891908.761272248579189 ], [ 227534.132417037559208, 891905.011622427264228 ] ] ] } },
{ "type": "Feature", "properties": { "newname": "141_John W. McCormack Middle School", "element": "way" }, "geometry": { "type": "Polygon", "coordinates": [ [ [ 237561.841611512674717, 896395.430266709649004 ], [ 237528.682285574584967, 896442.394421217497438 ], [ 237532.788372957002139, 896445.337672040332109 ], [ 237530.678137110313401, 896448.403249976690859 ], [ 237542.381031026132405, 896456.685448763775639 ], [ 237544.615216329228133, 896453.564997459645383 ], [ 237548.869848688540515, 896456.475727788521908 ], [ 237570.074048968206625, 896426.842486714594997 ], [ 237640.330312852951465, 896476.880915477871895 ], [ 237612.348907415755093, 896489.727227311464958 ], [ 237611.077924262150191, 896486.921279395464808 ], [ 237569.700342888652813, 896506.038631480536424 ], [ 237581.318128959130263, 896531.759585973341018 ], [ 237622.463888348167529, 896512.807677546981722 ], [ 237620.736519566125935, 896509.021805021446198 ], [ 237672.963989736919757, 896485.053258553147316 ], [ 237678.140345105959568, 896477.472196706570685 ], [ 237666.411367688211612, 896469.478431981988251 ], [ 237561.841611512674717, 896395.430266709649004 ] ] ] } },
{ "type": "Feature", "properties": { "newname": "142_Sacred Heart School", "element": "way" }, "geometry": { "type": "Polygon", "coordinates": [ [ [ 231173.115061301825335, 892030.458694844623096 ], [ 231120.728224780817982, 892030.315639034844935 ], [ 231120.328158122865716, 892068.546208372805268 ], [ 231119.961344289913541, 892102.989237445872277 ], [ 231077.318859816470649, 892098.613186574308202 ], [ 231067.739781937911175, 892115.976482075522654 ], [ 231066.356362195074325, 892128.521955867530778 ], [ 231075.991761127836071, 892148.824762985110283 ], [ 231094.268055948370602, 892164.322856337297708 ], [ 231118.107167834154097, 892173.458732021739706 ], [ 231156.5815652612946, 892168.997141437605023 ], [ 231194.090240006422391, 892159.110971924848855 ], [ 231216.55255490320269, 892153.190283358562738 ], [ 231251.470957354002167, 892122.966024886933155 ], [ 231218.102378712996142, 892103.201868870528415 ], [ 231236.378143165406073, 892070.471147592179477 ], [ 231216.361701513349544, 892047.478447441593744 ], [ 231209.196342080191243, 892041.281944226007909 ], [ 231195.668473728204845, 892033.846506838337518 ], [ 231185.691220817854628, 892031.158668034244329 ], [ 231173.115061301825335, 892030.458694844623096 ] ] ] } },
{ "type": "Feature", "properties": { "newname": "143_Joseph P Manning Elementary School", "element": "way" }, "geometry": { "type": "Polygon", "coordinates": [ [ [ 230400.87806673796149, 895047.896520568872802 ], [ 230373.155044800718315, 895073.368759605684318 ], [ 230361.025759349722648, 895060.164927167352289 ], [ 230349.386961452226387, 895070.855787910637446 ], [ 230372.947983216057764, 895096.493993998505175 ], [ 230390.836673997575417, 895080.054198973346502 ], [ 230392.215394874365302, 895081.548582319053821 ], [ 230413.680265174887609, 895061.825329022714868 ], [ 230400.87806673796149, 895047.896520568872802 ] ] ] } },
{ "type": "Feature", "properties": { "newname": "144_Mather School", "element": "way" }, "geometry": { "type": "Polygon", "coordinates": [ [ [ 236217.359742387663573, 895384.050614793319255 ], [ 236205.028399832517607, 895385.08677986136172 ], [ 236205.901081475545652, 895406.151472288998775 ], [ 236175.04909122310346, 895407.747714556171559 ], [ 236174.101316132699139, 895386.838147883652709 ], [ 236159.84169993782416, 895386.076133754686452 ], [ 236160.239674692682456, 895395.26424776786007 ], [ 236160.926107228646288, 895428.524231621413492 ], [ 236219.284804609109415, 895426.491945115616545 ], [ 236217.359742387663573, 895384.050614793319255 ] ] ] } },
{ "type": "Feature", "properties": { "newname": "145_West Roxbury Education Complex", "element": "way" }, "geometry": { "type": "Polygon", "coordinates": [ [ [ 227006.549911887384951, 892686.417155531002209 ], [ 227007.448096836451441, 892680.189251067349687 ], [ 227010.842683000373654, 892659.631045470014215 ], [ 227014.065428088186309, 892647.31400634907186 ], [ 227017.450965312542394, 892635.564080667449161 ], [ 227026.390478039102163, 892610.128738550003618 ], [ 227036.487353115429869, 892581.876531523303129 ], [ 227042.830951520445524, 892566.627993123489432 ], [ 227060.176729577739025, 892530.128544671228155 ], [ 227070.815012306324206, 892506.999065562384203 ], [ 227084.283118600957096, 892481.559013423509896 ], [ 227095.001081556343706, 892459.196301851421595 ], [ 227106.727129904582398, 892436.382080690236762 ], [ 227116.457502230186947, 892415.62619645812083 ], [ 227124.633767019957304, 892391.498738929745741 ], [ 227129.636181200883584, 892366.936964185675606 ], [ 227131.944281929550925, 892339.499048647936434 ], [ 227131.096536492899759, 892317.636073866509832 ], [ 227126.551372793037444, 892283.496082159457728 ], [ 227119.332092218246544, 892256.188051873352379 ], [ 226882.532802142581204, 892294.055785174714401 ], [ 226863.053424083744176, 892280.252422402962111 ], [ 226855.42578663630411, 892271.059555992018431 ], [ 226854.78079668834107, 892254.195801268098876 ], [ 226824.095171416964149, 892258.943855019635521 ], [ 226771.983492206811206, 892267.18711491744034 ], [ 226733.944001504278276, 892270.996760894078761 ], [ 226700.642883185762912, 892273.813804853241891 ], [ 226663.38907222438138, 892277.093650537310168 ], [ 226639.509392394160386, 892277.269771710387431 ], [ 226629.58174803442671, 892289.450514910044149 ], [ 226627.200088634243002, 892315.044450324843638 ], [ 226619.375787557859439, 892399.176910521811806 ], [ 226619.315135037526488, 892439.186157867196016 ], [ 226614.851890987512888, 892711.971333249937743 ], [ 226603.323735113750445, 892728.800141187384725 ], [ 226616.842333011794835, 892754.854118625749834 ], [ 226644.568745531782042, 892722.902602919144556 ], [ 226646.689205388451228, 892611.646027323324233 ], [ 226848.036548555159243, 892627.340133460238576 ], [ 226862.044587479671463, 892676.233630376635119 ], [ 227006.549911887384951, 892686.417155531002209 ] ] ] } },
{ "type": "Feature", "properties": { "newname": "146_Lewis Middle School", "element": "way" }, "geometry": { "type": "Polygon", "coordinates": [ [ [ 234049.627062038809527, 896759.51679396466352 ], [ 234043.002699333417695, 896763.972232097527012 ], [ 234045.106194419058738, 896767.070361257181503 ], [ 234031.286743105680216, 896776.389475196250714 ], [ 234029.224137093406171, 896773.358194303698838 ], [ 234022.665959111240227, 896777.769541072659194 ], [ 234030.949027700437, 896789.961465082364157 ], [ 234031.98283789830748, 896789.255575397051871 ], [ 234041.706362441735109, 896803.576058091945015 ], [ 234040.432755276211537, 896804.436293349368498 ], [ 234048.797598831122741, 896816.750820066896267 ], [ 234055.636985192017164, 896812.140920692821965 ], [ 234053.860912357718917, 896809.522005541715771 ], [ 234064.628673644008813, 896802.254184107063338 ], [ 234080.711692425917136, 896825.924907778622583 ], [ 234115.016364362294553, 896802.787293008179404 ], [ 234104.92464069253765, 896787.931751978700049 ], [ 234073.531023146759253, 896809.106349687674083 ], [ 234069.103083082300145, 896802.586879959912039 ], [ 234075.818475531646982, 896798.054153377423063 ], [ 234049.627062038809527, 896759.51679396466352 ] ] ] } },
{ "type": "Feature", "properties": { "newname": "147_Boston Adult Technical Academy", "element": "way" }, "geometry": { "type": "Polygon", "coordinates": [ [ [ 235575.755626115889754, 899869.691954607027583 ], [ 235568.573245042993221, 899878.963929058052599 ], [ 235576.936793353466783, 899885.393242838908918 ], [ 235571.496039262332488, 899892.430257516447455 ], [ 235581.304119847889524, 899899.966559845255688 ], [ 235593.927212840004358, 899883.668704026611522 ], [ 235575.755626115889754, 899869.691954607027583 ] ] ] } },
{ "type": "Feature", "properties": { "newname": "148_William McKinley Middle School", "element": "way" }, "geometry": { "type": "Polygon", "coordinates": [ [ [ 232411.177133008313831, 899777.463696722057648 ], [ 232400.74680089353933, 899779.026228090748191 ], [ 232400.458937330055051, 899777.125473141437396 ], [ 232396.732093508471735, 899777.674788479926065 ], [ 232396.995802938967245, 899779.453246512683108 ], [ 232389.311209594277898, 899780.595249715843238 ], [ 232392.988569193956209, 899805.082605359260924 ], [ 232411.433213410258759, 899802.335164389456622 ], [ 232408.89093411716749, 899785.439636826748028 ], [ 232412.296231609012466, 899784.933276045136154 ], [ 232411.177133008313831, 899777.463696722057648 ] ] ] } },
{ "type": "Feature", "properties": { "newname": "149_Boston International High School", "element": "way" }, "geometry": { "type": "Polygon", "coordinates": [ [ [ 232702.082772833644412, 895442.323953910730779 ], [ 232693.411707562860101, 895445.360462032142095 ], [ 232694.078980256192153, 895447.251868901541457 ], [ 232682.550672857876634, 895451.274797892314382 ], [ 232680.410650065372465, 895445.177846880978905 ], [ 232673.292149335116846, 895447.666211328818463 ], [ 232678.231491030281177, 895461.695939733181149 ], [ 232680.618077977531357, 895460.862847137497738 ], [ 232684.898316150822211, 895473.012320624198765 ], [ 232708.28522449801676, 895464.845841022441164 ], [ 232704.200410593824927, 895453.230430541676469 ], [ 232705.728126722300658, 895452.704367128782906 ], [ 232702.082772833644412, 895442.323953910730779 ] ] ] } },
{ "type": "Feature", "properties": { "newname": "150_Boston University Academy", "element": "way" }, "geometry": { "type": "Polygon", "coordinates": [ [ [ 232156.655341392208356, 900108.738865494495258 ], [ 232130.710147472505923, 900112.30797391035594 ], [ 232135.71136768622091, 900148.342234974028543 ], [ 232095.474170640663942, 900154.900769909028895 ], [ 232100.319244444515789, 900185.46927123144269 ], [ 232144.778846837260062, 900178.00813187554013 ], [ 232160.731647550070193, 900175.815134589094669 ], [ 232157.341796559892828, 900151.384739691973664 ], [ 232162.478057154163253, 900150.675131639931351 ], [ 232156.655341392208356, 900108.738865494495258 ] ] ] } },
{ "type": "Feature", "properties": { "newname": "151_Meridian Academy", "element": "way" }, "geometry": { "type": "Polygon", "coordinates": [ [ [ 232714.420400094997603, 895889.92083774600178 ], [ 232683.230428714625305, 895906.359572211047634 ], [ 232692.138039299927186, 895923.251336592016742 ], [ 232723.327957133413292, 895906.812641110038385 ], [ 232714.420400094997603, 895889.92083774600178 ] ] ] } },
{ "type": "Feature", "properties": { "newname": "152_New Beginnings Academy", "element": "way" }, "geometry": { "type": "Polygon", "coordinates": [ [ [ 231209.843637307320023, 889700.364113445044495 ], [ 231206.740394982480211, 889722.854247067938559 ], [ 231223.117649920663098, 889725.115070881671272 ], [ 231226.212692413799232, 889702.624907785560936 ], [ 231209.843637307320023, 889700.364113445044495 ] ] ] } },
{ "type": "Feature", "properties": { "newname": "153_Conservatory Lab Charter School", "element": "way" }, "geometry": { "type": "Polygon", "coordinates": [ [ [ 228655.283497807104141, 900205.922308640088886 ], [ 228647.450380843045423, 900209.411529193865135 ], [ 228649.973210850614123, 900215.064550529001281 ], [ 228639.614375341479899, 900219.67647374374792 ], [ 228638.381567485514097, 900216.905620126053691 ], [ 228630.647564644285012, 900220.339724567136727 ], [ 228631.815097066952148, 900222.954802395310253 ], [ 228625.203588760137791, 900225.904745288891718 ], [ 228624.823783757368801, 900226.103137718280777 ], [ 228624.484947187185753, 900226.357235787785612 ], [ 228624.195317978330422, 900226.667073053424247 ], [ 228623.946702449087752, 900227.021508379373699 ], [ 228623.763862614345271, 900227.409534876933321 ], [ 228623.646843705966603, 900227.820044973515905 ], [ 228623.587406792241381, 900228.253005107166246 ], [ 228623.593926511472091, 900228.675126141752116 ], [ 228623.674641775200143, 900229.086441633291543 ], [ 228623.813029483426362, 900229.497992033604532 ], [ 228625.094867134583183, 900232.369012607377954 ], [ 228623.378050356986932, 900233.128454397898167 ], [ 228623.145912930427585, 900233.482956874417141 ], [ 228622.930162877310067, 900233.85974160709884 ], [ 228622.763846346089849, 900234.236727682640776 ], [ 228622.622110859112581, 900234.647137130494229 ], [ 228622.521569966280367, 900235.057714363443665 ], [ 228622.453939505096059, 900235.479533393867314 ], [ 228622.427503624698147, 900235.901520206476562 ], [ 228622.433978162298445, 900236.334748809458688 ], [ 228622.473498834326165, 900236.745896510197781 ], [ 228622.554168825328816, 900237.168319558724761 ], [ 228622.676078611286357, 900237.579802829772234 ], [ 228622.822795600601239, 900237.969171642325819 ], [ 228623.010752373316791, 900238.347600680077448 ], [ 228623.231664770893985, 900238.726163950981572 ], [ 228623.485713755420875, 900239.060431201243773 ], [ 228623.756285779789323, 900239.383658009581268 ], [ 228624.068142814765451, 900239.684837493230589 ], [ 228624.396613372780848, 900239.952761409338564 ], [ 228624.741742702841293, 900240.176322200917639 ], [ 228625.111633982916828, 900240.388876120909117 ], [ 228625.506422948441468, 900240.557100478210486 ], [ 228625.901302386977477, 900240.703109729802236 ], [ 228626.32107952129445, 900240.804789424408227 ], [ 228626.823336226458196, 900240.884589630411938 ], [ 228629.200531290378422, 900239.816821970161982 ], [ 228634.213419737789081, 900251.078288642107509 ], [ 228638.802665871568024, 900249.030948091764003 ], [ 228651.204202354536392, 900276.884197859093547 ], [ 228661.950913352600764, 900272.096149471704848 ], [ 228659.028213825280545, 900265.508441287558526 ], [ 228662.775506223086268, 900263.846454033744521 ], [ 228655.125650382193271, 900246.653782690409571 ], [ 228648.002437090268359, 900249.823772715171799 ], [ 228646.867689714970766, 900247.253256659139879 ], [ 228645.472779899399029, 900247.869604556122795 ], [ 228643.113287672749721, 900242.572698175557889 ], [ 228648.717739057407016, 900240.085192038677633 ], [ 228647.615538468206069, 900237.614778347313404 ], [ 228660.747703064291272, 900231.770109039731324 ], [ 228662.331420398899354, 900235.364371411851607 ], [ 228669.92513418541057, 900231.985268153250217 ], [ 228659.074768290214706, 900207.626146804541349 ], [ 228656.532552396238316, 900208.748770177830011 ], [ 228655.283497807104141, 900205.922308640088886 ] ] ] } },
{ "type": "Feature", "properties": { "newname": "154_Joseph P Tynan School", "element": "way" }, "geometry": { "type": "Polygon", "coordinates": [ [ [ 238047.097585832932964, 898376.641890349565074 ], [ 238047.524935292545706, 898361.637594821047969 ], [ 238030.772797899000579, 898361.169276472995989 ], [ 238030.843826695054304, 898358.703734031063505 ], [ 238014.676740569877438, 898358.249727192102 ], [ 238014.575587897648802, 898361.714806871954352 ], [ 238001.795244728884427, 898361.345792564912699 ], [ 238001.84647844376741, 898359.491070647723973 ], [ 237996.259723334194859, 898359.327576565323398 ], [ 237996.870309068064671, 898337.848435294814408 ], [ 238000.009823052008869, 898337.932053142343648 ], [ 238000.275372029573191, 898328.447446929523721 ], [ 238002.071702710643876, 898328.501589098712429 ], [ 238002.173389959556516, 898324.936542389215901 ], [ 238034.219334615365369, 898325.831867551780306 ], [ 238035.05389541486511, 898296.489636256475933 ], [ 238000.461649816425052, 898295.513895811862312 ], [ 238000.187318237411091, 898305.098423934541643 ], [ 238009.539914298569784, 898305.360037074657157 ], [ 238009.345914374571294, 898312.279133007279597 ], [ 237958.314646840968635, 898310.837065231404267 ], [ 237958.111076747241896, 898318.011589561472647 ], [ 237950.727894147799816, 898317.805108195985667 ], [ 237950.30893085669959, 898332.820560291758738 ], [ 237955.5826043561392, 898332.971219437313266 ], [ 237955.480341055896133, 898336.647341407719068 ], [ 237963.011784297181293, 898336.86573635681998 ], [ 237962.909817081585061, 898340.486320980708115 ], [ 237978.063407043810003, 898340.912517191376537 ], [ 237978.174343336460879, 898337.15868787583895 ], [ 237984.675822975870688, 898337.338218107935973 ], [ 237984.157990955369314, 898355.38555814512074 ], [ 237976.906706150941318, 898355.179761786479503 ], [ 237976.813633158861194, 898358.678208876517601 ], [ 237971.366915892518591, 898358.52659893152304 ], [ 237970.930347794143017, 898373.741896111750975 ], [ 237974.374706594157033, 898373.838257091701962 ], [ 237974.242730102385394, 898378.4361641863361 ], [ 237974.986208975606132, 898381.16158630757127 ], [ 237977.754854815982981, 898381.24319076759275 ], [ 237977.601953236153349, 898386.662960408255458 ], [ 237992.936686679255217, 898387.101275706198066 ], [ 237993.14131168651511, 898379.737924712710083 ], [ 238000.631562390248291, 898379.945029814494774 ], [ 238000.784121533157304, 898374.591905469540507 ], [ 238018.805177124508191, 898375.100338813150302 ], [ 238018.490889375389088, 898385.973154020379297 ], [ 238033.594932034960948, 898386.399202537955716 ], [ 238033.716903190739686, 898382.134475504048169 ], [ 238047.097585832932964, 898376.641890349565074 ] ] ] } },
{ "type": "Feature", "properties": { "newname": "155_Thomas Gardner School", "element": "way" }, "geometry": { "type": "Polygon", "coordinates": [ [ [ 230112.683663630945375, 901179.858293663943186 ], [ 230130.083176055486547, 901241.114540430600755 ], [ 230197.25388083778671, 901222.18643249978777 ], [ 230179.863190512725851, 901160.918949573882855 ], [ 230112.683663630945375, 901179.858293663943186 ] ] ] } },
{ "type": "Feature", "properties": { "newname": "156_German International School Boston", "element": "way" }, "geometry": { "type": "Polygon", "coordinates": [ [ [ 230014.365069707506336, 901156.377879883162677 ], [ 230004.014919145527529, 901122.410520079080015 ], [ 229943.978624095150735, 901141.170933233690448 ], [ 229967.221350350708235, 901213.792712428374216 ], [ 230053.426905422384152, 901187.824351469404064 ], [ 230041.576023488974897, 901148.463241635006852 ], [ 230014.365069707506336, 901156.377879883162677 ] ] ] } },
{ "type": "Feature", "properties": { "newname": "157_Boston Green Academy", "element": "way" }, "geometry": { "type": "Polygon", "coordinates": [ [ [ 229233.120045326242689, 900099.868376971920952 ], [ 229253.433213761047227, 900071.317123900167644 ], [ 229259.055699832184473, 900068.541377486544661 ], [ 229244.880179630243219, 899998.225859978003427 ], [ 229151.997511047520675, 900016.256600603577681 ], [ 229154.340938539186027, 900025.352459968533367 ], [ 229155.147140847257106, 900033.597753882640973 ], [ 229152.735891440010164, 900040.852218504995108 ], [ 229147.087949808716075, 900049.770529229659587 ], [ 229233.120045326242689, 900099.868376971920952 ] ] ] } },
{ "type": "Feature", "properties": { "newname": "158_Unknown", "element": "way" }, "geometry": { "type": "Polygon", "coordinates": [ [ [ 237454.473773084173445, 896419.116803939105012 ], [ 237468.258651797630591, 896485.347902560140938 ], [ 237470.525374558143085, 896496.223345234058797 ], [ 237492.042395395954372, 896573.25910780322738 ], [ 237563.948486583685735, 896541.130557760596275 ], [ 237572.7296948392177, 896537.689647927647457 ], [ 237628.570869977294933, 896511.54075239947997 ], [ 237683.602176499349298, 896485.843376076547429 ], [ 237707.493394360353705, 896474.819294843357056 ], [ 237766.046920894586947, 896448.819328196113929 ], [ 237783.428296235768357, 896440.426398390089162 ], [ 237761.650461864861427, 896407.863713669707067 ], [ 237738.877772829233436, 896425.458285432658158 ], [ 237722.889923032606021, 896412.276473827078007 ], [ 237637.306926892517367, 896331.742199444794096 ], [ 237611.05229207733646, 896362.259052556473762 ], [ 237593.451000983070116, 896382.492073712055571 ], [ 237552.010005250835093, 896393.311714133480564 ], [ 237526.146084180742037, 896400.160393993137404 ], [ 237454.473773084173445, 896419.116803939105012 ] ] ] } },
{ "type": "Feature", "properties": { "newname": "159_Boston Latin School", "element": "way" }, "geometry": { "type": "Polygon", "coordinates": [ [ [ 232937.764368868083693, 898581.607224079896696 ], [ 232926.844397087086691, 898576.457608773023821 ], [ 232846.581347965664463, 898617.780552443349734 ], [ 232755.690980210085399, 898665.630663692369126 ], [ 232764.403916558774654, 898681.055496626067907 ], [ 232817.289055122819263, 898782.749246001127176 ], [ 232969.079423448885791, 898664.373432364896871 ], [ 232975.580576445936458, 898659.30547358863987 ], [ 232965.304223441926297, 898638.196987830102444 ], [ 232947.224615350540262, 898601.045679629547521 ], [ 232937.764368868083693, 898581.607224079896696 ] ] ] } },
{ "type": "Feature", "properties": { "newname": "160_The Winsor School", "element": "way" }, "geometry": { "type": "Polygon", "coordinates": [ [ [ 232352.686295381601667, 899050.202625650563277 ], [ 232348.826736261398764, 899045.486283582053147 ], [ 232344.843107170250732, 899040.869342481251806 ], [ 232341.578947873640573, 899037.48867429618258 ], [ 232339.091738973249448, 899035.388973445864394 ], [ 232336.479339561628876, 899033.633037726162001 ], [ 232332.485629786882782, 899031.204283818136901 ], [ 232328.014948808617191, 899028.562291165930219 ], [ 232325.293989424913889, 899027.116877281107008 ], [ 232321.16428945431835, 899025.587232030346058 ], [ 232318.49585145257879, 899025.263944860780612 ], [ 232315.076010754215531, 899025.270436448394321 ], [ 232312.800963703310117, 899025.415485519566573 ], [ 232310.806854009046219, 899025.395210572285578 ], [ 232308.43445481301751, 899025.20658109348733 ], [ 232305.769130352011416, 899024.205740451347083 ], [ 232304.232424900663318, 899023.276734421611764 ], [ 232302.853612716950011, 899022.059652941767126 ], [ 232300.606990113621578, 899019.60562363138888 ], [ 232293.406343845213996, 899010.297567233792506 ], [ 232265.34916013586917, 898974.001890421379358 ], [ 232274.73536373875686, 898966.780517842620611 ], [ 232332.433999809785746, 898922.40366444492247 ], [ 232308.769642846338684, 898893.125908847665414 ], [ 232315.06383918991196, 898888.11192747077439 ], [ 232290.910653948871186, 898855.777357824728824 ], [ 232359.126318714465015, 898802.274055850924924 ], [ 232475.932403355051065, 898955.355444100103341 ], [ 232408.947288216644665, 899006.60842682281509 ], [ 232352.686295381601667, 899050.202625650563277 ] ] ] } },
{ "type": "Feature", "properties": { "newname": "161_David Farragut School (closed)", "element": "way" }, "geometry": { "type": "Polygon", "coordinates": [ [ [ 232457.613326660473831, 898200.477729191072285 ], [ 232413.189264323707903, 898227.83102917636279 ], [ 232409.419956825498957, 898240.987419260083698 ], [ 232435.264812114910455, 898271.408518003299832 ], [ 232487.179546783241676, 898222.785340846516192 ], [ 232457.613326660473831, 898200.477729191072285 ] ] ] } },
{ "type": "Feature", "properties": { "newname": "162_Dennis C. Haley Pilot School", "element": "way" }, "geometry": { "type": "Polygon", "coordinates": [ [ [ 232366.087281127751339, 893024.700768666574731 ], [ 232426.535531416069716, 892963.431812088587321 ], [ 232394.567445023014443, 892936.637345222872682 ], [ 232304.152699552534614, 892876.451472193934023 ], [ 232280.306622681848239, 892952.362558932625689 ], [ 232366.087281127751339, 893024.700768666574731 ] ] ] } },
{ "type": "Feature", "properties": { "newname": "163_Another Course to College", "element": "way" }, "geometry": { "type": "Polygon", "coordinates": [ [ [ 231622.897040609474061, 890575.506500829360448 ], [ 231589.551288679533172, 890652.165573571575806 ], [ 231517.734352761763148, 890622.230772325652651 ], [ 231516.03503596180235, 890616.647162131499499 ], [ 231521.461746778863017, 890560.00065551220905 ], [ 231526.212771143385908, 890556.589699995471165 ], [ 231622.897040609474061, 890575.506500829360448 ] ] ] } },
{ "type": "Feature", "properties": { "newname": "164_George H. Conley Elementary School", "element": "way" }, "geometry": { "type": "Polygon", "coordinates": [ [ [ 230730.031428655522177, 891668.990182891720906 ], [ 230737.569423633947736, 891673.155130535364151 ], [ 230739.569454843760468, 891674.185765880160034 ], [ 230765.067836413159966, 891687.304192775394768 ], [ 230781.772505232103867, 891696.674302388331853 ], [ 230788.410772997420281, 891700.957552241161466 ], [ 230811.920466387557099, 891680.278174861916341 ], [ 230764.769535382540198, 891619.691025743144564 ], [ 230731.926960984390462, 891574.96166447433643 ], [ 230718.630011635803385, 891580.446282930555753 ], [ 230691.044690594339045, 891591.777820736751892 ], [ 230687.474416237586411, 891593.295094670844264 ], [ 230685.300993182201637, 891594.185329930623993 ], [ 230684.648349759168923, 891594.404635347658768 ], [ 230683.978966092981864, 891594.679405733360909 ], [ 230680.709017588000279, 891597.319858595496044 ], [ 230679.659322305989917, 891599.681196510558948 ], [ 230679.792355231707916, 891603.225095302332193 ], [ 230682.151318673888454, 891607.078605061862618 ], [ 230699.305404363374691, 891630.734827490523458 ], [ 230715.877236654574517, 891653.57769778650254 ], [ 230723.982118303305469, 891663.943137115798891 ], [ 230726.636201891727978, 891666.320642445236444 ], [ 230730.031428655522177, 891668.990182891720906 ] ] ] } },
{ "type": "Feature", "properties": { "newname": "165_Hyde Park Education Complex", "element": "way" }, "geometry": { "type": "Polygon", "coordinates": [ [ [ 231524.402850907761604, 890435.720162361161783 ], [ 231515.125821978173917, 890434.634499627863988 ], [ 231509.985493042477174, 890427.31381127750501 ], [ 231456.43133146641776, 890264.803834574529901 ], [ 231523.719565591600258, 890247.510548244812526 ], [ 231539.174937973672058, 890260.031373051926494 ], [ 231599.785427442344371, 890291.204506690846756 ], [ 231532.382070821011439, 890429.991084574256092 ], [ 231524.402850907761604, 890435.720162361161783 ] ] ] } },
{ "type": "Feature", "properties": { "newname": "166_James J. Chittick Elementary School", "element": "way" }, "geometry": { "type": "Polygon", "coordinates": [ [ [ 232634.523016518185614, 890786.848314990988001 ], [ 232685.490873529372038, 890854.70782181841787 ], [ 232628.988678645109758, 890896.832132712122984 ], [ 232578.020638988469727, 890828.961922759190202 ], [ 232634.523016518185614, 890786.848314990988001 ] ] ] } },
{ "type": "Feature", "properties": { "newname": "167_Mattahunt Elementary School", "element": "way" }, "geometry": { "type": "Polygon", "coordinates": [ [ [ 232710.208181727910414, 891912.332096178899519 ], [ 232797.580891478370177, 891846.670824293163605 ], [ 232799.133939702616772, 891817.87605281046126 ], [ 232814.824245882104151, 891807.097087129950523 ], [ 232757.370548709761351, 891730.820054815616459 ], [ 232717.440136788907694, 891758.492123281816021 ], [ 232707.964424552483251, 891757.970440412755124 ], [ 232699.914069951919373, 891756.044729452347383 ], [ 232625.036980721983127, 891656.550713742617518 ], [ 232506.663654158212012, 891740.042909203795716 ], [ 232542.456021675548982, 891786.471511225681752 ], [ 232593.412793811876327, 891752.051671865978278 ], [ 232653.121963015146321, 891833.247387525159866 ], [ 232659.138042997481534, 891841.572688208078034 ], [ 232697.545230695221107, 891894.789869913482107 ], [ 232710.208181727910414, 891912.332096178899519 ] ] ] } },
{ "type": "Feature", "properties": { "newname": "168_Phineas Bates Elementary School", "element": "way" }, "geometry": { "type": "Polygon", "coordinates": [ [ [ 230154.411196520464728, 891983.976635120692663 ], [ 230100.097284978983225, 892033.161712347064167 ], [ 230042.494843103078892, 891967.92502785497345 ], [ 230098.944617047323845, 891920.825766447931528 ], [ 230154.411196520464728, 891983.976635120692663 ] ] ] } },
{ "type": "Feature", "properties": { "newname": "169_Young Achievers Science and Mathematics Pilot School", "element": "way" }, "geometry": { "type": "Polygon", "coordinates": [ [ [ 233421.203911066404544, 892420.647822839324363 ], [ 233393.039897647075122, 892432.010470158653334 ], [ 233375.767986442806432, 892442.458531736512668 ], [ 233349.798385337722721, 892467.694070221157745 ], [ 233330.0964833261678, 892494.903229266637936 ], [ 233319.793797797698062, 892519.43558738916181 ], [ 233318.157342383783543, 892535.81157558655832 ], [ 233354.922637882933486, 892543.794446828775108 ], [ 233354.068834822624922, 892558.607964036986232 ], [ 233356.349183608777821, 892573.44744891661685 ], [ 233359.039399098663125, 892583.60146248282399 ], [ 233363.329993742576335, 892586.743050335091539 ], [ 233368.427185006643413, 892586.767225100775249 ], [ 233389.647954963467782, 892569.706635594600812 ], [ 233435.267532240861328, 892528.180861568078399 ], [ 233473.037197097379249, 892489.739271387108602 ], [ 233490.373117023496889, 892467.584321300266311 ], [ 233502.948304270248627, 892457.891705336980522 ], [ 233483.880368203535909, 892433.21976595162414 ], [ 233465.534629910311196, 892421.425044758943841 ], [ 233444.405096158530796, 892417.42579322704114 ], [ 233421.203911066404544, 892420.647822839324363 ] ] ] } },
{ "type": "Feature", "properties": { "newname": "170_Pauline Agassiz Shaw School", "element": "way" }, "geometry": { "type": "Polygon", "coordinates": [ [ [ 234065.815412256168202, 892447.654303662944585 ], [ 234105.67450487340102, 892497.953913080506027 ], [ 234089.933083201554837, 892560.035888755926862 ], [ 234055.553844791487791, 892534.710611347807571 ], [ 234033.362955188495107, 892518.363878331379965 ], [ 234032.294534981192555, 892517.570068488712423 ], [ 234036.880756343307439, 892508.99495425960049 ], [ 234045.12331805517897, 892499.926585398265161 ], [ 234046.860985139617696, 892498.779801704804413 ], [ 234053.105051777558401, 892491.923295638523996 ], [ 234055.165393884701189, 892488.867564531858079 ], [ 234037.124829543579835, 892472.185469283722341 ], [ 234065.815412256168202, 892447.654303662944585 ] ] ] } },
{ "type": "Feature", "properties": { "newname": "171_Edward Brooke Charter School", "element": "way" }, "geometry": { "type": "Polygon", "coordinates": [ [ [ 231154.068518137879437, 892449.641730108531192 ], [ 231179.106172860076185, 892480.298556133173406 ], [ 231192.792265512020094, 892498.364649364841171 ], [ 231201.132486640301067, 892509.220439346507192 ], [ 231204.787886410980718, 892510.747286150348373 ], [ 231262.963080248999177, 892467.80809292756021 ], [ 231203.829088739992585, 892399.622575221117586 ], [ 231153.33394658533507, 892444.162429337389767 ], [ 231152.89270264422521, 892446.948483610758558 ], [ 231154.068518137879437, 892449.641730108531192 ] ] ] } },
{ "type": "Feature", "properties": { "newname": "172_John Marshall School", "element": "way" }, "geometry": { "type": "Polygon", "coordinates": [ [ [ 235364.251349752419628, 894377.395880885072984 ], [ 235354.235122313781176, 894403.115325885359198 ], [ 235346.794638051476795, 894400.356548955780454 ], [ 235320.10045766129042, 894474.643855624599382 ], [ 235352.625381799065508, 894480.572150469757617 ], [ 235376.325166105962126, 894486.900507995160297 ], [ 235423.867456740932539, 894502.301778153399937 ], [ 235502.236456538870698, 894529.977386307436973 ], [ 235529.209729593829252, 894462.812184569425881 ], [ 235535.804636624001432, 894445.217621817952022 ], [ 235536.59538652759511, 894443.755404036026448 ], [ 235451.86630986595992, 894411.493213908514008 ], [ 235391.435302821366349, 894387.840537334093824 ], [ 235364.251349752419628, 894377.395880885072984 ] ] ] } },
{ "type": "Feature", "properties": { "newname": "173_Holy Name Elementary", "element": "way" }, "geometry": { "type": "Polygon", "coordinates": [ [ [ 228979.847388810449047, 893035.616693288320675 ], [ 228975.682153739966452, 893111.764351094840094 ], [ 228975.617826767178485, 893127.381373522337526 ], [ 228987.746303009567782, 893188.256570752477273 ], [ 228994.506644822045928, 893214.864926039241254 ], [ 229001.272937942965655, 893242.017586450092494 ], [ 229008.34947271287092, 893247.922687271027826 ], [ 229015.795878068660386, 893254.129226275486872 ], [ 229044.437544967193389, 893244.383873517159373 ], [ 229060.200192499178229, 893223.899905629688874 ], [ 229069.461235502851196, 893222.060985039686784 ], [ 229085.79605247019208, 893218.807332816766575 ], [ 229078.065695197554305, 893159.594063425320201 ], [ 229066.661936037475243, 893123.102890818845481 ], [ 229058.772872307832586, 893102.243544749682769 ], [ 229047.556541590834968, 893088.22385851002764 ], [ 229037.408769504458178, 893081.061991099384613 ], [ 229023.682008714269614, 893075.795878609176725 ], [ 229016.837978271796601, 893069.469635086134076 ], [ 229010.011705755721778, 893056.834354610997252 ], [ 229006.200872057990637, 893046.955091341165826 ], [ 229002.104310127382632, 893040.362501911818981 ], [ 228991.676386192120844, 893035.110053714597598 ], [ 228979.847388810449047, 893035.616693288320675 ] ] ] } },
{ "type": "Feature", "properties": { "newname": "174_Boston Teachers Union Pilot School", "element": "way" }, "geometry": { "type": "Polygon", "coordinates": [ [ [ 231630.558481664746068, 893887.805459522060119 ], [ 231677.048894141771598, 893912.384828999172896 ], [ 231683.16054606702528, 893897.517016728175804 ], [ 231688.482092923281016, 893887.799593123956583 ], [ 231697.115178347303299, 893873.387458739685826 ], [ 231704.415945009299321, 893863.667859202832915 ], [ 231705.192221348755993, 893861.594230557442643 ], [ 231704.648074397875462, 893859.73680283757858 ], [ 231702.571600114722969, 893857.539239536272362 ], [ 231662.257488138071494, 893829.321985205984674 ], [ 231659.844235161843244, 893828.655772219412029 ], [ 231657.204878829739755, 893828.754969163564965 ], [ 231655.220337862381712, 893829.945662100799382 ], [ 231642.804842887708219, 893854.748682938865386 ], [ 231638.522734275873518, 893868.05858158506453 ], [ 231636.152339543506969, 893876.200923491036519 ], [ 231631.964949132438051, 893883.124362622853369 ], [ 231630.558481664746068, 893887.805459522060119 ] ] ] } },
{ "type": "Feature", "properties": { "newname": "175_Edward Everett Elementary School", "element": "way" }, "geometry": { "type": "Polygon", "coordinates": [ [ [ 236232.176529763877625, 896004.725613823160529 ], [ 236279.183613581117243, 896049.609886327874847 ], [ 236282.265943503123708, 896049.792405727668665 ], [ 236312.143709663767368, 896017.600969835068099 ], [ 236317.224267103796592, 896007.596942367730662 ], [ 236328.244150002137758, 895979.351412076735869 ], [ 236263.750085570442025, 895957.025238925009035 ], [ 236239.281594441097695, 895980.991722038364969 ], [ 236247.329069646424614, 895988.753061194438487 ], [ 236232.176529763877625, 896004.725613823160529 ] ] ] } },
{ "type": "Feature", "properties": { "newname": "176_Excel Charter School", "element": "way" }, "geometry": { "type": "Polygon", "coordinates": [ [ [ 239618.648567601456307, 903676.026442798902281 ], [ 239597.572765615041135, 903717.295673375483602 ], [ 239624.474446026782971, 903730.854632057948038 ], [ 239645.551808710733894, 903689.33000723621808 ], [ 239618.648567601456307, 903676.026442798902281 ] ] ] } },
{ "type": "Feature", "properties": { "newname": "177_Charles Sumner Elementary School", "element": "way" }, "geometry": { "type": "Polygon", "coordinates": [ [ [ 230756.062204357760493, 892998.072399669094011 ], [ 230727.01501279079821, 892960.146267012576573 ], [ 230788.982795113261091, 892908.455811268300749 ], [ 230794.568148884864058, 892913.723050249740481 ], [ 230799.365022856130963, 892910.700565138249658 ], [ 230823.378386996104382, 892943.573188648209907 ], [ 230756.062204357760493, 892998.072399669094011 ] ] ] } },
{ "type": "Feature", "properties": { "newname": "178_O W Holmes School", "element": "way" }, "geometry": { "type": "Polygon", "coordinates": [ [ [ 234962.32954022224294, 894071.314102125121281 ], [ 234944.199707830906846, 894148.544453647220507 ], [ 234945.20833484682953, 894153.003638263209723 ], [ 234946.795043400896247, 894155.632930628256872 ], [ 234949.534738967922749, 894156.901709688594565 ], [ 234952.508192918379791, 894157.594052891712636 ], [ 234955.491251399187604, 894156.353711430681869 ], [ 235052.347927761991741, 894107.462168333819136 ], [ 235054.87494548826362, 894105.075506813824177 ], [ 235056.831821089086588, 894102.919265431235544 ], [ 235057.298422310705064, 894100.300182286882773 ], [ 235056.973397221387131, 894097.67715350468643 ], [ 235055.843685014464427, 894094.361438924679533 ], [ 235053.339414374990156, 894092.18296344904229 ], [ 235049.109987299190834, 894090.340229648980312 ], [ 235046.137676390062552, 894089.414590536849573 ], [ 234964.965746718313312, 894070.183117218315601 ], [ 234963.357141452812357, 894070.297305139363743 ], [ 234962.32954022224294, 894071.314102125121281 ] ] ] } },
{ "type": "Feature", "properties": { "newname": "179_Henry Grew School", "element": "way" }, "geometry": { "type": "Polygon", "coordinates": [ [ [ 230783.837916515418328, 889583.646990122273564 ], [ 230837.876908274629386, 889619.53877452830784 ], [ 230785.041663413459901, 889695.17200379120186 ], [ 230728.48307374905562, 889656.237258163746446 ], [ 230783.837916515418328, 889583.646990122273564 ] ] ] } },
{ "type": "Feature", "properties": { "newname": "180_Mason Elementary", "element": "way" }, "geometry": { "type": "Polygon", "coordinates": [ [ [ 235342.507370555889793, 897416.698702318361029 ], [ 235301.675704122957541, 897370.474206226179376 ], [ 235336.455640344443964, 897339.980478981276974 ], [ 235377.278960101277335, 897386.216240348992869 ], [ 235342.507370555889793, 897416.698702318361029 ] ] ] } },
{ "type": "Feature", "properties": { "newname": "181_Conservatory Lab Charter School", "element": "way" }, "geometry": { "type": "Polygon", "coordinates": [ [ [ 228603.28732140728971, 900225.993231339380145 ], [ 228671.5661450586922, 900197.302461728220806 ], [ 228701.219282698468305, 900271.78989292785991 ], [ 228720.118796168477274, 900304.23509461665526 ], [ 228659.391258067684248, 900334.06696242839098 ], [ 228667.048293817002559, 900351.492933928151615 ], [ 228673.356818650237983, 900366.236443694215268 ], [ 228668.442240345757455, 900371.303743442986161 ], [ 228630.196314758009976, 900414.012640037806705 ], [ 228583.134799147665035, 900313.040426847408526 ], [ 228629.303684436366893, 900289.32448510103859 ], [ 228603.28732140728971, 900225.993231339380145 ] ] ] } },
{ "type": "Feature", "properties": { "newname": "182_Garfield James A. Elementary School", "element": "way" }, "geometry": { "type": "Polygon", "coordinates": [ [ [ 227926.174351906724041, 900282.563007934717461 ], [ 227923.911680229502963, 900242.399515675962903 ], [ 227924.367879297904437, 900189.795049218228087 ], [ 227953.689838085701922, 900190.044916419661604 ], [ 227978.581118455185788, 900187.733591257594526 ], [ 227979.657587753143162, 900236.045460138004273 ], [ 227972.206402239913587, 900257.52039315062575 ], [ 227959.834904656367144, 900285.62929687986616 ], [ 227926.174351906724041, 900282.563007934717461 ] ] ] } },
{ "type": "Feature", "properties": { "newname": "183_William Monroe Trotter Innovation School", "element": "way" }, "geometry": { "type": "Polygon", "coordinates": [ [ [ 233923.762311496480834, 896299.826883111614734 ], [ 233970.525609055679524, 896281.747161152772605 ], [ 233989.778354456357192, 896282.706602990394458 ], [ 234003.388781382440357, 896304.865627672639675 ], [ 234041.66625177511014, 896292.55467429838609 ], [ 233935.332058550586225, 896104.309449358843267 ], [ 233863.305270111071877, 896134.997114018304273 ], [ 233883.980606816825457, 896193.245514716953039 ], [ 233896.252460510440869, 896195.626171061070636 ], [ 233914.047377901588334, 896256.182293415768072 ], [ 233909.230815935210558, 896275.44203192461282 ], [ 233908.095974334515631, 896279.990716524654999 ], [ 233923.762311496480834, 896299.826883111614734 ] ] ] } },
{ "type": "Feature", "properties": { "newname": "184_Mozart Elementary School", "element": "way" }, "geometry": { "type": "Polygon", "coordinates": [ [ [ 229597.437071112479316, 892402.289175303187221 ], [ 229645.963879216520581, 892360.61787713796366 ], [ 229618.983059123565909, 892329.425198859651573 ], [ 229570.447949891793542, 892371.09664612414781 ], [ 229597.437071112479316, 892402.289175303187221 ] ] ] } },
{ "type": "Feature", "properties": { "newname": "185_Henry L Higginson School", "element": "way" }, "geometry": { "type": "Polygon", "coordinates": [ [ [ 233596.696836201357655, 896430.093821306829341 ], [ 233644.367727122211363, 896389.089974920963868 ], [ 233664.496571164345369, 896379.18938787013758 ], [ 233681.778599369339645, 896423.225327304680832 ], [ 233669.732884425873635, 896428.777024855255149 ], [ 233660.270502502971794, 896435.407448951504193 ], [ 233651.704063566750847, 896444.308144991169684 ], [ 233639.925735028227791, 896457.736534310155548 ], [ 233631.833992221858352, 896463.918138667475432 ], [ 233627.715742324711755, 896466.63093629386276 ], [ 233596.696836201357655, 896430.093821306829341 ] ] ] } },
{ "type": "Feature", "properties": { "newname": "186_Mattapan Early Childhood Center", "element": "way" }, "geometry": { "type": "Polygon", "coordinates": [ [ [ 233665.120882012939546, 891391.591104087652639 ], [ 233703.867193872720236, 891366.06249933806248 ], [ 233721.203165434475522, 891351.505743907298893 ], [ 233703.521884540445171, 891296.927152556367218 ], [ 233647.018157536658691, 891318.116611937526613 ], [ 233665.120882012939546, 891391.591104087652639 ] ] ] } },
{ "type": "Feature", "properties": { "newname": "187_East Boston High School", "element": "way" }, "geometry": { "type": "Polygon", "coordinates": [ [ [ 238211.521273257152643, 903566.69327752746176 ], [ 238384.87887584726559, 903567.194171904120594 ], [ 238385.024778343446087, 903551.044086673762649 ], [ 238385.885751742345747, 903452.266273511108011 ], [ 238385.919885808543768, 903449.034062682883814 ], [ 238364.640628485562047, 903448.8511613184819 ], [ 238353.350483510410413, 903448.745074981707148 ], [ 238303.946498106990475, 903448.7198700979352 ], [ 238293.289913948305184, 903448.717306242673658 ], [ 238211.784477565408451, 903448.673329729354009 ], [ 238211.693124350771541, 903482.118700340506621 ], [ 238211.682705405517481, 903487.061656501027755 ], [ 238211.516457830031868, 903547.898691815789789 ], [ 238211.500902443222003, 903553.78579183050897 ], [ 238211.484803198720329, 903559.772860024822876 ], [ 238211.521273257152643, 903566.69327752746176 ] ] ] } },
{ "type": "Feature", "properties": { "newname": "188_Kennedy Day School", "element": "way" }, "geometry": { "type": "Polygon", "coordinates": [ [ [ 229411.124399977124995, 899962.997169825481251 ], [ 229417.205601216730429, 899990.42543901654426 ], [ 229429.675038488814607, 900046.693968337611295 ], [ 229415.238454294914845, 900048.988370268139988 ], [ 229415.101906544645317, 900081.611263143830001 ], [ 229485.902892541547772, 900087.21747273649089 ], [ 229552.968807580444263, 900073.847755164839327 ], [ 229537.857743311149534, 900046.470264357980341 ], [ 229532.708784520102199, 900003.195043167099357 ], [ 229532.057317354396218, 899975.8783482684521 ], [ 229518.375948892120505, 899968.989603489870206 ], [ 229509.106825234805001, 899939.515141742420383 ], [ 229411.124399977124995, 899962.997169825481251 ] ] ] } },
{ "type": "Feature", "properties": { "newname": "189_Brighton High School", "element": "way" }, "geometry": { "type": "Polygon", "coordinates": [ [ [ 229136.803443219163455, 900004.519346499349922 ], [ 229098.765774348401465, 899878.355473439209163 ], [ 229283.935782072483562, 899819.986975052161142 ], [ 229294.543284316023346, 899852.821246098726988 ], [ 229328.012168527668109, 899965.360126693383791 ], [ 229136.803443219163455, 900004.519346499349922 ] ] ] } },
{ "type": "Feature", "properties": { "newname": "190_Madison Park Technical Vocational High School", "element": "way" }, "geometry": { "type": "Polygon", "coordinates": [ [ [ 233798.220582703419495, 897971.189367722603492 ], [ 233795.834015891130548, 897967.023600530228578 ], [ 233787.958120043476811, 897971.495481899939477 ], [ 233783.896063746855361, 897964.400331352837384 ], [ 233776.061487233790103, 897968.850209109601565 ], [ 233771.844161423301557, 897961.476626208866946 ], [ 233731.869677767390385, 897984.199955274816602 ], [ 233727.75030788424192, 897977.015700328047387 ], [ 233680.106889415794285, 898004.090088415425271 ], [ 233676.020231946546119, 897996.950451371725649 ], [ 233668.045228702801978, 898001.488638461800292 ], [ 233661.253105152456556, 897989.637481005513109 ], [ 233655.499022041098215, 897979.590753216063604 ], [ 233647.457920639018994, 897984.161970294895582 ], [ 233615.293619756470434, 898002.446930989739485 ], [ 233635.719032739551039, 898038.111602952005342 ], [ 233640.925487601081841, 898047.200429713586345 ], [ 233656.7678542980575, 898038.201241682865657 ], [ 233685.684919627237832, 898088.702230974216945 ], [ 233812.879488034057431, 898016.401702933013439 ], [ 233821.358691028523026, 898011.577304288628511 ], [ 233816.961514254100621, 898003.914026909507811 ], [ 233804.47209076222498, 898001.154776551062241 ], [ 233808.128342826996231, 897989.798037465196103 ], [ 233808.706800366635434, 897989.478695119032636 ], [ 233798.220582703419495, 897971.189367722603492 ] ] ] } },
{ "type": "Feature", "properties": { "newname": "191_Shaloh House Day School", "element": "way" }, "geometry": { "type": "Polygon", "coordinates": [ [ [ 228463.352508121955907, 899793.322728315950371 ], [ 228501.641945078852586, 899781.092777717392892 ], [ 228500.007292608817806, 899755.471703651593998 ], [ 228500.280128613841953, 899736.956210830830969 ], [ 228453.499352277198341, 899754.316883495077491 ], [ 228463.352508121955907, 899793.322728315950371 ] ] ] } },
{ "type": "Feature", "properties": { "newname": "192_Winship Elementary School", "element": "way" }, "geometry": { "type": "Polygon", "coordinates": [ [ [ 228361.997409245290328, 899703.529005355318077 ], [ 228407.546043669863138, 899689.328449245309457 ], [ 228428.838298135146033, 899746.141758228419349 ], [ 228380.604309318005107, 899762.275186066748574 ], [ 228361.997409245290328, 899703.529005355318077 ] ] ] } },
{ "type": "Feature", "properties": { "newname": "193_Curley K-8 School", "element": "way" }, "geometry": { "type": "Polygon", "coordinates": [ [ [ 231757.761907490144949, 896582.464637398952618 ], [ 231736.753501402796246, 896528.630771049531177 ], [ 231783.003134283673717, 896511.333961046533659 ], [ 231780.714987632003613, 896505.081096485955641 ], [ 231836.388660170516232, 896481.995702448883094 ], [ 231843.266494375333423, 896497.766444675507955 ], [ 231852.265223772177706, 896494.819235616130754 ], [ 231918.038653713243548, 896467.848125047632493 ], [ 231960.684568283031695, 896552.582483554258943 ], [ 231928.071890166320372, 896567.496346198953688 ], [ 231925.894470874889521, 896567.753043590346351 ], [ 231903.946927418612177, 896570.374806413659826 ], [ 231757.761907490144949, 896582.464637398952618 ] ] ] } },
{ "type": "Feature", "properties": { "newname": "194_Nathan Hale School", "element": "way" }, "geometry": { "type": "Polygon", "coordinates": [ [ [ 233666.006230810802663, 897372.259355222107843 ], [ 233684.303049793321406, 897362.238969484809786 ], [ 233695.276601000572555, 897354.771627526148222 ], [ 233701.937162435497157, 897347.761257910402492 ], [ 233747.831316576543031, 897322.011560028418899 ], [ 233741.37981477662106, 897307.773818157380447 ], [ 233702.669701046019327, 897267.16714572859928 ], [ 233687.754870148230111, 897286.922943159937859 ], [ 233671.092814742820337, 897325.586853123386391 ], [ 233655.470157779491274, 897357.224592370330356 ], [ 233655.006091509276303, 897361.187827498768456 ], [ 233666.006230810802663, 897372.259355222107843 ] ] ] } },
{ "type": "Feature", "properties": { "newname": "195_Manassah E Bradley School", "element": "way" }, "geometry": { "type": "Polygon", "coordinates": [ [ [ 240723.46377416071482, 904739.087068040156737 ], [ 240711.229134260240244, 904677.844685451826081 ], [ 240746.264439588587265, 904673.638012610608712 ], [ 240806.102891487797024, 904656.279375809594058 ], [ 240814.53701784776058, 904687.019636115524918 ], [ 240820.319765758264111, 904717.755605557700619 ], [ 240783.600297093391418, 904728.428060081787407 ], [ 240723.46377416071482, 904739.087068040156737 ] ] ] } },
{ "type": "Feature", "properties": { "newname": "196_Warren-Prescott School", "element": "way" }, "geometry": { "type": "Polygon", "coordinates": [ [ [ 235794.443950977787608, 903122.641557370894589 ], [ 235798.029549856175436, 903117.194759075064212 ], [ 235813.014649726130301, 903098.587710664840415 ], [ 235827.783798396470957, 903081.96790097723715 ], [ 235829.916056007496081, 903080.512538284063339 ], [ 235832.458640364813618, 903080.958714239997789 ], [ 235865.981766382174101, 903118.99650995968841 ], [ 235898.532002326101065, 903157.173900781432167 ], [ 235905.20140786113916, 903168.749062063288875 ], [ 235915.71011004288448, 903188.086043140152469 ], [ 235926.682435689785052, 903208.547306938446127 ], [ 235889.871234231453855, 903230.697057205950841 ], [ 235879.296490252017975, 903214.614381295396015 ], [ 235868.665637563128257, 903198.220415270188823 ], [ 235847.360337643505773, 903165.87662611680571 ], [ 235841.733302402077243, 903156.595059376675636 ], [ 235835.978639742301311, 903148.112612703582272 ], [ 235824.988147653086344, 903142.447080322308466 ], [ 235814.116729343048064, 903136.037945330841467 ], [ 235804.041645793011412, 903130.121632307535037 ], [ 235794.764202936348738, 903124.442663526162505 ], [ 235794.443950977787608, 903122.641557370894589 ] ] ] } },
{ "type": "Feature", "properties": { "newname": "197_Dr. Martin Luther King Jr. K-8 School", "element": "way" }, "geometry": { "type": "Polygon", "coordinates": [ [ [ 234925.685606229817495, 895765.930785875767469 ], [ 234858.684223770571407, 895677.680911207105964 ], [ 234898.936624424241018, 895657.15360311884433 ], [ 234908.698100468696794, 895652.170268590794876 ], [ 234922.046770791144809, 895645.360883711837232 ], [ 234939.304753687378252, 895668.139632248552516 ], [ 234936.316431932937121, 895670.56847821874544 ], [ 234942.640549043921055, 895678.741841514129192 ], [ 234964.13916609264561, 895705.862620573258027 ], [ 234979.238903584366199, 895724.909661658341065 ], [ 234973.861112571321428, 895728.715068491874263 ], [ 234925.685606229817495, 895765.930785875767469 ] ] ] } },
{ "type": "Feature", "properties": { "newname": "198_Quincy E Dickerman", "element": "way" }, "geometry": { "type": "Polygon", "coordinates": [ [ [ 235128.145471462310525, 895725.69637664873153 ], [ 235160.917905025125947, 895707.376956857740879 ], [ 235193.109243254351895, 895689.887858724687248 ], [ 235221.06124029358034, 895733.669954791781493 ], [ 235155.268339956819545, 895772.117703496711329 ], [ 235128.145471462310525, 895725.69637664873153 ] ] ] } },
{ "type": "Feature", "properties": { "newname": "199_Franklin D. Roosevelt K-8 School - Upper Campus", "element": "way" }, "geometry": { "type": "Polygon", "coordinates": [ [ [ 230970.764497968251817, 888162.958529385272413 ], [ 231053.03420746512711, 888055.966803569463082 ], [ 231081.386111427127616, 888078.029271266888827 ], [ 231002.440013385581551, 888183.65797480463516 ], [ 231000.115527406975161, 888184.869565047440119 ], [ 230997.787680174165871, 888184.97038941225037 ], [ 230970.764497968251817, 888162.958529385272413 ] ] ] } },
{ "type": "Feature", "properties": { "newname": "200_Unknown", "element": "way" }, "geometry": { "type": "Polygon", "coordinates": [ [ [ 234058.743283749790862, 896848.156067057745531 ], [ 234047.437327256484423, 896826.996652123169042 ], [ 234034.191130982944742, 896804.761523802997544 ], [ 234019.980282438802533, 896784.254557237494737 ], [ 234007.357130678195972, 896764.399547096574679 ], [ 233987.217525984335225, 896754.482947374344803 ], [ 233994.335990509425756, 896734.77895833645016 ], [ 233996.548075688653626, 896730.768662601243705 ], [ 234041.622853257489624, 896747.614999326411635 ], [ 234098.58929708233336, 896768.484742013388313 ], [ 234105.095808699086774, 896771.33765928412322 ], [ 234110.572049333160976, 896775.862848808872513 ], [ 234114.582864560419694, 896781.702749998308718 ], [ 234124.950815301854163, 896807.578497206908651 ], [ 234058.743283749790862, 896848.156067057745531 ] ] ] } },
{ "type": "Feature", "properties": { "newname": "201_Mildred Avenue K-8 School", "element": "way" }, "geometry": { "type": "Polygon", "coordinates": [ [ [ 233659.090298743132735, 891655.478874775348231 ], [ 233788.811996345873922, 891826.502436055801809 ], [ 233848.170438267174177, 891910.750172278145328 ], [ 233779.857415702776052, 891958.006865156348795 ], [ 233718.264871484600008, 891866.506831926526502 ], [ 233640.958855802484322, 891746.874397926381789 ], [ 233659.090298743132735, 891655.478874775348231 ] ] ] } },
{ "type": "Feature", "properties": { "newname": "202_Boston College High School", "element": "way" }, "geometry": { "type": "Polygon", "coordinates": [ [ [ 237703.21048082143534, 896097.455595816485584 ], [ 237598.124292255437467, 896134.437028582207859 ], [ 237558.289230204187334, 896148.375385393854231 ], [ 237530.799105651909485, 896132.289015981368721 ], [ 237518.003332571999636, 896124.778554003452882 ], [ 237499.716587053961121, 896114.261959339259192 ], [ 237458.377343369327718, 896090.237762159435079 ], [ 237421.592116219952004, 896068.637313494225964 ], [ 237399.615483731380664, 896055.868693142663687 ], [ 237379.645629105041735, 896050.186429522698745 ], [ 237374.938272874482209, 896047.084567843936384 ], [ 237373.100565885484684, 896050.051670073065907 ], [ 237370.230550531530753, 896058.011761984438635 ], [ 237364.787197586643742, 896073.955741504672915 ], [ 237356.053765487507917, 896096.246971901739016 ], [ 237352.593878616869915, 896105.070340277859941 ], [ 237351.552594998065615, 896108.652603912516497 ], [ 237342.625010306626791, 896128.710167994024232 ], [ 237341.540348404698307, 896131.1481072017923 ], [ 237339.281997421057895, 896135.712497093249112 ], [ 237334.148723341728328, 896146.070962871890515 ], [ 237327.596475583763095, 896158.176920213736594 ], [ 237318.058241295977496, 896175.265512284473516 ], [ 237311.185841865313705, 896187.125416212948039 ], [ 237301.146120288118254, 896203.967000754084438 ], [ 237291.380960102949757, 896220.343531540827826 ], [ 237285.912420778913656, 896230.211515470291488 ], [ 237283.205389822775032, 896235.451115974690765 ], [ 237278.698548035143176, 896244.302294137887657 ], [ 237275.158454334741691, 896251.181424776325002 ], [ 237272.758689180773217, 896256.000564694753848 ], [ 237271.307702948863152, 896259.12525233370252 ], [ 237269.782939127006102, 896263.726876918342896 ], [ 237268.293213542143349, 896269.494998914073221 ], [ 237267.152898779459065, 896274.665155908092856 ], [ 237266.976075240090722, 896275.364005542243831 ], [ 237266.07482340146089, 896278.980347989476286 ], [ 237263.275559857022017, 896286.074458122369833 ], [ 237259.103879347385373, 896297.026786114322022 ], [ 237254.293866302527022, 896307.098224154789932 ], [ 237252.765288947994122, 896309.311671046540141 ], [ 237250.779670830059331, 896312.211376083083451 ], [ 237248.379113256727578, 896315.630946766003035 ], [ 237246.414522448321804, 896319.230551302665845 ], [ 237242.251770908071194, 896328.505670092301443 ], [ 237234.622693120210897, 896346.315385468187742 ], [ 237228.437178741587559, 896360.844864834100008 ], [ 237222.823485887318384, 896374.810882848920301 ], [ 237217.973548020672752, 896386.215062805218622 ], [ 237214.39220350299729, 896394.682412142399698 ], [ 237211.637487169413362, 896401.165854533435777 ], [ 237205.800464609463234, 896415.286213152110577 ], [ 237203.062015775882173, 896421.814176071900874 ], [ 237202.629202702868497, 896424.155617020325735 ], [ 237193.164871394255897, 896446.098852745722979 ], [ 237205.24341864004964, 896448.89525655133184 ], [ 237265.194462977262447, 896462.197675236617215 ], [ 237339.109914881119039, 896478.596053403220139 ], [ 237334.271697868476622, 896448.957149064051919 ], [ 237352.736982223286759, 896444.367756855208427 ], [ 237373.597944194218144, 896438.835881588980556 ], [ 237393.939016073854873, 896433.412380499881692 ], [ 237404.500311495066853, 896430.080697735073045 ], [ 237414.93781676038634, 896428.325669979443774 ], [ 237454.473773084173445, 896419.116803939105012 ], [ 237526.146084180742037, 896400.160393993137404 ], [ 237552.010005250835093, 896393.311714133480564 ], [ 237593.451000983070116, 896382.492073712055571 ], [ 237611.05229207733646, 896362.259052556473762 ], [ 237637.306926892517367, 896331.742199444794096 ], [ 237722.889923032606021, 896412.276473827078007 ], [ 237738.877772829233436, 896425.458285432658158 ], [ 237761.650461864861427, 896407.863713669707067 ], [ 237850.422559345897753, 896367.197977395961061 ], [ 237810.505630909465253, 896279.998558553634211 ], [ 237798.195566730864812, 896258.916545657324605 ], [ 237767.545232226140797, 896206.701023681089282 ], [ 237713.016917264816584, 896113.558850417495705 ], [ 237703.21048082143534, 896097.455595816485584 ] ] ] } },
{ "type": "Feature", "properties": { "newname": "203_McKinley Preparatory High School", "element": "way" }, "geometry": { "type": "Polygon", "coordinates": [ [ [ 233071.763924514554674, 899334.63109736260958 ], [ 232985.312269791262224, 899302.167840477311984 ], [ 232998.125736085290555, 899267.071931850863621 ], [ 233085.615035101945978, 899297.996248345589265 ], [ 233071.763924514554674, 899334.63109736260958 ] ] ] } },
{ "type": "Feature", "properties": { "newname": "204_TechBoston Academy", "element": "way" }, "geometry": { "type": "Polygon", "coordinates": [ [ [ 235029.873208498320309, 892929.072660323698074 ], [ 235022.513249473617179, 892941.276634778827429 ], [ 234881.314257790072588, 892899.46572145621758 ], [ 234877.163512301951414, 892898.234409047989175 ], [ 234878.621324351901421, 892893.654182029888034 ], [ 234899.685222629399505, 892827.312758115818724 ], [ 234903.070322504616342, 892816.632897601928562 ], [ 234927.955511643755017, 892738.247632692684419 ], [ 235073.088513642112957, 892777.391019283561036 ], [ 235029.873208498320309, 892929.072660323698074 ] ] ] } },
{ "type": "Feature", "properties": { "newname": "205_Excel High School", "element": "way" }, "geometry": { "type": "Polygon", "coordinates": [ [ [ 237476.992845937813399, 898069.459600158035755 ], [ 237505.72957657216466, 898079.110003888956271 ], [ 237525.55184479203308, 898091.26771940337494 ], [ 237541.136711707047652, 898103.636123736854643 ], [ 237554.146395704941824, 898119.789662286173552 ], [ 237558.709269329381641, 898134.231924273772165 ], [ 237559.257947451958898, 898156.483718120958656 ], [ 237548.957529495441122, 898180.876891485764645 ], [ 237535.399458778323606, 898194.900243014562875 ], [ 237519.874083964939928, 898203.847976706689224 ], [ 237500.600143756571924, 898211.009610463283025 ], [ 237472.718793874402763, 898218.791873592650518 ], [ 237464.920628908555955, 898202.099760140758008 ], [ 237461.909469398262445, 898194.93030853732489 ], [ 237458.1334902686649, 898184.357805352425203 ], [ 237454.525329586787848, 898171.675722487620078 ], [ 237452.095210741856135, 898160.632760174339637 ], [ 237450.768657095788512, 898149.740079256822355 ], [ 237450.411638364341343, 898140.951932267285883 ], [ 237450.876034605404129, 898132.679118931759149 ], [ 237452.027027506585, 898125.476309494813904 ], [ 237453.711997266364051, 898118.598470624769107 ], [ 237456.089662556099938, 898111.646568745491095 ], [ 237458.250110670662252, 898106.792878368403763 ], [ 237460.566556733421749, 898102.05109767569229 ], [ 237464.760057785519166, 898093.053938650642522 ], [ 237468.961337262764573, 898084.145685830852017 ], [ 237473.274514086020645, 898075.893390382872894 ], [ 237476.992845937813399, 898069.459600158035755 ] ] ] } },
{ "type": "Feature", "properties": { "newname": "206_Bais Yaakov of Boston", "element": "way" }, "geometry": { "type": "Polygon", "coordinates": [ [ [ 228450.879599359759595, 898842.250742162810639 ], [ 228468.616740048892098, 898857.740072435932234 ], [ 228493.154163707775297, 898882.942942580557428 ], [ 228501.95604415202979, 898892.886714368127286 ], [ 228482.000129556923639, 898908.445489967241883 ], [ 228466.270146358059719, 898918.289852544665337 ], [ 228452.094569859473268, 898924.830441834172234 ], [ 228434.945730121689849, 898928.94865552324336 ], [ 228428.646883963083383, 898929.700716700055636 ], [ 228421.80621485519805, 898927.906924768351018 ], [ 228416.186228882608702, 898923.80766877043061 ], [ 228412.663308718067128, 898918.72830702830106 ], [ 228410.939001204271335, 898909.035405860166065 ], [ 228415.431557326024631, 898890.337060149759054 ], [ 228424.554897351015825, 898875.833945376798511 ], [ 228450.879599359759595, 898842.250742162810639 ] ] ] } },
{ "type": "Feature", "properties": { "newname": "207_Unknown", "element": "way" }, "geometry": { "type": "Polygon", "coordinates": [ [ [ 239809.182389625348151, 903738.985906447866 ], [ 239834.731753892847337, 903752.771275637671351 ], [ 239861.980709967436269, 903699.230209043831564 ], [ 239815.953377211641055, 903674.753900311654434 ], [ 239814.726744339044672, 903676.13543624128215 ], [ 239808.746803570509655, 903687.975900664343499 ], [ 239802.55874549067812, 903700.215075885760598 ], [ 239817.112558840890415, 903707.062281330116093 ], [ 239823.64074563072063, 903710.365017341915518 ], [ 239809.182389625348151, 903738.985906447866 ] ] ] } },
{ "type": "Feature", "properties": { "newname": "208_Boston Trinity Academy", "element": "way" }, "geometry": { "type": "Polygon", "coordinates": [ [ [ 230588.052078278502449, 889864.88058268581517 ], [ 230627.88503365701763, 889839.250985255232081 ], [ 230630.812547173671192, 889837.741992029012181 ], [ 230640.298355971754063, 889834.673170099616982 ], [ 230675.073766956949839, 889812.798388788825832 ], [ 230676.955509761493886, 889812.695515261148103 ], [ 230720.227405921992613, 889902.944265848840587 ], [ 230716.680491306615295, 889904.583809189149179 ], [ 230668.410664214636199, 889919.823900434421375 ], [ 230690.412959188455716, 889992.540976607473567 ], [ 230632.482496063195867, 890009.516399810323492 ], [ 230588.052078278502449, 889864.88058268581517 ] ] ] } },
{ "type": "Feature", "properties": { "newname": "209_Match Charter Public School Community Day Campus", "element": "way" }, "geometry": { "type": "Polygon", "coordinates": [ [ [ 232325.808659214788349, 890147.715495640411973 ], [ 232444.188236980407964, 890231.033836431801319 ], [ 232448.347247046156554, 890220.167595263686962 ], [ 232466.633213424880523, 890219.707660950254649 ], [ 232483.52660830077366, 890222.429218146135099 ], [ 232502.663047317997552, 890223.617223176173866 ], [ 232529.701873941608937, 890223.431142302462831 ], [ 232530.414361223083688, 890228.155152207706124 ], [ 232530.304848316969583, 890233.997226936393417 ], [ 232530.808911737753078, 890239.186791424872354 ], [ 232528.0720752592606, 890279.716767262667418 ], [ 232545.277834633539896, 890293.358658410492353 ], [ 232568.438552970706951, 890316.347400137572549 ], [ 232567.401272302580765, 890317.631077914615162 ], [ 232599.805800676142098, 890354.180623014457524 ], [ 232600.173435706994496, 890351.405433255946264 ], [ 232616.952695643296465, 890225.578875502338633 ], [ 232541.319273974280804, 890221.596565003972501 ], [ 232539.064381958101876, 890216.765454154345207 ], [ 232536.510049248230644, 890212.455015364568681 ], [ 232533.268545714905486, 890208.652348953299224 ], [ 232534.118574711552355, 890174.700444400776178 ], [ 232561.63780437776586, 890175.938474912778474 ], [ 232563.149360897135921, 890134.569781363010406 ], [ 232554.773073775751982, 890136.697004378191195 ], [ 232541.953282910748385, 890138.015051789348945 ], [ 232531.162016527261585, 890137.80965491826646 ], [ 232516.4404260936426, 890136.44203444570303 ], [ 232495.342546732746996, 890131.135136660886928 ], [ 232471.963478232122725, 890124.884740818873979 ], [ 232451.392356319993269, 890121.635305365431122 ], [ 232432.580729707464343, 890117.938628349918872 ], [ 232417.220686290034791, 890115.446409386117011 ], [ 232402.981971450324636, 890113.126000297954306 ], [ 232389.034110788430553, 890113.93929199303966 ], [ 232376.613438098953338, 890116.381341515108943 ], [ 232364.19157509424258, 890120.878306975355372 ], [ 232352.667559698980767, 890127.500966714578681 ], [ 232342.415918267826783, 890133.751835397910327 ], [ 232333.914066631841706, 890139.877467365353368 ], [ 232325.808659214788349, 890147.715495640411973 ] ] ] } },
{ "type": "Feature", "properties": { "newname": "210_Boston Preparatory Charter Public School", "element": "way" }, "geometry": { "type": "Polygon", "coordinates": [ [ [ 232099.226941296714358, 890255.177070297999308 ], [ 232138.108724710211391, 890268.739142629317939 ], [ 232133.076287192379823, 890283.078245914075524 ], [ 232151.190851349267177, 890289.392325817956589 ], [ 232156.164704492897727, 890275.241796121932566 ], [ 232171.214874637400499, 890280.486707136733457 ], [ 232166.625394863978727, 890293.572656904463656 ], [ 232190.679209839203395, 890301.95778089039959 ], [ 232202.976244713150663, 890266.947451983578503 ], [ 232125.492820855695754, 890239.924052327289246 ], [ 232128.084288958751131, 890232.538244002964348 ], [ 232109.458828109927708, 890226.044172858353704 ], [ 232099.226941296714358, 890255.177070297999308 ] ] ] } },
{ "type": "Feature", "properties": { "newname": "211_Franklin D. Roosevelt K-8 School (Lower Campus)", "element": "way" }, "geometry": { "type": "Polygon", "coordinates": [ [ [ 230350.514631622558227, 887135.65643941424787 ], [ 230341.177581235067919, 887107.2254404197447 ], [ 230332.581933173816651, 887081.041363211814314 ], [ 230331.968121577519923, 887079.816894535440952 ], [ 230330.89005702547729, 887079.056940625887364 ], [ 230329.579100337577984, 887078.706960875773802 ], [ 230328.224623063550098, 887078.878846083767712 ], [ 230298.861901890457375, 887088.8158130843658 ], [ 230295.546993534866488, 887089.945620152982883 ], [ 230281.758425412932411, 887094.618093945086002 ], [ 230280.278752251615515, 887095.111567198182456 ], [ 230274.922024002182297, 887096.932374861789867 ], [ 230271.251710145385005, 887098.171740034013055 ], [ 230264.712900700280443, 887100.387342920643277 ], [ 230263.232704780210042, 887101.002999930642545 ], [ 230262.262653301120736, 887101.998504730174318 ], [ 230261.950655419554096, 887103.529997757053934 ], [ 230262.3986270026071, 887104.93146740028169 ], [ 230265.366860143578378, 887113.397028765757568 ], [ 230270.919985942862695, 887129.249080618610606 ], [ 230281.227086877508555, 887158.661618009442464 ], [ 230283.855759255151497, 887157.784324810141698 ], [ 230350.514631622558227, 887135.65643941424787 ] ] ] } },
{ "type": "Feature", "properties": { "newname": "212_Excel Academy Charter School", "element": "way" }, "geometry": { "type": "Polygon", "coordinates": [ [ [ 238958.267249474738492, 903285.022374394116923 ], [ 239003.331631646142341, 903248.083216378698125 ], [ 238991.86713440369931, 903233.334931713645346 ], [ 238973.042148477077717, 903210.759191431570798 ], [ 238966.652610535762506, 903203.092620873823762 ], [ 238940.492005368083483, 903174.111458762316033 ], [ 238938.509673557826318, 903172.178804476396181 ], [ 238916.384562013408868, 903149.107288853614591 ], [ 238912.478095473459689, 903151.085068533313461 ], [ 238904.717026832804549, 903157.57352110883221 ], [ 238881.325923535448965, 903177.204951504943892 ], [ 238878.266136900754645, 903179.476241891039535 ], [ 238875.576825038791867, 903181.771799692651257 ], [ 238872.523433686321368, 903184.376364756608382 ], [ 238873.289637270470848, 903185.813523013726808 ], [ 238875.498149747902062, 903188.547178898821585 ], [ 238881.486292258574395, 903195.844883441575803 ], [ 238886.412670104968129, 903201.53717880579643 ], [ 238958.267249474738492, 903285.022374394116923 ] ] ] } },
{ "type": "Feature", "properties": { "newname": "213_Patrick J. Kennedy Elementary School", "element": "way" }, "geometry": { "type": "Polygon", "coordinates": [ [ [ 238745.455071330943611, 903217.153525286121294 ], [ 238740.530389544233913, 903226.068217043532059 ], [ 238735.45540044180234, 903235.35975185141433 ], [ 238724.646662058803486, 903255.42765879468061 ], [ 238718.003323825105326, 903268.365057555842213 ], [ 238683.33692801289726, 903250.912399733788334 ], [ 238679.739678925630869, 903249.104220053181052 ], [ 238677.891794292139821, 903248.172089945524931 ], [ 238676.930884303816129, 903247.68915968737565 ], [ 238676.060318780102534, 903247.251158563303761 ], [ 238674.516286256723106, 903246.476212837034836 ], [ 238666.057012295903405, 903242.21975253126584 ], [ 238657.614198902039789, 903237.963393089477904 ], [ 238650.321581055468414, 903234.213227590313181 ], [ 238644.621368530963082, 903231.427108758012764 ], [ 238670.153613465779927, 903180.249160144012421 ], [ 238671.843818521942012, 903176.914989802287892 ], [ 238674.833333604125073, 903178.41990588104818 ], [ 238676.245919496344868, 903179.138588300906122 ], [ 238703.003682606387883, 903192.604326283093542 ], [ 238704.679123873094795, 903193.446649539051577 ], [ 238745.469652814441361, 903214.509927323437296 ], [ 238745.455071330943611, 903217.153525286121294 ] ] ] } },
{ "type": "Feature", "properties": { "newname": "214_Donald McKay School", "element": "way" }, "geometry": { "type": "Polygon", "coordinates": [ [ [ 238339.101207531406544, 902113.544663600623608 ], [ 238293.947983653983101, 902154.019833453348838 ], [ 238280.550043136463501, 902160.933665096992627 ], [ 238263.207243955839658, 902175.301629008026794 ], [ 238273.869755962747149, 902188.178184414515272 ], [ 238337.720161054923665, 902250.397135901264846 ], [ 238339.667912965174764, 902252.707093457342125 ], [ 238350.516164517059224, 902245.090767449815758 ], [ 238361.754773954598932, 902259.514597873319872 ], [ 238386.634203476365656, 902245.154726800043136 ], [ 238412.249097883934155, 902230.376865919795819 ], [ 238430.840635793749243, 902219.648370620328933 ], [ 238411.06553160151816, 902196.769098135409877 ], [ 238405.867948436585721, 902190.764650926925242 ], [ 238387.598756577994209, 902169.626506127766334 ], [ 238383.15417193013127, 902164.492604194674641 ], [ 238364.090798081364483, 902142.450446497648954 ], [ 238344.110612922842847, 902119.336983404005878 ], [ 238339.101207531406544, 902113.544663600623608 ] ] ] } },
{ "type": "Feature", "properties": { "newname": "215_Charles R Edwards Middle School", "element": "way" }, "geometry": { "type": "Polygon", "coordinates": [ [ [ 235585.266872830776265, 903234.312515875557438 ], [ 235612.588344137795502, 903204.293118995032273 ], [ 235647.723270709451754, 903244.537409266573377 ], [ 235683.682432865403825, 903297.537901099771261 ], [ 235619.205992454080842, 903336.599162602797151 ], [ 235584.556795604847139, 903286.693621211918071 ], [ 235611.820060872356407, 903268.115027909865603 ], [ 235585.266872830776265, 903234.312515875557438 ] ] ] } },
{ "type": "Feature", "properties": { "newname": "216_Holden School", "element": "way" }, "geometry": { "type": "Polygon", "coordinates": [ [ [ 235840.691934432863491, 903176.683877854375169 ], [ 235829.075430865777889, 903158.130018645664677 ], [ 235810.912947658769554, 903147.36274349107407 ], [ 235795.927192485600244, 903161.271166708786041 ], [ 235822.953537002467783, 903189.356334720971063 ], [ 235840.691934432863491, 903176.683877854375169 ] ] ] } },
{ "type": "Feature", "properties": { "newname": "217_Michael J. Perkins Elementary School", "element": "way" }, "geometry": { "type": "Polygon", "coordinates": [ [ [ 237000.361040584422881, 897968.986451572622173 ], [ 237050.534966108534718, 897927.17451779183466 ], [ 237085.933751229313202, 897969.348514534067363 ], [ 237039.253226824861486, 898008.257262912113219 ], [ 237018.564281722239684, 897983.622345877578482 ], [ 237015.079205084068235, 897986.525335572659969 ], [ 237000.361040584422881, 897968.986451572622173 ] ] ] } },
{ "type": "Feature", "properties": { "newname": "218_Dexter Southfield School", "element": "way" }, "geometry": { "type": "Polygon", "coordinates": [ [ [ 229929.875200844195206, 895082.475931640481576 ], [ 229926.024658596317749, 895086.369437284651212 ], [ 229769.363915477879345, 895245.043755605001934 ], [ 229765.720562994480133, 895248.72718117153272 ], [ 229528.942077385261655, 895178.328390445443802 ], [ 229504.236358581576496, 895216.557187288301066 ], [ 229504.30919321422698, 895252.257473508012481 ], [ 229453.560293906542938, 895331.364462457946502 ], [ 229607.597899502521614, 895458.69407388730906 ], [ 229678.101754758245079, 895364.031943245092407 ], [ 229733.211436863901326, 895509.89718264224939 ], [ 229983.066341024648864, 895412.699723297148012 ], [ 230013.199383824714459, 895503.822181942407042 ], [ 230063.44537612888962, 895491.474049517069943 ], [ 230128.328373979835305, 895470.824904287350364 ], [ 229967.505342885648133, 895156.124384630820714 ], [ 229929.875200844195206, 895082.475931640481576 ] ] ] } },
{ "type": "Feature", "properties": { "newname": "219_Blackstone Innovation School", "element": "way" }, "geometry": { "type": "Polygon", "coordinates": [ [ [ 235202.387127928377595, 898958.551340923877433 ], [ 235199.408961685723625, 898962.50189908198081 ], [ 235207.300347115437035, 898969.705933538731188 ], [ 235194.86298618564615, 898983.328415825380944 ], [ 235252.966612634627381, 899034.415428279549815 ], [ 235259.862123768427409, 899026.563499994110316 ], [ 235265.482118556887144, 899031.501329747028649 ], [ 235266.063901781802997, 899053.508741998928599 ], [ 235275.868314738676418, 899042.372417220612988 ], [ 235275.294857016939204, 899020.353938506450504 ], [ 235280.383640569605632, 899014.559008280630223 ], [ 235287.948059259098954, 899021.206105013377964 ], [ 235321.058271660702303, 898983.55045820644591 ], [ 235297.971077293681446, 898963.273876199964434 ], [ 235292.260698840400437, 898969.765461670933291 ], [ 235294.238045570149552, 898971.485986924497411 ], [ 235289.364752521214541, 898977.026510066119954 ], [ 235283.761043989215977, 898972.122066938667558 ], [ 235271.412120248831343, 898986.155845963163301 ], [ 235277.01571456505917, 898991.082494357833639 ], [ 235271.786106135929003, 898997.021121134283021 ], [ 235269.82524192641722, 898995.300684807356447 ], [ 235267.131628279283177, 898998.375128761283122 ], [ 235271.74247996439226, 899002.430385967250913 ], [ 235263.263997232861584, 899012.073819083394483 ], [ 235202.387127928377595, 898958.551340923877433 ] ] ] } },
{ "type": "Feature", "properties": { "newname": "220_Bridge Boston Charter School", "element": "way" }, "geometry": { "type": "Polygon", "coordinates": [ [ [ 234252.171877394488547, 896348.004712300607935 ], [ 234292.259321537043434, 896334.793106534634717 ], [ 234371.244946556340437, 896307.220672327559441 ], [ 234375.591606350149959, 896308.452661086688749 ], [ 234402.14365767678828, 896394.578381078084931 ], [ 234366.535334384563612, 896407.233651435934007 ], [ 234357.923951748351101, 896381.27728772291448 ], [ 234348.889302657276858, 896384.576566110481508 ], [ 234278.255210368079133, 896407.113738707266748 ], [ 234273.894760587398196, 896398.57287181657739 ], [ 234258.011649540887447, 896403.171812187647447 ], [ 234251.740498396917246, 896385.791024103295058 ], [ 234264.640387449006084, 896380.999807951622643 ], [ 234252.171877394488547, 896348.004712300607935 ] ] ] } },
{ "type": "Feature", "properties": { "newname": "221_Brooke High School & Eighth Grade Academy", "element": "way" }, "geometry": { "type": "Polygon", "coordinates": [ [ [ 233549.091723560384708, 893852.841624811757356 ], [ 233595.218361398699926, 893822.760121209314093 ], [ 233538.952152149868198, 893734.452403452713042 ], [ 233478.016232325695455, 893668.793630077270791 ], [ 233448.772666975681204, 893691.4251773590222 ], [ 233549.091723560384708, 893852.841624811757356 ] ] ] } },
{ "type": "Feature", "properties": { "newname": "222_Brooke Charter Schools Mattapan", "element": "way" }, "geometry": { "type": "Polygon", "coordinates": [ [ [ 233649.341672802023822, 893796.749246432911605 ], [ 233611.276091476232978, 893818.982480749604292 ], [ 233604.918596530478681, 893834.38062712457031 ], [ 233554.828588335192762, 893865.520601138588972 ], [ 233614.370202072954271, 893975.67065887642093 ], [ 233718.548164986423217, 893908.445952094974928 ], [ 233649.341672802023822, 893796.749246432911605 ] ] ] } },
{ "type": "Feature", "properties": { "newname": "223_Eliot Upper School", "element": "way" }, "geometry": { "type": "Polygon", "coordinates": [ [ [ 236673.340371234226041, 901785.85679343843367 ], [ 236655.590153284458211, 901802.992428441415541 ], [ 236665.655943449004553, 901825.127343055675738 ], [ 236667.971150441328064, 901829.76028857124038 ], [ 236680.609431627439335, 901819.851415608078241 ], [ 236675.7931195726851, 901814.638909541303292 ], [ 236687.954442492715316, 901804.583158191177063 ], [ 236684.432102681166725, 901800.810315128765069 ], [ 236687.187694333959371, 901798.403193718753755 ], [ 236682.35095459211152, 901793.945910071372055 ], [ 236681.465352827450261, 901794.752158913761377 ], [ 236673.340371234226041, 901785.85679343843367 ] ] ] } },
{ "type": "Feature", "properties": { "newname": "224_Roxbury Latin School", "element": "way" }, "geometry": { "type": "Polygon", "coordinates": [ [ [ 228656.148513824708061, 891660.915660096332431 ], [ 228594.406634562648833, 891609.514114668942057 ], [ 228572.812785045738565, 891631.252763841068372 ], [ 228520.216557478357572, 891584.376478257123381 ], [ 228516.627587232185761, 891584.517437576316297 ], [ 228486.170954783825437, 891609.119511828059331 ], [ 228460.537357770197559, 891589.577535547316074 ], [ 228455.954325268248795, 891551.993207299383357 ], [ 228472.071383381262422, 891505.584349735639989 ], [ 228463.967150879499968, 891473.806138345855288 ], [ 228433.412209282774711, 891434.883876282488927 ], [ 228407.584513452311512, 891410.098547710455023 ], [ 228381.065712184004951, 891401.172128198668361 ], [ 228341.807035592733882, 891413.398819874273613 ], [ 228318.550442877021851, 891397.388044301886111 ], [ 228294.049946920742514, 891405.531292934087105 ], [ 228263.469747607887257, 891438.30899289320223 ], [ 228257.718362321902532, 891481.838649814017117 ], [ 228194.564047157386085, 891561.526444359216839 ], [ 228172.737468018051004, 891639.602957667084411 ], [ 228211.532434702501632, 891676.802138293394819 ], [ 228195.560165300674271, 891697.898030752548948 ], [ 228218.260354795900639, 891720.826194825465791 ], [ 228050.694072668527951, 891918.326300711138174 ], [ 228033.528710728161968, 891926.510811247979291 ], [ 228041.627660754951648, 891972.384035001625307 ], [ 228096.762373435281916, 892081.813662077300251 ], [ 228107.254255208943505, 892081.899999551358633 ], [ 228194.065417170582805, 891982.390250007505529 ], [ 228314.809787669859361, 891888.21640175266657 ], [ 228365.896608646697132, 891871.405378959025256 ], [ 228417.687291284324601, 891851.942859683302231 ], [ 228461.885962625470711, 891835.337974239955656 ], [ 228559.203604991169414, 891789.302669187774882 ], [ 228592.035928515426349, 891756.4576332581928 ], [ 228616.485343044914771, 891697.786872115451843 ], [ 228656.148513824708061, 891660.915660096332431 ] ] ] } },
{ "type": "Feature", "properties": { "newname": "225_Mission Grammar School", "element": "way" }, "geometry": { "type": "Polygon", "coordinates": [ [ [ 232869.541513372358168, 898132.94626351154875 ], [ 232931.37814198754495, 898104.755450464435853 ], [ 232950.444536746130325, 898146.1877784980461 ], [ 232934.413389445398934, 898153.510402600746602 ], [ 232953.226650251832325, 898194.408385567599908 ], [ 232923.878692183090607, 898208.488768328446895 ], [ 232908.793797825841466, 898216.171330479905009 ], [ 232869.541513372358168, 898132.94626351154875 ] ] ] } },
{ "type": "Feature", "properties": { "newname": "226_Joseph P Manning Elementary School", "element": "way" }, "geometry": { "type": "Polygon", "coordinates": [ [ [ 230363.599763514386723, 895117.102749706245959 ], [ 230314.265159233094892, 895060.729637556127273 ], [ 230376.12270737948711, 895006.691248161252588 ], [ 230461.876097393775126, 895104.909457829780877 ], [ 230466.163510763813974, 895110.626255530980416 ], [ 230470.623145988007309, 895116.554847521241754 ], [ 230454.413294923549984, 895120.37231070024427 ], [ 230433.137070529046468, 895119.380486945505254 ], [ 230363.599763514386723, 895117.102749706245959 ] ] ] } },
{ "type": "Feature", "properties": { "newname": "227_William H Ohrenberger School", "element": "way" }, "geometry": { "type": "Polygon", "coordinates": [ [ [ 228805.203237271693069, 890118.740327632753178 ], [ 228899.300064549490344, 890017.44767449318897 ], [ 228904.889830893429462, 890020.536311251926236 ], [ 228930.59555905603338, 889985.497681039385498 ], [ 229079.182690646848641, 890084.900530252140015 ], [ 229086.289390096120769, 890100.236091554746963 ], [ 229100.459637302905321, 890127.35264511895366 ], [ 229111.794475593749667, 890161.72183281450998 ], [ 229114.802093828184297, 890170.653632539440878 ], [ 229122.585690765903564, 890193.845067673129961 ], [ 229127.258577177970437, 890215.068709151237272 ], [ 229130.833624332910404, 890230.423026312142611 ], [ 229061.066679694777122, 890309.93118594319094 ], [ 229044.873191262682667, 890297.301698706462048 ], [ 229028.106101121054962, 890289.701601349748671 ], [ 229018.036538825021125, 890286.594390796264634 ], [ 229007.958909685432445, 890285.442089434713125 ], [ 229001.240648603299633, 890285.969777495367453 ], [ 228997.880374243861297, 890286.51130785071291 ], [ 228864.780894126131898, 890171.578644534572959 ], [ 228805.203237271693069, 890118.740327632753178 ] ] ] } },
{ "type": "Feature", "properties": { "newname": "228_EF International Language Center", "element": "way" }, "geometry": { "type": "Polygon", "coordinates": [ [ [ 227483.280550448544091, 899669.147215818986297 ], [ 227501.140744572883705, 899718.46875888062641 ], [ 227507.610751665139105, 899728.513253248529509 ], [ 227516.990615895367227, 899755.064128257450648 ], [ 227518.797192793688737, 899754.526923027355224 ], [ 227523.99851611192571, 899768.709650029311888 ], [ 227538.23298936264473, 899788.53717620135285 ], [ 227569.823559966025641, 899832.625441671581939 ], [ 227580.527267782599665, 899840.876055324217305 ], [ 227610.193167042220011, 899852.522369032725692 ], [ 227600.356365452928003, 899871.111401743721217 ], [ 227671.746586948778713, 899845.12234073318541 ], [ 227679.008171594410669, 899842.374002762371674 ], [ 227684.031420856306795, 899841.00532159244176 ], [ 227688.362039100204129, 899839.767207970377058 ], [ 227692.269693110953085, 899839.227217676816508 ], [ 227697.991674897028133, 899838.272285956889391 ], [ 227702.178900281054666, 899837.877803567913361 ], [ 227706.925353115511825, 899837.752114010741934 ], [ 227710.132092897692928, 899837.353770921006799 ], [ 227714.102552129363175, 899856.408085479168221 ], [ 227754.849073374411091, 899845.405611982569098 ], [ 227759.765048097237013, 899844.080992175149731 ], [ 227744.255669708334608, 899815.52840725297574 ], [ 227756.990499954728875, 899805.981609714101069 ], [ 227769.303442189528141, 899796.866369928815402 ], [ 227778.676107189181494, 899789.527874586405233 ], [ 227792.524938220565673, 899779.585666435305029 ], [ 227798.399706403608434, 899775.4323930706596 ], [ 227810.159349115507212, 899766.659376248135231 ], [ 227810.994040477205999, 899766.029538399074227 ], [ 227822.885810085397679, 899757.190419362857938 ], [ 227832.678797601198312, 899749.85366021480877 ], [ 227855.890126590093132, 899735.216766835423186 ], [ 227889.331920630735112, 899711.023458804236725 ], [ 227849.737383704370586, 899630.679727156530134 ], [ 227838.780179195280652, 899607.376727345166728 ], [ 227838.355545072816312, 899606.408672773046419 ], [ 227837.386257772799581, 899605.649507789057679 ], [ 227836.202739251079038, 899604.88949443330057 ], [ 227834.918189017655095, 899604.673359945882112 ], [ 227622.027022773108911, 899606.743649799958803 ], [ 227483.280550448544091, 899669.147215818986297 ] ] ] } },
{ "type": "Feature", "properties": { "newname": "229_James Otis School", "element": "way" }, "geometry": { "type": "Polygon", "coordinates": [ [ [ 238394.482899509137496, 902891.853643376147375 ], [ 238424.445566205424257, 902866.269399545271881 ], [ 238416.073947190539911, 902856.415354126365855 ], [ 238391.147159762767842, 902827.076465094927698 ], [ 238385.273190524720121, 902819.835351803922094 ], [ 238377.807466753904009, 902826.559260731795803 ], [ 238355.415717934723943, 902845.75357133266516 ], [ 238370.260851969447685, 902863.174042922444642 ], [ 238378.396843457594514, 902872.449136453447863 ], [ 238384.51712129561929, 902879.824885415611789 ], [ 238394.482899509137496, 902891.853643376147375 ] ] ] } },
{ "type": "Feature", "properties": { "newname": "230_Hugh Roe O'Donnelly School", "element": "way" }, "geometry": { "type": "Polygon", "coordinates": [ [ [ 238046.534747283963952, 903113.862099324818701 ], [ 238048.251222327380674, 903114.74891914264299 ], [ 238051.446002387732733, 903116.399083179538138 ], [ 238069.89179116525338, 903125.95183599635493 ], [ 238077.743158178433077, 903130.015445353230461 ], [ 238083.845228869467974, 903133.169840830378234 ], [ 238085.405641246878076, 903133.97806851984933 ], [ 238088.074776359455427, 903135.35881024133414 ], [ 238088.748221553396434, 903135.706806213129312 ], [ 238091.023134882969316, 903136.885469587286934 ], [ 238091.975804202491418, 903137.379382485174574 ], [ 238093.938610315875849, 903138.400843973271549 ], [ 238094.72705090107047, 903138.805003562942147 ], [ 238096.542098957754206, 903139.736801401712 ], [ 238093.862616465834435, 903144.820789471734315 ], [ 238088.699748902523424, 903155.278637080569752 ], [ 238088.183667754405178, 903156.286656362004578 ], [ 238083.31417729583336, 903165.801928552566096 ], [ 238077.259861900587566, 903162.958812831901014 ], [ 238075.204264113563113, 903166.90207779163029 ], [ 238062.964495084248483, 903191.495251376181841 ], [ 238019.050623276940314, 903168.886156053515151 ], [ 238025.062476088816766, 903156.755562596023083 ], [ 238029.025985656597186, 903148.75712600746192 ], [ 238028.981632092996733, 903143.258482964942232 ], [ 238046.534747283963952, 903113.862099324818701 ] ] ] } },
{ "type": "Feature", "properties": { "newname": "231_Frederick Pilot Middle School", "element": "way" }, "geometry": { "type": "Polygon", "coordinates": [ [ [ 234828.414796423865482, 895475.404235950205475 ], [ 234809.247535801318008, 895451.74992093956098 ], [ 234818.579590560140787, 895443.620860217604786 ], [ 234836.187429396959487, 895465.845690705114976 ], [ 234884.712374262453523, 895423.321630870341323 ], [ 234866.044978272519074, 895401.957826875848696 ], [ 234874.698078444285784, 895394.436397455516271 ], [ 234920.479447982157581, 895446.303239247761667 ], [ 234926.159357985656243, 895441.466277914238162 ], [ 234940.742389097227715, 895458.444626731448807 ], [ 235001.729201977519551, 895426.846622854936868 ], [ 234987.404385504632955, 895411.013525011017919 ], [ 235005.476926581177395, 895396.108081012032926 ], [ 235065.241001381014939, 895456.120780121069402 ], [ 235090.971835897478741, 895479.441992804873735 ], [ 235007.292171244916972, 895523.355729292612523 ], [ 234916.390751543745864, 895570.700198778999038 ], [ 234929.51542569702724, 895594.080428160144947 ], [ 234913.528211393917445, 895602.587283087195829 ], [ 234901.050365338072879, 895578.443862723186612 ], [ 234905.096599294862244, 895563.868436378194019 ], [ 234839.476189185050316, 895489.321426874957979 ], [ 234831.773473025124986, 895479.775086111621931 ], [ 234828.414796423865482, 895475.404235950205475 ] ] ] } },
{ "type": "Feature", "properties": { "newname": "232_Boston Latin Academy", "element": "way" }, "geometry": { "type": "Polygon", "coordinates": [ [ [ 234153.042823538853554, 896330.816532292636111 ], [ 234158.544699098856654, 896328.43288665486034 ], [ 234166.75420960233896, 896326.984341101022437 ], [ 234173.914585798105691, 896325.986121889669448 ], [ 234182.864865173964063, 896326.473935919464566 ], [ 234189.126304999634158, 896327.248594708857127 ], [ 234195.977709919650806, 896328.759236726793461 ], [ 234207.002727130573476, 896331.489820501185022 ], [ 234215.198461659805616, 896332.873729019891471 ], [ 234224.441872979019536, 896334.107238630997017 ], [ 234228.768298825947568, 896334.417098697973415 ], [ 234236.519341416133102, 896334.010526948375627 ], [ 234248.767124564590631, 896331.104416351998225 ], [ 234273.402915137383388, 896325.281834854977205 ], [ 234285.360516323795309, 896321.030341208796017 ], [ 234366.948473608063068, 896290.660299130831845 ], [ 234368.44560343012563, 896289.63460019195918 ], [ 234369.046413565869443, 896288.149104481213726 ], [ 234368.759852900751866, 896286.059455365175381 ], [ 234345.176096645562211, 896197.971210002200678 ], [ 234343.845456621958874, 896195.287754390155897 ], [ 234341.460602167324396, 896194.087582354666665 ], [ 234338.63302914678934, 896194.073773226700723 ], [ 234162.323717845341889, 896259.861180078354664 ], [ 234162.302780464873649, 896270.957673063501716 ], [ 234167.055923517560586, 896283.554687336320058 ], [ 234139.184333035635063, 896293.638395496760495 ], [ 234153.042823538853554, 896330.816532292636111 ] ] ] } },
{ "type": "Feature", "properties": { "newname": "233_John P Holland School", "element": "way" }, "geometry": { "type": "Polygon", "coordinates": [ [ [ 235029.493083862558706, 895192.70148880535271 ], [ 235113.671144811291015, 895120.788035465287976 ], [ 235110.609840605204226, 895116.307461377931759 ], [ 235108.943903157720342, 895113.089023131877184 ], [ 235107.560398678469937, 895109.449903192231432 ], [ 235106.607142975582974, 895103.857978702988476 ], [ 235106.078536073822761, 895097.43509780545719 ], [ 235104.724301857553655, 895087.931266926578246 ], [ 235103.211104521382367, 895082.19214820698835 ], [ 235101.685319786745822, 895078.974411510629579 ], [ 235099.601647909439635, 895075.198506515938789 ], [ 235093.195876947283978, 895066.791344249271788 ], [ 235090.831922980200034, 895063.002935681841336 ], [ 235071.881645688641584, 895040.426452306215651 ], [ 235071.328629367053509, 895038.8908340705093 ], [ 235071.754719380725874, 895037.771082898485474 ], [ 235113.403954790032003, 895033.93571314367 ], [ 235116.20725929539185, 895033.949710320215672 ], [ 235119.149342340097064, 895034.242093736655079 ], [ 235121.658524150610901, 895035.36539273429662 ], [ 235124.595669034199091, 895036.646337658632547 ], [ 235126.68771651663701, 895038.745031312457286 ], [ 235147.059010045020841, 895057.418859768658876 ], [ 235159.760248267790303, 895068.234587284387089 ], [ 235166.463707655726466, 895073.155486005358398 ], [ 235174.150419147976208, 895077.659216898493469 ], [ 235182.539275756978896, 895081.89988445781637 ], [ 235192.191045095445588, 895085.858081956626847 ], [ 235203.523382929794025, 895090.102397245238535 ], [ 235241.578213061438873, 895102.578094367054291 ], [ 235249.282325942593161, 895103.594181648339145 ], [ 235256.005289919266943, 895104.605358592234552 ], [ 235266.795787144161295, 895105.081554176635109 ], [ 235275.203498422953999, 895105.545813965145499 ], [ 235277.360100077668903, 895111.199336624704301 ], [ 235290.83671968584531, 895146.533859227783978 ], [ 235217.643832650966942, 895181.356096885865554 ], [ 235231.645072441693628, 895210.750523682916537 ], [ 235156.3388486460899, 895247.939856983721256 ], [ 235146.078626302129123, 895225.539902822813019 ], [ 235118.377450544416206, 895244.951046978356317 ], [ 235115.59375322170672, 895241.027240119292401 ], [ 235086.897755821293686, 895261.555417211027816 ], [ 235029.493083862558706, 895192.70148880535271 ] ] ] } },
{ "type": "Feature", "properties": { "newname": "234_Richard J. Murphy School", "element": "way" }, "geometry": { "type": "Polygon", "coordinates": [ [ [ 237146.23790686391294, 893941.618988746078685 ], [ 237157.364089267910458, 893938.189945567166433 ], [ 237180.659246928844368, 893900.991248889709823 ], [ 237221.072022977750748, 893853.375329162925482 ], [ 237219.791562118742149, 893850.68049571744632 ], [ 237234.877007849514484, 893833.099131231079809 ], [ 237232.107854416710325, 893826.542051521595567 ], [ 237230.295298057841137, 893821.545110853738151 ], [ 237228.682182164222468, 893816.260426727239974 ], [ 237227.060154309379868, 893809.542805687524378 ], [ 237226.211366925213952, 893804.750905268243514 ], [ 237225.628757630969631, 893799.52721434365958 ], [ 237225.207373434503097, 893795.004160318057984 ], [ 237225.108835476828972, 893790.249553749570623 ], [ 237225.571510892885271, 893762.038507597753778 ], [ 237193.98893496877281, 893750.663791193976067 ], [ 237170.623899695259752, 893788.4952046291437 ], [ 237129.1834075859515, 893857.388290404691361 ], [ 237130.201051825220929, 893861.447964006336406 ], [ 237102.106337739824085, 893908.063031080062501 ], [ 237144.005217818892561, 893933.409731813240796 ], [ 237146.23790686391294, 893941.618988746078685 ] ] ] } },
{ "type": "Feature", "properties": { "newname": "235_Thomas J. Kenny School", "element": "way" }, "geometry": { "type": "Polygon", "coordinates": [ [ [ 236795.998415251349797, 893005.412339718430303 ], [ 236807.986164685047697, 892973.129560104454868 ], [ 236811.480459187703673, 892973.64768874947913 ], [ 236825.445147874444956, 892945.01859612041153 ], [ 236919.00993207632564, 892979.020808406872675 ], [ 236899.127913120028097, 893024.035795054864138 ], [ 236897.626017955539282, 893024.194532150635496 ], [ 236866.537427123024827, 893015.400888559408486 ], [ 236795.998415251349797, 893005.412339718430303 ] ] ] } },
{ "type": "Feature", "properties": { "newname": "236_Neighborhood House Charter School", "element": "way" }, "geometry": { "type": "Polygon", "coordinates": [ [ [ 236768.059967236971715, 893769.795627395389602 ], [ 236804.552709183772095, 893675.038110540946946 ], [ 236778.890665691404138, 893665.173566042911261 ], [ 236780.111630989296827, 893661.936510819708928 ], [ 236860.334877031244105, 893692.236078134737909 ], [ 236922.42789021047065, 893715.276925832382403 ], [ 236913.728910884470679, 893740.156883949995972 ], [ 236887.783321286959108, 893730.968018928077072 ], [ 236888.612369277281687, 893728.56200200819876 ], [ 236877.856673178059282, 893724.206934838090092 ], [ 236851.627950819238322, 893783.206714794156142 ], [ 236813.506709534180118, 893766.82321822619997 ], [ 236804.812033150548814, 893786.238359010778368 ], [ 236768.059967236971715, 893769.795627395389602 ] ] ] } },
{ "type": "Feature", "properties": { "newname": "237_James W. Hennigan K-8 School", "element": "way" }, "geometry": { "type": "Polygon", "coordinates": [ [ [ 232300.867092889966443, 897418.749609816120937 ], [ 232334.917924450943246, 897465.014260332915001 ], [ 232366.189682986412663, 897448.829821191378869 ], [ 232381.317027982382569, 897439.313523988006637 ], [ 232397.755126946314704, 897426.18218479573261 ], [ 232417.854276728699915, 897409.180065024178475 ], [ 232432.993716430384666, 897397.075837517622858 ], [ 232444.73251786356559, 897387.79952263191808 ], [ 232480.944232601555996, 897372.937995556974784 ], [ 232509.857898933929391, 897360.642108086729422 ], [ 232515.062377064430621, 897359.888636732008308 ], [ 232524.429211371258134, 897359.154424277949147 ], [ 232527.813328556250781, 897358.137063656351529 ], [ 232528.608371921407524, 897355.541537235840224 ], [ 232511.278452904807637, 897279.817852848675102 ], [ 232509.98812441402697, 897277.223789192154072 ], [ 232507.132793761527864, 897276.177569012274034 ], [ 232504.008930037933169, 897276.16312565212138 ], [ 232373.597184079815634, 897307.940375571255572 ], [ 232364.234961310110521, 897309.452350164763629 ], [ 232357.996681606251514, 897309.168157808715478 ], [ 232349.948802756960504, 897306.276439588051289 ], [ 232343.468226580094779, 897301.325906612095423 ], [ 232339.069382034707814, 897297.162494875141419 ], [ 232336.231915412063245, 897292.228727553621866 ], [ 232317.491335884435102, 897300.551092571113259 ], [ 232327.441974799003219, 897330.60987642663531 ], [ 232320.845729890483199, 897336.477743099443614 ], [ 232318.776046075858176, 897345.620982782449573 ], [ 232347.312756659637671, 897386.550852408981882 ], [ 232300.867092889966443, 897418.749609816120937 ] ] ] } },
{ "type": "Feature", "properties": { "newname": "238_Dante Alighieri Montessori School", "element": "way" }, "geometry": { "type": "Polygon", "coordinates": [ [ [ 238031.164078919246094, 902422.146962424740195 ], [ 238032.057092515198747, 902421.507540435530245 ], [ 238045.176550431264332, 902411.126072235871106 ], [ 238051.264805372804403, 902406.304907240322791 ], [ 238050.16853150879615, 902404.932701792567968 ], [ 238064.752266402298119, 902393.381767113227397 ], [ 238071.976176524214679, 902402.429392576450482 ], [ 238069.246315409138333, 902404.602849271032028 ], [ 238075.046652940509375, 902411.876613091677427 ], [ 238080.595926206908189, 902418.36036230775062 ], [ 238090.4733700028155, 902430.188250853680074 ], [ 238081.129924611217575, 902438.368528471793979 ], [ 238073.002056129625998, 902445.666776663041674 ], [ 238069.327071054372936, 902448.979221960296854 ], [ 238068.590487380162813, 902449.630594784393907 ], [ 238065.842728416027967, 902452.070544782327488 ], [ 238058.170716685039224, 902458.849210356594995 ], [ 238050.861416227329755, 902450.367636648239568 ], [ 238047.080179146083537, 902445.926225533359684 ], [ 238047.710000058461446, 902442.175176858319901 ], [ 238039.075103459414095, 902432.075795839773491 ], [ 238031.164078919246094, 902422.146962424740195 ] ] ] } },
{ "type": "Feature", "properties": { "newname": "239_East Boston Central Catholic", "element": "way" }, "geometry": { "type": "Polygon", "coordinates": [ [ [ 237860.783489952649688, 902455.483339958940633 ], [ 237868.904735864896793, 902469.234220824437216 ], [ 237889.734935302753001, 902457.016801692661829 ], [ 237899.946354902873281, 902451.262468201806769 ], [ 237900.419806705787778, 902452.053681015619077 ], [ 237910.607911961502396, 902446.043756262166426 ], [ 237896.347996804659488, 902422.062689049285837 ], [ 237878.698075239488389, 902432.553299807710573 ], [ 237884.289593080233317, 902441.925166648696177 ], [ 237871.25039335389738, 902449.697018159553409 ], [ 237860.783489952649688, 902455.483339958940633 ] ] ] } },
{ "type": "Feature", "properties": { "newname": "240_Mario Umana Academy", "element": "way" }, "geometry": { "type": "Polygon", "coordinates": [ [ [ 237883.172410263010534, 903098.10574201901909 ], [ 237873.221790739975404, 903238.966701246332377 ], [ 237808.65543513832381, 903235.719722879817709 ], [ 237739.141396570950747, 903230.569522577570751 ], [ 237738.741562623588834, 903236.010237759328447 ], [ 237651.783149307011627, 903229.556445211870596 ], [ 237650.559606082475511, 903230.427409813390113 ], [ 237646.196985097281868, 903230.004144093254581 ], [ 237646.827450611861423, 903201.493587086559273 ], [ 237658.366668397327885, 903201.299958084593527 ], [ 237659.424207481788471, 903180.70050536969211 ], [ 237647.473301794641884, 903180.869710611412302 ], [ 237648.119966051308438, 903144.728128754766658 ], [ 237703.663628233887721, 903148.991548530990258 ], [ 237705.57951977889752, 903114.267486258526333 ], [ 237715.707498871459393, 903113.111098021268845 ], [ 237716.305819581262767, 903093.708842224441469 ], [ 237753.261123267817311, 903093.474151332280599 ], [ 237753.297359224379761, 903086.731862255139276 ], [ 237776.922997920890339, 903088.802755528362468 ], [ 237883.172410263010534, 903098.10574201901909 ] ] ] } },
{ "type": "Feature", "properties": { "newname": "241_Washington Irving Middle School", "element": "way" }, "geometry": { "type": "Polygon", "coordinates": [ [ [ 230870.411354644689709, 892521.401597134885378 ], [ 230947.40635697619291, 892566.670126291923225 ], [ 230954.744998404785292, 892557.78300726856105 ], [ 230974.71057414932875, 892573.454852037131786 ], [ 230970.946503148617921, 892585.367846688255668 ], [ 230966.344897829781985, 892581.437713874038309 ], [ 230953.444695222540759, 892624.611737972125411 ], [ 230974.694231495639542, 892642.73290787730366 ], [ 230972.766002009157091, 892647.944992679171264 ], [ 230968.728066588111687, 892656.502287430572324 ], [ 230960.845408086141106, 892670.951909159542993 ], [ 230952.573681890615262, 892683.855870945379138 ], [ 230947.659877581463661, 892690.909797785105184 ], [ 230902.071973695245106, 892653.732182895648293 ], [ 230891.001177436148282, 892654.194511964917183 ], [ 230875.133043806825299, 892674.651706148637459 ], [ 230867.919408206245862, 892666.378208093810827 ], [ 230889.534882386476966, 892640.625688538886607 ], [ 230870.782462462084368, 892622.915607847040519 ], [ 230873.850834151671734, 892619.130272395792417 ], [ 230823.775226821395336, 892574.402525807265192 ], [ 230870.411354644689709, 892521.401597134885378 ] ] ] } },
{ "type": "Feature", "properties": { "newname": "242_John D Philbrick School", "element": "way" }, "geometry": { "type": "Polygon", "coordinates": [ [ [ 231511.128515898308251, 892872.410273191286251 ], [ 231504.656442947365576, 892812.944450552109629 ], [ 231529.219107195414836, 892810.93293958180584 ], [ 231528.506538201007061, 892798.778018422657624 ], [ 231535.06684255701839, 892798.040997739881277 ], [ 231553.472924478177447, 892818.939195431768894 ], [ 231558.959728170622839, 892868.126102771377191 ], [ 231511.128515898308251, 892872.410273191286251 ] ] ] } },
{ "type": "Feature", "properties": { "newname": "243_William E. Russell Elementary School", "element": "way" }, "geometry": { "type": "Polygon", "coordinates": [ [ [ 236266.539505189924967, 896790.762957636499777 ], [ 236264.159229851298733, 896779.18753349094186 ], [ 236255.594338986236835, 896737.667101943516172 ], [ 236254.316870047157863, 896728.030114010674879 ], [ 236274.734006645914633, 896725.103012090781704 ], [ 236298.183736891311128, 896722.358240755856968 ], [ 236326.591469121951377, 896722.071754673612304 ], [ 236329.937050490203546, 896722.300087758339942 ], [ 236347.204462956928182, 896756.212368117296137 ], [ 236345.280963233206421, 896764.733161233481951 ], [ 236305.587514214479597, 896785.954895494622178 ], [ 236296.022011704364559, 896786.616403276333585 ], [ 236283.032531030621612, 896787.871178940054961 ], [ 236281.555666110711172, 896788.130143253947608 ], [ 236266.539505189924967, 896790.762957636499777 ] ] ] } },
{ "type": "Feature", "properties": { "newname": "244_Unknown", "element": "way" }, "geometry": { "type": "Polygon", "coordinates": [ [ [ 238745.333317067619646, 898088.709978353581391 ], [ 238747.167530199221801, 898013.12055469036568 ], [ 238693.067510518128984, 898011.811759593663737 ], [ 238691.233878974599065, 898087.40119722369127 ], [ 238745.333317067619646, 898088.709978353581391 ] ] ] } },
{ "type": "Feature", "properties": { "newname": "245_William McKinley Middle School", "element": "way" }, "geometry": { "type": "Polygon", "coordinates": [ [ [ 232389.446777059900342, 899819.117605038918555 ], [ 232378.118342027592007, 899745.57643169851508 ], [ 232435.55166906825616, 899766.379521492985077 ], [ 232423.187315482762642, 899797.801874836906791 ], [ 232426.235337059013546, 899814.01106011250522 ], [ 232389.446777059900342, 899819.117605038918555 ] ] ] } },
{ "type": "Feature", "properties": { "newname": "246_Orchard Gardens School", "element": "way" }, "geometry": { "type": "Polygon", "coordinates": [ [ [ 234879.252344646927668, 897831.558367591584101 ], [ 234877.987556949752616, 897832.31852650619112 ], [ 234875.549106230755569, 897832.084273977088742 ], [ 234871.774392628634814, 897832.065548440208659 ], [ 234865.885388262860943, 897832.924957699375227 ], [ 234859.871176621818449, 897837.427090102573857 ], [ 234856.286058021447388, 897844.051742287469096 ], [ 234855.350462119386066, 897853.222097747726366 ], [ 234858.538986759289401, 897860.09138434776105 ], [ 234863.732956714258762, 897864.760177403921261 ], [ 234869.934026329428889, 897867.445683998637833 ], [ 234877.370236165792448, 897867.038263923954219 ], [ 234881.824027035705512, 897864.738844016683288 ], [ 234886.276138633256778, 897861.117597306263633 ], [ 234887.953585290699266, 897858.582249110331759 ], [ 234889.070073857728858, 897857.81024821952451 ], [ 234890.850281614431879, 897857.819083604146726 ], [ 234900.35573766604648, 897865.608364139217883 ], [ 234907.389700354600791, 897856.579370985040441 ], [ 234969.39442331896862, 897909.427159432554618 ], [ 234969.365967705874937, 897915.147505852859467 ], [ 234961.00319360481808, 897914.606062111328356 ], [ 234953.018870816595154, 897914.199802943738177 ], [ 234945.526615866750944, 897914.284739647759125 ], [ 234936.65613101242343, 897914.740497945225798 ], [ 234927.66080870461883, 897915.440017530228943 ], [ 234918.29273882319103, 897916.515360368881375 ], [ 234908.164014774200041, 897918.075679120374843 ], [ 234899.163130329601699, 897919.897089584264904 ], [ 234889.665272195561556, 897922.215893442509696 ], [ 234880.65943773300387, 897925.036999882664531 ], [ 234875.534611392533407, 897926.377825572271831 ], [ 234867.650254197942559, 897929.082327344221994 ], [ 234860.524792742391583, 897931.65730833588168 ], [ 234783.05044385974179, 897866.948607728118077 ], [ 234740.017537314677611, 897830.65787499898579 ], [ 234736.544556857552379, 897826.286479088710621 ], [ 234810.974467706633732, 897800.273768562707119 ], [ 234817.353992897900753, 897798.56144668511115 ], [ 234821.730770124646369, 897796.839209947618656 ], [ 234825.237607909191865, 897794.368447731714696 ], [ 234827.745927131531062, 897792.14821832603775 ], [ 234829.636169305333169, 897789.913819793378934 ], [ 234830.736000328848604, 897790.841211399296299 ], [ 234830.819615602726117, 897792.26341639785096 ], [ 234832.288908818882192, 897791.815279061323963 ], [ 234873.523528791905846, 897826.709186316700652 ], [ 234879.252344646927668, 897831.558367591584101 ] ] ] } },
{ "type": "Feature", "properties": { "newname": "247_Joseph Hurley School", "element": "way" }, "geometry": { "type": "Polygon", "coordinates": [ [ [ 234724.882905179139925, 898807.109878540504724 ], [ 234808.123419372102944, 898715.527130488771945 ], [ 234854.406390805757837, 898756.655254336423241 ], [ 234771.796263008145615, 898849.051447383011691 ], [ 234724.882905179139925, 898807.109878540504724 ] ] ] } },
{ "type": "Feature", "properties": { "newname": "248_Dearborn STEM Academy", "element": "way" }, "geometry": { "type": "Polygon", "coordinates": [ [ [ 234571.289396445878083, 897455.073328154860064 ], [ 234585.226301689574029, 897384.896591517725028 ], [ 234585.08439756926964, 897381.907914237235673 ], [ 234584.464442003751174, 897378.916885271202773 ], [ 234582.901807626447408, 897376.543252016301267 ], [ 234580.696275160153164, 897374.16645681054797 ], [ 234577.223445728595834, 897373.049710377701558 ], [ 234573.431236372038256, 897373.186568405479193 ], [ 234491.908757957164198, 897395.934640022460371 ], [ 234506.352377977862488, 897449.08935740205925 ], [ 234525.612026943883393, 897454.693349522538483 ], [ 234526.756682213221211, 897446.512573777930811 ], [ 234571.289396445878083, 897455.073328154860064 ] ] ] } },
{ "type": "Feature", "properties": { "newname": "249_Boston Day and Evening Academy", "element": "way" }, "geometry": { "type": "Polygon", "coordinates": [ [ [ 234532.285464567597955, 897456.958779835607857 ], [ 234525.612026943883393, 897454.693349522538483 ], [ 234506.352377977862488, 897449.08935740205925 ], [ 234485.224718444485916, 897442.865329789696261 ], [ 234480.377044198918156, 897424.613768083974719 ], [ 234459.424395224661566, 897431.431151271332055 ], [ 234460.862868445954518, 897437.280867911176756 ], [ 234460.52739662778913, 897441.822284908499569 ], [ 234459.587339085584972, 897445.272180972970091 ], [ 234457.950399013003334, 897447.963335840729997 ], [ 234454.378039979812456, 897452.022364078788087 ], [ 234439.400410363741685, 897469.099311457015574 ], [ 234437.99660349660553, 897471.313980701961555 ], [ 234437.063688418158563, 897473.308802245068364 ], [ 234436.360411525034579, 897475.538011088734493 ], [ 234436.116410246613668, 897478.235994329443201 ], [ 234434.911221275047865, 897534.13530024245847 ], [ 234506.752060923026875, 897537.264488505898044 ], [ 234532.285464567597955, 897456.958779835607857 ] ] ] } },
{ "type": "Feature", "properties": { "newname": "250_Unknown", "element": "way" }, "geometry": { "type": "Polygon", "coordinates": [ [ [ 234077.222447304462548, 897962.328305504051968 ], [ 234051.859153525962029, 897920.484739602659829 ], [ 234063.487580480519682, 897913.843111363705248 ], [ 234060.612572067475412, 897908.45303629245609 ], [ 234057.977783641574206, 897909.617690841550939 ], [ 234054.574066186207347, 897904.480534779373556 ], [ 234057.220918280247133, 897902.527288115117699 ], [ 234022.828587384137791, 897844.445018754457124 ], [ 233985.689350955246482, 897865.147913404158317 ], [ 233976.174601254722802, 897871.011235930141993 ], [ 233959.927090520912316, 897878.408233900554478 ], [ 233934.693589122500271, 897889.71623970894143 ], [ 233901.146255777217448, 897904.005541655817069 ], [ 233875.786802515591262, 897914.124623497133143 ], [ 233849.651421198155731, 897922.796054798644036 ], [ 233822.851686894660816, 897930.809030239470303 ], [ 233801.348129811725812, 897936.092853054055013 ], [ 233792.897400589688914, 897938.407064202940091 ], [ 233751.971637786773499, 897946.363525885506533 ], [ 233717.340763902815524, 897951.284680515062064 ], [ 233686.91214613741613, 897954.715489807538688 ], [ 233651.737097066477872, 897956.257608272600919 ], [ 233656.470475259236991, 897962.600569802569225 ], [ 233640.082613946258789, 897971.885948655428365 ], [ 233646.975496787315933, 897983.359904280514456 ], [ 233647.457920639018994, 897984.161970294895582 ], [ 233608.627069200883852, 898002.237331631942652 ], [ 233608.324764872406377, 898015.476306892931461 ], [ 233623.746915233525215, 898039.19842546666041 ], [ 233614.914746112946887, 898048.930993485148065 ], [ 233664.699744477897184, 898083.958667743834667 ], [ 233672.695804408431286, 898099.092380696325563 ], [ 233644.769435867201537, 898137.769101844867691 ], [ 233660.062273224728415, 898148.827866296982393 ], [ 233674.918548428831855, 898127.13895925716497 ], [ 233701.540045671164989, 898111.415796217159368 ], [ 233706.392767676850781, 898115.182370826369151 ], [ 233810.514675415295642, 898057.411203060066327 ], [ 233846.730351632402744, 898087.842962798662484 ], [ 233914.853380898304749, 898049.016517158830538 ], [ 234077.222447304462548, 897962.328305504051968 ] ] ] } },
{ "type": "Feature", "properties": { "newname": "251_John Winthrop School", "element": "way" }, "geometry": { "type": "Polygon", "coordinates": [ [ [ 234958.930654319643509, 896519.631647039437667 ], [ 234955.401966504286975, 896518.070131120970473 ], [ 234953.647734761441825, 896516.084237154806033 ], [ 234909.958339603850618, 896381.386113663436845 ], [ 234908.131525386066642, 896375.745434685959481 ], [ 234969.568083823600318, 896364.809711277717724 ], [ 235000.374534593254793, 896455.912936183041893 ], [ 235014.581630455242703, 896506.534875228302553 ], [ 235014.472258275112836, 896510.288737921509892 ], [ 235012.937903424608521, 896512.158300876384601 ], [ 235010.14188539411407, 896514.11044361279346 ], [ 235001.325351785111707, 896518.276372943772003 ], [ 234995.209954901452875, 896519.678828200092539 ], [ 234990.805394703522325, 896520.190077725797892 ], [ 234987.665150699118385, 896520.085589231806807 ], [ 234958.930654319643509, 896519.631647039437667 ] ] ] } },
{ "type": "Feature", "properties": { "newname": "252_St Patrick Elementary", "element": "way" }, "geometry": { "type": "Polygon", "coordinates": [ [ [ 234976.616953658434795, 897267.769139282638207 ], [ 234981.540351171221118, 897250.687731245649047 ], [ 234980.706256853445666, 897249.350653530564159 ], [ 234979.243757076823385, 897250.065379291540012 ], [ 234964.635448235960212, 897220.712738505098969 ], [ 234967.212517695064889, 897213.005684029427357 ], [ 234936.406329121033195, 897205.388138791546226 ], [ 234920.565663804038195, 897203.376695465994999 ], [ 234913.421585885575041, 897206.229223675443791 ], [ 234902.825242565857479, 897243.665193613385782 ], [ 234976.616953658434795, 897267.769139282638207 ] ] ] } },
{ "type": "Feature", "properties": { "newname": "253_Curtis Guild School", "element": "way" }, "geometry": { "type": "Polygon", "coordinates": [ [ [ 240790.846562352060573, 904355.498804572969675 ], [ 240779.949710171844345, 904286.488567214808427 ], [ 240803.480451573326718, 904282.804103094851598 ], [ 240836.209275247121695, 904277.673620699439198 ], [ 240841.800539701420348, 904313.062691965373233 ], [ 240849.341879169049207, 904311.88467676192522 ], [ 240856.026095562963746, 904310.834978825878352 ], [ 240861.331144130177563, 904344.445133911212906 ], [ 240837.751108236319851, 904348.140224994393066 ], [ 240795.429036237299442, 904354.781188819906674 ], [ 240790.846562352060573, 904355.498804572969675 ] ] ] } },
{ "type": "Feature", "properties": { "newname": "254_Fenway High School", "element": "way" }, "geometry": { "type": "Polygon", "coordinates": [ [ [ 233001.948163555382052, 897922.764105760958046 ], [ 232978.812323619611561, 897884.344975064741448 ], [ 233091.04641245707171, 897818.548147242516279 ], [ 233111.580032660713186, 897842.415370641509071 ], [ 233119.543390932725742, 897850.805895288125612 ], [ 233125.681340117793297, 897856.53308021731209 ], [ 233001.948163555382052, 897922.764105760958046 ] ] ] } },
{ "type": "Feature", "properties": { "newname": "255_Roxbury Preparatory Charter School", "element": "way" }, "geometry": { "type": "Polygon", "coordinates": [ [ [ 232496.880815888813231, 897571.79532288282644 ], [ 232479.926413578272332, 897509.391571000451222 ], [ 232590.144963574770372, 897482.143467072281055 ], [ 232593.548913443199126, 897514.171687939553522 ], [ 232594.439421320043039, 897514.098062572651543 ], [ 232594.963575394591317, 897520.154198725474998 ], [ 232619.095412569295149, 897518.711045319330879 ], [ 232630.285974330559839, 897558.306453308090568 ], [ 232579.907721917959861, 897562.238198372302577 ], [ 232549.614141951664351, 897564.752618146361783 ], [ 232517.220118055352941, 897568.768102288944647 ], [ 232496.880815888813231, 897571.79532288282644 ] ] ] } },
{ "type": "Feature", "properties": { "newname": "256_John F Kennedy School", "element": "way" }, "geometry": { "type": "Polygon", "coordinates": [ [ [ 232575.977275951503543, 896852.215121190180071 ], [ 232510.760085499990964, 896846.459371448610909 ], [ 232509.552052845770959, 896847.442371114622802 ], [ 232489.024534374038922, 896835.451136026415043 ], [ 232455.615753505408065, 896894.289844164857641 ], [ 232455.960196694068145, 896896.457436299649999 ], [ 232457.239053187775426, 896897.985095272306353 ], [ 232458.41321376565611, 896898.979101392207667 ], [ 232569.862934736098396, 896910.502238485147245 ], [ 232575.977275951503543, 896852.215121190180071 ] ] ] } },
{ "type": "Feature", "properties": { "newname": "257_Haynes Early Education Center", "element": "way" }, "geometry": { "type": "Polygon", "coordinates": [ [ [ 234648.470019108324777, 896153.906486451858655 ], [ 234689.064800848194864, 896135.156894573243335 ], [ 234716.705769377032993, 896118.642863129964098 ], [ 234735.980113238329068, 896165.368194090202451 ], [ 234683.648866439936683, 896205.286438964889385 ], [ 234648.470019108324777, 896153.906486451858655 ] ] ] } },
{ "type": "Feature", "properties": { "newname": "258_James P Timilty Middle School", "element": "way" }, "geometry": { "type": "Polygon", "coordinates": [ [ [ 233657.176529443997424, 897832.343561442336068 ], [ 233675.870593311585253, 897830.333727229852229 ], [ 233724.451836322201416, 897836.509255377342924 ], [ 233717.616327515133889, 897880.085426164790988 ], [ 233742.710108485247474, 897884.082429016474634 ], [ 233739.965394834522158, 897903.007941333111376 ], [ 233701.957433700939873, 897898.860161518095993 ], [ 233693.459952722885646, 897919.524244327214547 ], [ 233654.221072082378669, 897919.436253086430952 ], [ 233649.702038938587066, 897875.194734061602503 ], [ 233649.622380357963266, 897857.399765127687715 ], [ 233657.501873910689028, 897857.34862430440262 ], [ 233657.176529443997424, 897832.343561442336068 ] ] ] } },
{ "type": "Feature", "properties": { "newname": "259_Unknown", "element": "way" }, "geometry": { "type": "Polygon", "coordinates": [ [ [ 233502.253819005622063, 897705.95290398853831 ], [ 233537.99895095982356, 897721.651946851518005 ], [ 233545.639316472603241, 897704.382559909718111 ], [ 233509.894113219052088, 897688.68347871361766 ], [ 233502.253819005622063, 897705.95290398853831 ] ] ] } },
{ "type": "Feature", "properties": { "newname": "260_Maurice J Tobin School", "element": "way" }, "geometry": { "type": "Polygon", "coordinates": [ [ [ 233147.495555427914951, 898162.842753220233135 ], [ 233103.378339496382978, 898185.661193834734149 ], [ 233094.086169494665228, 898188.261082339915447 ], [ 233078.831279883423122, 898156.709959829226136 ], [ 233064.446363076625858, 898136.415099466452375 ], [ 233045.897819752019132, 898119.955078941653483 ], [ 233036.825491017487366, 898095.053328943438828 ], [ 233070.25509586618864, 898084.191645251587033 ], [ 233077.911903774074744, 898101.633488250081427 ], [ 233108.042978153738659, 898087.679621320799924 ], [ 233131.400414944917429, 898129.499209983972833 ], [ 233147.495555427914951, 898162.842753220233135 ] ] ] } },
{ "type": "Feature", "properties": { "newname": "261_William Ellery Channing", "element": "way" }, "geometry": { "type": "Polygon", "coordinates": [ [ [ 230259.342250615038211, 889029.372410851065069 ], [ 230213.483178946073167, 889064.341849799500778 ], [ 230252.650322240951937, 889117.548542954027653 ], [ 230300.287248438049573, 889081.698407376767136 ], [ 230293.327127133932663, 889078.691630244604312 ], [ 230261.850263721862575, 889037.202894068090245 ], [ 230261.871084701066138, 889032.360100695746951 ], [ 230259.342250615038211, 889029.372410851065069 ] ] ] } },
{ "type": "Feature", "properties": { "newname": "262_Emily A Fifield School", "element": "way" }, "geometry": { "type": "Polygon", "coordinates": [ [ [ 235213.2961803158978, 892989.503160183900036 ], [ 235208.069041884446051, 893007.260333589976653 ], [ 235201.029483879043255, 893031.206507049966604 ], [ 235261.791866544168442, 893045.506452364381403 ], [ 235276.157413639244623, 892980.054483726737089 ], [ 235255.366397147154203, 892981.449788113124669 ], [ 235235.332829972845502, 892984.759462369140238 ], [ 235213.2961803158978, 892989.503160183900036 ] ] ] } },
{ "type": "Feature", "properties": { "newname": "263_Sarah Greenwood School", "element": "way" }, "geometry": { "type": "Polygon", "coordinates": [ [ [ 234600.971609950298443, 894085.366693175630644 ], [ 234630.059846350573935, 894093.040843205759302 ], [ 234626.532390276523074, 894106.041655313340016 ], [ 234625.761773898004321, 894108.470439389930107 ], [ 234669.498163992480841, 894120.582191404886544 ], [ 234663.605158151913201, 894171.826115356758237 ], [ 234662.034097416559234, 894186.080611987272277 ], [ 234578.48106552020181, 894163.098579079145566 ], [ 234580.800549804087495, 894154.246068405569531 ], [ 234600.971609950298443, 894085.366693175630644 ] ] ] } },
{ "type": "Feature", "properties": { "newname": "264_Joyce Kilmer School", "element": "way" }, "geometry": { "type": "Polygon", "coordinates": [ [ [ 227869.328221505420515, 891335.080446210573427 ], [ 227836.565217968687648, 891273.614821402006783 ], [ 227830.884377870417666, 891277.002370020723902 ], [ 227787.664173814293463, 891300.190748667577282 ], [ 227754.451816504239105, 891335.692712183110416 ], [ 227800.000446844205726, 891376.626155921956524 ], [ 227840.926867178524844, 891353.439882884733379 ], [ 227869.328221505420515, 891335.080446210573427 ] ] ] } },
{ "type": "Feature", "properties": { "newname": "265_The Patrick Lyndon Pilot School", "element": "way" }, "geometry": { "type": "Polygon", "coordinates": [ [ [ 228156.810654336353764, 892605.687282172380947 ], [ 228094.81926705603837, 892555.988477174658328 ], [ 228144.594011524750385, 892494.695843030116521 ], [ 228220.337628411274636, 892549.937378654372878 ], [ 228221.433359728485812, 892552.307689703535289 ], [ 228221.256682786159217, 892555.228275853907689 ], [ 228218.2520846510306, 892557.859828914282843 ], [ 228200.029754961229628, 892564.62903444271069 ], [ 228184.345515442255419, 892574.040952533250675 ], [ 228156.810654336353764, 892605.687282172380947 ] ] ] } },
{ "type": "Feature", "properties": { "newname": "266_Frank W Thompson Middle School", "element": "way" }, "geometry": { "type": "Polygon", "coordinates": [ [ [ 234511.387699937506113, 892405.151072617969476 ], [ 234542.097522914147703, 892341.021957029821351 ], [ 234630.568639628821984, 892368.015220546978526 ], [ 234608.872754576965235, 892438.99726873380132 ], [ 234576.281271892396035, 892429.462178398272954 ], [ 234548.011094299610704, 892420.070642742794007 ], [ 234511.387699937506113, 892405.151072617969476 ] ] ] } },
{ "type": "Feature", "properties": { "newname": "267_Josiah Quincy Elementary School", "element": "way" }, "geometry": { "type": "Polygon", "coordinates": [ [ [ 235810.873046173830517, 899872.596681238617748 ], [ 235809.278802273795009, 899871.766581147210672 ], [ 235808.180050441325875, 899870.71685017622076 ], [ 235807.634692579507828, 899869.403351936605759 ], [ 235795.814447636599652, 899789.444789621280506 ], [ 235795.913793982937932, 899787.734695826191455 ], [ 235796.722524446639, 899785.872706180205569 ], [ 235797.6837877658254, 899784.800146728055552 ], [ 235799.16334426990943, 899783.885736570926383 ], [ 235869.598208657320356, 899755.997761385515332 ], [ 235873.007481220323825, 899756.381719731492922 ], [ 235874.266590300831012, 899756.688057116698474 ], [ 235875.489906349597732, 899757.549601559177972 ], [ 235877.238166924391408, 899758.880353228654712 ], [ 235878.335678645205917, 899760.174459800007753 ], [ 235878.972119832586031, 899761.39956593036186 ], [ 235896.746006745757768, 899851.563413943862543 ], [ 235896.195911186689045, 899852.793569236178882 ], [ 235895.093721814570017, 899854.032012493116781 ], [ 235893.401872810907662, 899854.567653357284144 ], [ 235890.51435239854618, 899855.286020832951181 ], [ 235889.084615871717688, 899848.058653957792558 ], [ 235881.38723787094932, 899843.531801710021682 ], [ 235878.055695291433949, 899844.070182635448873 ], [ 235877.554720662039472, 899842.134869172121398 ], [ 235870.657682644436136, 899837.389958766289055 ], [ 235869.778355517657474, 899838.551788906101137 ], [ 235866.223838068370242, 899839.189007531735115 ], [ 235864.905116571637336, 899832.806404734263197 ], [ 235861.390886749053607, 899833.621556084835902 ], [ 235860.954291564412415, 899831.986482778564095 ], [ 235853.521309609874152, 899833.770236546290107 ], [ 235853.917049489333294, 899835.338454203912988 ], [ 235851.639636323321611, 899835.982195695978589 ], [ 235852.77857625373872, 899842.075076217530295 ], [ 235844.094989599252585, 899851.583483720198274 ], [ 235850.293106307333801, 899864.122473471798003 ], [ 235810.873046173830517, 899872.596681238617748 ] ] ] } },
{ "type": "Feature", "properties": { "newname": "268_Josiah Quincy Upper School", "element": "way" }, "geometry": { "type": "Polygon", "coordinates": [ [ [ 235910.916647358244518, 899787.343905600719154 ], [ 235902.579845390457194, 899745.069489018758759 ], [ 236002.828678332647542, 899723.266776026692241 ], [ 236004.866786060563754, 899724.310241689905524 ], [ 236006.553882704494754, 899726.318287439411506 ], [ 236008.638587326364359, 899734.348793711513281 ], [ 235964.628108673146926, 899770.190437469165772 ], [ 235954.351625165087171, 899778.557562518399209 ], [ 235910.916647358244518, 899787.343905600719154 ] ] ] } },
{ "type": "Feature", "properties": { "newname": "269_Italian Home for Children School", "element": "way" }, "geometry": { "type": "Polygon", "coordinates": [ [ [ 230613.756734668888384, 894800.430731975939125 ], [ 230691.427539077791153, 894898.971972289262339 ], [ 230878.007483388879336, 894779.603927223477513 ], [ 230830.8582867642981, 894693.446107916533947 ], [ 230814.719943600706756, 894669.382866308558732 ], [ 230784.878931441751774, 894686.380172034958377 ], [ 230759.852516526734689, 894701.710297891520895 ], [ 230735.069883236166788, 894717.885759178549051 ], [ 230687.136616432107985, 894750.45510976226069 ], [ 230613.756734668888384, 894800.430731975939125 ] ] ] } },
{ "type": "Feature", "properties": { "newname": "270_Baldwin Early Learning Pilot Academy", "element": "way" }, "geometry": { "type": "Polygon", "coordinates": [ [ [ 229608.502990676875925, 899075.962084285216406 ], [ 229584.706316310795955, 899095.144899831269868 ], [ 229584.292901123291813, 899095.476391623029485 ], [ 229583.838097708503483, 899095.852140157716349 ], [ 229583.325051570864161, 899096.360936348093674 ], [ 229582.91945601219777, 899096.792430711095221 ], [ 229582.496819002204575, 899097.357146141584963 ], [ 229582.148110548325349, 899097.97771140281111 ], [ 229581.90703962102998, 899098.47654466656968 ], [ 229581.731750461098272, 899099.008977991528809 ], [ 229581.622383301379159, 899099.541688768891618 ], [ 229581.496301921724807, 899100.129867857089266 ], [ 229581.469337250629906, 899100.66292545106262 ], [ 229581.491720556223299, 899101.218406194937415 ], [ 229581.63770751998527, 899101.774407160235569 ], [ 229581.86586314975284, 899102.386292609851807 ], [ 229582.184567909134785, 899103.020774638280272 ], [ 229582.52012709734845, 899103.566465771058574 ], [ 229582.929567901068367, 899104.179114268976264 ], [ 229583.37234360788716, 899104.703041250817478 ], [ 229611.11720341880573, 899134.166500576538965 ], [ 229628.808029430278111, 899152.046748176217079 ], [ 229629.515936163224978, 899152.227456103311852 ], [ 229658.600429270765744, 899129.712566483765841 ], [ 229608.502990676875925, 899075.962084285216406 ] ] ] } },
{ "type": "Feature", "properties": { "newname": "271_Unknown", "element": "way" }, "geometry": { "type": "Polygon", "coordinates": [ [ [ 227914.668199890234973, 900148.880016781389713 ], [ 227847.770077204477275, 900150.014179760008119 ], [ 227845.626039953174768, 900088.102237114682794 ], [ 227881.262960455205757, 900085.444381320965476 ], [ 227911.974938333209138, 900086.410483062267303 ], [ 227914.668199890234973, 900148.880016781389713 ] ] ] } },
{ "type": "Feature", "properties": { "newname": "272_Unknown", "element": "way" }, "geometry": { "type": "Polygon", "coordinates": [ [ [ 228621.514223885518732, 893628.528598873177543 ], [ 228642.440827696118504, 893595.024370011291467 ], [ 228671.807289279997349, 893611.338903804193251 ], [ 228687.211107434646692, 893583.332780299941078 ], [ 228714.247509086359059, 893598.704949656268582 ], [ 228679.242273823736468, 893658.754277121974155 ], [ 228621.514223885518732, 893628.528598873177543 ] ] ] } },
{ "type": "Feature", "properties": { "newname": "273_Unknown", "element": "way" }, "geometry": { "type": "Polygon", "coordinates": [ [ [ 235517.004754895053338, 893460.283763337181881 ], [ 235544.520958030654583, 893397.475672853528522 ], [ 235492.542732710455311, 893375.531078506610356 ], [ 235482.440209670399781, 893375.480112259276211 ], [ 235405.855750845046714, 893390.478321681381203 ], [ 235403.175971811870113, 893392.008797751157545 ], [ 235401.327405088988598, 893397.16455278149806 ], [ 235402.129126027051825, 893405.010590503690764 ], [ 235405.006946229608729, 893419.84268373157829 ], [ 235408.487951090966817, 893424.614280820940621 ], [ 235414.2315933679929, 893427.164632300729863 ], [ 235418.441507286421256, 893428.030010140500963 ], [ 235517.004754895053338, 893460.283763337181881 ] ] ] } },
{ "type": "Feature", "properties": { "newname": "274_Unknown", "element": "way" }, "geometry": { "type": "Polygon", "coordinates": [ [ [ 235422.070198139204876, 892463.271666848333552 ], [ 235442.260672891978174, 892412.755866917199455 ], [ 235463.687780893233139, 892359.147332159103826 ], [ 235556.378427152638324, 892395.926030566683039 ], [ 235529.328603900212329, 892463.601480083540082 ], [ 235522.438689893169794, 892460.856425141450018 ], [ 235511.353276732668746, 892488.591764040756971 ], [ 235474.722106428467669, 892474.044785908539779 ], [ 235471.230306235898752, 892482.779995774151757 ], [ 235422.070198139204876, 892463.271666848333552 ] ] ] } }
]
}
